buyer_country,african_country,project_type,project_name,proponent,issued_credits,retired_credits,project_id,project_url
Unknown,DR Congo,REDD+,"Makanza Peatland Conservation Project, Democratic Republic of Congo",Congo Nature Tourbières (CNT),0.0,0.0,VCS6008,https://registry.verra.org/app/projectDetail/VCS/6008
Unknown,DR Congo,REDD+,"Ebuta Peatland Conservation Project, Democratic Republic of Congo",Congo Nature Tourbières (CNT),0.0,0.0,VCS6004,https://registry.verra.org/app/projectDetail/VCS/6004
Local/Unknown,Malawi,Unknown,CHANGU-CHANGU MOTO IMPROVED COOKSTOVES CARBON PROJECT IN MULANJE DISTRICT IN SOUTHERN MALAWI,Mulanje Mission Hospital (MMH),0.0,0.0,VCS5974,https://registry.verra.org/app/projectDetail/VCS/5974
Multiple (mixed),Kenya,Sustainable Agriculture,KENYA HIGHLANDS GROUPED CARBON PROJECT,Multiple Proponents,0.0,0.0,VCS5957,https://registry.verra.org/app/projectDetail/VCS/5957
Multiple (mixed),Senegal,Afforestation + Reforestation,Nganda Lifetree Agroforestry and Reforestation Project,Multiple Proponents,0.0,0.0,VCS5942,https://registry.verra.org/app/projectDetail/VCS/5942
Unknown,Kenya,Sustainable Agriculture,Agricentric Carbon Initiative,Regenarative Carbon Alliance Ltd,0.0,0.0,VCS5929,https://registry.verra.org/app/projectDetail/VCS/5929
United Kingdom,Rwanda,Unknown,Tubeho Neza Clean Cooking Programme – Rwanda,DelAgua Health Rwanda (Implementation) Limited,0.0,0.0,VCS5928,https://registry.verra.org/app/projectDetail/VCS/5928
United Kingdom,South Africa,Unknown,"CARBON CONSERVANCY – FARMS WEST OF MUSINA (PLOT 1: LIMPOPO SAFARIS), SOUTH AFRICA",Last Wild Sanctuaries (Pty) Ltd,0.0,0.0,VCS5924,https://registry.verra.org/app/projectDetail/VCS/5924
United States,Guinea,REDD+,Lamantin - Community-based mangrove conservation and restoration in Guinea,Blue Coast Carbon,0.0,0.0,VCS5922,https://registry.verra.org/app/projectDetail/VCS/5922
United States,Guinea,REDD+,Balbuzard - Community-based mangrove conservation and restoration in Guinea,Blue Coast Carbon,0.0,0.0,VCS5923,https://registry.verra.org/app/projectDetail/VCS/5923
Local/Unknown,Zambia,Renewable Energy,Maamba 100MW PV Solar Project,Maamba Solar Energy Limited,0.0,0.0,VCS5911,https://registry.verra.org/app/projectDetail/VCS/5911
Multiple (mixed),Sierra Leone,Afforestation + Reforestation,Sierra Leone PRIDO ARR-Agroforestry Program,Multiple Proponents,0.0,0.0,VCS5877,https://registry.verra.org/app/projectDetail/VCS/5877
United Kingdom,South Africa,Unknown,South African Electrification Programme,Motion Energy Group Pty Ltd,0.0,0.0,VCS5861,https://registry.verra.org/app/projectDetail/VCS/5861
United States,Rwanda,Afforestation + Reforestation,Tubura Forest Landscape Restoration Program,One Acre Fund,0.0,0.0,VCS5862,https://registry.verra.org/app/projectDetail/VCS/5862
United States,Malawi,Afforestation + Reforestation,One Acre Fund Munda Otsogola Program,One Acre Fund,0.0,0.0,VCS5863,https://registry.verra.org/app/projectDetail/VCS/5863
United States,Cameroon,Afforestation + Reforestation,Increasing Carbon Stocks through the Reforestation of the Communal Forests of Ndélélé and Bétaré-Oya,Terraformation Inc.,0.0,0.0,VCS5858,https://registry.verra.org/app/projectDetail/VCS/5858
United Kingdom,Guinea,Afforestation + Reforestation,Project Duiker | Forest Ecosystem Restoration in Eastern Guinea,Rainforest Builder Ltd.,0.0,0.0,VCS5853,https://registry.verra.org/app/projectDetail/VCS/5853
Multiple (mixed),Zambia,Unknown,Lunga Luswishi Carbon Enhancement Project,Multiple Proponents,0.0,0.0,VCS5848,https://registry.verra.org/app/projectDetail/VCS/5848
United Kingdom,South Africa,Unknown,EnviroServ Waste-to-Energy Grouped Project,EnviroServ Waste Management (Pty) Ltd,0.0,0.0,VCS5841,https://registry.verra.org/app/projectDetail/VCS/5841
Local/Unknown,South Africa,Unknown,Scaw Electric Arc Furnace Efficiency Project,Scaw South Africa (Pty) Limited,0.0,0.0,VCS5827,https://registry.verra.org/app/projectDetail/VCS/5827
United Kingdom,Tanzania,Unknown,Mwenga Hydro Power Project,Rift Valley Energy Tanzania Ltd.,0.0,0.0,VCS5822,https://registry.verra.org/app/projectDetail/VCS/5822
Local/Unknown,Senegal,Afforestation + Reforestation,Forêts d'Avenir,Lignaverda (Driven by Ondernemers Zonder Grenzen),0.0,0.0,VCS5823,https://registry.verra.org/app/projectDetail/VCS/5823
France,Togo,Afforestation + Reforestation,Avé Ga Grouped Project,Reforest'Action,0.0,0.0,VCS5818,https://registry.verra.org/app/projectDetail/VCS/5818
United Kingdom,South Africa,Unknown,Bio2Watt Bronkhorstspruit Biogas project,Bronkhorstspruit Biogas Plant (Pty) Ltd.,0.0,0.0,VCS5815,https://registry.verra.org/app/projectDetail/VCS/5815
United Kingdom,South Africa,Afforestation + Reforestation,Return to Thicket Restoration Project,Return to Thicket (Pty) Ltd.,0.0,0.0,VCS5808,https://registry.verra.org/app/projectDetail/VCS/5808
Australia,Tanzania,Afforestation + Reforestation,Tausi Tanzania,New Forests Company Holdings I Limited,0.0,0.0,VCS5806,https://registry.verra.org/app/projectDetail/VCS/5806
Multiple (mixed),Tanzania,Afforestation + Reforestation,Suledo Community ARR Project (Mradi wa jamii wa Suledo wa Hewa kaboni),Multiple Proponents,0.0,0.0,VCS5802,https://registry.verra.org/app/projectDetail/VCS/5802
Local/Unknown,Sierra Leone,Sustainable Agriculture,Improved Agricultural Land Management in Sierra Leone,Teralytic,0.0,0.0,VCS5803,https://registry.verra.org/app/projectDetail/VCS/5803
European Union,Togo,Afforestation + Reforestation,Togo Green Renaissance With Farmers and Schools,Reboisement et exploitation des forets SARL,0.0,0.0,VCS5792,https://registry.verra.org/app/projectDetail/VCS/5792
India,Ghana,Unknown,Organic residues for a greener future,OYU Green Private Limited,0.0,0.0,VCS5787,https://registry.verra.org/app/projectDetail/VCS/5787
Local/Unknown,South Africa,Unknown,Scaw Rooftop Solar PV Grouped Project,Scaw South Africa (Pty) Limited,0.0,0.0,VCS5785,https://registry.verra.org/app/projectDetail/VCS/5785
Netherlands,Morocco,Unknown,Electric Mobility Program Morocco,Zeroca B.V.,0.0,0.0,VCS5782,https://registry.verra.org/app/projectDetail/VCS/5782
United States,Zambia,Afforestation + Reforestation,The Ecopreneur Movement – Miombo Woodland Restoration Project,Community Climate Solutions,0.0,0.0,VCS5779,https://registry.verra.org/app/projectDetail/VCS/5779
United Kingdom,South Africa,Unknown,Hedmenn Strauss Solar PV Grouped Project,Hedmenn Strauss (Pty) Ltd.,0.0,0.0,VCS5775,https://registry.verra.org/app/projectDetail/VCS/5775
India,South Africa,Unknown,Thirst for Life: A Clean Water Initiative,OYU Green Private Limited,0.0,0.0,VCS5771,https://registry.verra.org/app/projectDetail/VCS/5771
Netherlands,Nigeria,Unknown,Electric Mobility Program Nigeria,Zeroca B.V.,0.0,0.0,VCS5762,https://registry.verra.org/app/projectDetail/VCS/5762
China,Gabon,REDD+,Grande Sun Gabon Ogooué-Ivindo REDD+ Project,"Hainan Grande Sun Carbon Energy Technology Co.,LTD",0.0,0.0,VCS5763,https://registry.verra.org/app/projectDetail/VCS/5763
Netherlands,Tanzania,Afforestation + Reforestation,Acorn - Kaderes Smallholder Agroforestry in Tanzania,Acorn B.V.,0.0,0.0,VCS5760,https://registry.verra.org/app/projectDetail/VCS/5760
Multiple (mixed),Ethiopia,Unknown,Grouped Solar Lamp distribution project in Africa#1,Multiple Proponents,0.0,0.0,VCS5757,https://registry.verra.org/app/projectDetail/VCS/5757
Local/Unknown,Egypt,Afforestation + Reforestation,Go Green Jojoba Afforestation Project,Egyptian Carbon Center (ECC),0.0,0.0,VCS5758,https://registry.verra.org/app/projectDetail/VCS/5758
European Union,Madagascar,Afforestation + Reforestation,SATROKALA ARR GROUPED PROJECT,JTF Madagascar Sarl,0.0,0.0,VCS5755,https://registry.verra.org/app/projectDetail/VCS/5755
United Kingdom,South Africa,Unknown,CARBON DISCLOSURE SA SOLAR PV GROUPED PROJECT 2,Carbon Disclosure South Africa (Pty) Ltd,0.0,0.0,VCS5753,https://registry.verra.org/app/projectDetail/VCS/5753
European Union,Nigeria,Unknown,Electric Trucks and Mobile Machinery Project Nigeria,Sunray Carbon Intralogistics GmbH,0.0,0.0,VCS5750,https://registry.verra.org/app/projectDetail/VCS/5750
Netherlands,Kenya,Unknown,Electric Mobility Program Kenya,Zeroca B.V.,0.0,0.0,VCS5749,https://registry.verra.org/app/projectDetail/VCS/5749
United Kingdom,Lesotho,Unknown,Methane emissions reduction through feed supplement for ruminant animals in Lesotho by AgCoTech,AgCoTech Holdings Pty Ltd,0.0,0.0,VCS5734,https://registry.verra.org/app/projectDetail/VCS/5734
Local/Unknown,Malawi,Afforestation + Reforestation,MoRe Malawi ARR Project,Mamaland Company,0.0,0.0,VCS5730,https://registry.verra.org/app/projectDetail/VCS/5730
Local/Unknown,Malawi,REDD+,MoRe Malawi REDD Project,Mamaland Company,0.0,0.0,VCS5732,https://registry.verra.org/app/projectDetail/VCS/5732
United Kingdom,Kenya,Unknown,Methane emissions reduction through feed supplement for ruminant animals in Kenya by AgCoTech,AgCoTech Holdings Pty Ltd,0.0,0.0,VCS5727,https://registry.verra.org/app/projectDetail/VCS/5727
United States,Zambia,Afforestation + Reforestation,Zambia Smallholder Carbon-Linked Agroforestry Project,One Acre Fund Limited.,0.0,0.0,VCS5726,https://registry.verra.org/app/projectDetail/VCS/5726
Local/Unknown,Ghana,Sustainable Agriculture,"Improved Agricultural Land Management for Verified Carbon Emission Reduction and Removal in Wa West and Daffiama-Bussie-Issah (DBI) Districts, Ghana",Eco-Bliss Climate Limited,0.0,0.0,VCS5725,https://registry.verra.org/app/projectDetail/VCS/5725
Local/Unknown,Sierra Leone,Unknown,Mangrove Conservation Sierra Leone,Mangrove Conservation (SL) Limited,0.0,0.0,VCS5720,https://registry.verra.org/app/projectDetail/VCS/5720
United Kingdom,Ghana,Sustainable Agriculture,NADOWLI-KALEO CLIMATE-SMART AGRICULTURE CARBON PROJECT,Axam Resources ltd,0.0,0.0,VCS5705,https://registry.verra.org/app/projectDetail/VCS/5705
Local/Unknown,South Africa,Unknown,KwaZulu-Natal Sustainable Landscapes Program (KZNSLP),Sayari Earth Limited,0.0,0.0,VCS5703,https://registry.verra.org/app/projectDetail/VCS/5703
Local/Unknown,Tanzania,Unknown,"Improved Cookstove Initiative in Karatu District, Tanzania",TANJA Corporation Limited,0.0,0.0,VCS5692,https://registry.verra.org/app/projectDetail/VCS/5692
Local/Unknown,South Africa,Sustainable Agriculture,Karoo Sustainable Landscapes Program (KSLP),Sayari Earth Limited,0.0,0.0,VCS5689,https://registry.verra.org/app/projectDetail/VCS/5689
European Union,Tanzania,REDD+,Igombe REDD+ Project,EcoNetix GmbH,0.0,0.0,VCS5679,https://registry.verra.org/app/projectDetail/VCS/5679
Local/Unknown,Kenya,Afforestation + Reforestation,MISITU ARR PROJECT - MT. KENYA REGION,AKILI HOLDINGS LIMITED,0.0,0.0,VCS5676,https://registry.verra.org/app/projectDetail/VCS/5676
Local/Unknown,DR Congo,REDD+,Lisala REDD+ Project,Taranis Operations Limited,0.0,0.0,VCS5671,https://registry.verra.org/app/projectDetail/VCS/5671
Local/Unknown,DR Congo,REDD+,Lukolela REDD+ Project,Taranis Operations Limited,0.0,0.0,VCS5672,https://registry.verra.org/app/projectDetail/VCS/5672
United Kingdom,South Africa,Landfill,EnviroServ LFG Grouped Project,EnviroServ Waste Management (Pty) Ltd,0.0,0.0,VCS5666,https://registry.verra.org/app/projectDetail/VCS/5666
United Kingdom,South Africa,Unknown,A-Gas South Africa 2,"A-Gas South Africa (Pty), Ltd.",0.0,0.0,VCS5668,https://registry.verra.org/app/projectDetail/VCS/5668
Local/Unknown,Kenya,Afforestation + Reforestation,Tukuze,ETG Climate Solutions SA,0.0,0.0,VCS5660,https://registry.verra.org/app/projectDetail/VCS/5660
United Kingdom,Zambia,REDD+,Lumwana REDD+ Project,Lumwana Mining Company Ltd.,0.0,0.0,VCS5655,https://registry.verra.org/app/projectDetail/VCS/5655
India,South Africa,Sustainable Agriculture,Carbon Smart Farming Initiative,OYU Green Private Limited,0.0,0.0,VCS5651,https://registry.verra.org/app/projectDetail/VCS/5651
United Kingdom,South Africa,Unknown,Mkomazi Alienfuel Avoided Landfilling Project,Mkomazi Alienfuel (Pty) Ltd.,0.0,0.0,VCS5646,https://registry.verra.org/app/projectDetail/VCS/5646
India,Uganda,Afforestation + Reforestation,Oyu – Green Growth Uganda,OYU Green Private Limited,0.0,0.0,VCS5643,https://registry.verra.org/app/projectDetail/VCS/5643
Multiple (mixed),South Africa,Renewable Energy,iKapa Solar PV and BESS 240 MWp Project,Multiple Proponents,0.0,0.0,VCS5630,https://registry.verra.org/app/projectDetail/VCS/5630
European Union,Gabon,Unknown,MANDJI IMPROVEMENT,Compagnie des Bois du Gabon,0.0,0.0,VCS5624,https://registry.verra.org/app/projectDetail/VCS/5624
European Union,Gabon,Unknown,MANDJI PROTECTION,Compagnie des Bois du Gabon,0.0,0.0,VCS5625,https://registry.verra.org/app/projectDetail/VCS/5625
Local/Unknown,South Africa,Unknown,FirstSolar Programme,FirstRand Bank Limited,0.0,0.0,VCS5621,https://registry.verra.org/app/projectDetail/VCS/5621
United Kingdom,South Africa,Unknown,Broadreach Yield Solar PV Grouped Project,Broadreach Yield Pty Ltd,0.0,0.0,VCS5619,https://registry.verra.org/app/projectDetail/VCS/5619
Local/Unknown,Malawi,Afforestation + Reforestation,Regenerative Agriculture and Forestry Technologies (RAFT),Bridge Carbon NBS Private Limited,0.0,0.0,VCS5615,https://registry.verra.org/app/projectDetail/VCS/5615
Multiple (mixed),Egypt,Unknown,Abu Minqar Solar PV Projects,Multiple Proponents,0.0,0.0,VCS5606,https://registry.verra.org/app/projectDetail/VCS/5606
United Kingdom,South Africa,Unknown,Decentral Energy Group Project,Fuel Switch SA (Pty) Ltd,0.0,0.0,VCS5596,https://registry.verra.org/app/projectDetail/VCS/5596
United Kingdom,South Africa,Unknown,Fuel Switch Open Call: Accelerating Access to Clean Energy,Fuel Switch SA (Pty) Ltd,0.0,0.0,VCS5597,https://registry.verra.org/app/projectDetail/VCS/5597
Local/Unknown,Nigeria,Sustainable Agriculture,TOURBA PROJECT – IMPROVED AGRICULTURE PRACTICES IN NIGERIA,Tourba Carbon Farming Nigeria Limited,0.0,0.0,VCS5568,https://registry.verra.org/app/projectDetail/VCS/5568
India,South Africa,Unknown,Imvelo Safe Kitchen,OYU GREEN PTE LTD,0.0,0.0,VCS5547,https://registry.verra.org/app/projectDetail/VCS/5547
India,South Africa,Unknown,Clean Waste Collective,OYU Green Private Limited,0.0,0.0,VCS5548,https://registry.verra.org/app/projectDetail/VCS/5548
Netherlands,South Africa,Unknown,Electric Mobility Program South Africa,Zeroca B.V.,0.0,0.0,VCS5546,https://registry.verra.org/app/projectDetail/VCS/5546
Multiple (mixed),South Africa,Unknown,Decarb.earth RSA Solar,Multiple Proponents,0.0,0.0,VCS5536,https://registry.verra.org/app/projectDetail/VCS/5536
Local/Unknown,Central African Republic,Afforestation + Reforestation,"Pama project, Central African Republic",FRM COMMITMENT,0.0,0.0,VCS5523,https://registry.verra.org/app/projectDetail/VCS/5523
United States,Ghana,Unknown,Blue Flame for Commercial Kitchens in Ghana,Envirofit International Inc.,0.0,0.0,VCS5521,https://registry.verra.org/app/projectDetail/VCS/5521
United States,Ethiopia,Sustainable Agriculture,AfriScout Regenerative Grazing Project,AfriScout LLC,0.0,0.0,VCS5517,https://registry.verra.org/app/projectDetail/VCS/5517
Local/Unknown,South Africa,Unknown,uMkhanyakude Restoration Project,Afriwild Carbon Developments,0.0,0.0,VCS5506,https://registry.verra.org/app/projectDetail/VCS/5506
Multiple (mixed),Kenya,Unknown,Kenya Smart Cooking Solutions,Multiple Proponents,0.0,0.0,VCS5508,https://registry.verra.org/app/projectDetail/VCS/5508
Multiple (mixed),South Africa,Renewable Energy,Scatec RMI Hybrid Cluster,Multiple Proponents,76226.0,102.0,VCS5488,https://registry.verra.org/app/projectDetail/VCS/5488
United Kingdom,South Africa,Unknown,Green Mpumalanga Project (GMP),Regoapele Capital (PTY) LTD,0.0,0.0,VCS5486,https://registry.verra.org/app/projectDetail/VCS/5486
United States,Uganda,Afforestation + Reforestation,Lake Victoria Watershed Agroforestry Carbon Project II,Trees for the Future Inc.,0.0,0.0,VCS5483,https://registry.verra.org/app/projectDetail/VCS/5483
Local/Unknown,Tanzania,Unknown,TanzaBlue,Blue Forest,0.0,0.0,VCS5457,https://registry.verra.org/app/projectDetail/VCS/5457
Local/Unknown,Guinea-Bissau,Unknown,BissauBlue,Blue Forest,0.0,0.0,VCS5456,https://registry.verra.org/app/projectDetail/VCS/5456
India,Kenya,Sustainable Agriculture,Kenya Climate Smart Agriculture Program,OYU Green Private Limited,0.0,0.0,VCS5451,https://registry.verra.org/app/projectDetail/VCS/5451
United Kingdom,South Africa,Unknown,Solareff Rooftop PV Project,Solareff (Pty) Ltd.,0.0,0.0,VCS5444,https://registry.verra.org/app/projectDetail/VCS/5444
India,South Africa,Unknown,OYU - Powering South African SMEs with Clean Energy,OYU Green Private Limited,0.0,0.0,VCS5441,https://registry.verra.org/app/projectDetail/VCS/5441
United Kingdom,Ghana,Afforestation + Reforestation,Kwahu Landscape Restoration Project,AJA CLIMATE SOLUTIONS PTE. LTD.,0.0,0.0,VCS5432,https://registry.verra.org/app/projectDetail/VCS/5432
United States,Ghana,Afforestation + Reforestation,Project Colobus | Forest Ecosystem Restoration In Eastern Ghana,RAINFOREST COLOBUS LTD.,0.0,0.0,VCS5433,https://registry.verra.org/app/projectDetail/VCS/5433
Multiple (mixed),Guinea,REDD+,Community-Based Mangrove Conservation and Restoration in Guinea,Multiple Proponents,0.0,0.0,VCS5427,https://registry.verra.org/app/projectDetail/VCS/5427
United Kingdom,Ghana,Afforestation + Reforestation,Atebubu and Wiase Forest Landscape Restoration Project,iNovaLand Investment Ltd,0.0,0.0,VCS5404,https://registry.verra.org/app/projectDetail/VCS/5404
Local/Unknown,Liberia,REDD+,Wonegizi REDD+ Pilot Project,Fauna & Flora International,0.0,0.0,VCS5396,https://registry.verra.org/app/projectDetail/VCS/5396
Local/Unknown,Tanzania,Afforestation + Reforestation,One Acre Fund Tanzania Agroforestry Program,One Acre Tanzania Limited,0.0,0.0,VCS5384,https://registry.verra.org/app/projectDetail/VCS/5384
Multiple (mixed),South Africa,Unknown,Stealth Energy Efficient Lighting Project,Multiple Proponents,0.0,0.0,VCS5380,https://registry.verra.org/app/projectDetail/VCS/5380
Multiple (mixed),South Africa,Unknown,Alien Energy Biomass Waste to Energy Project,Multiple Proponents,0.0,0.0,VCS5381,https://registry.verra.org/app/projectDetail/VCS/5381
Multiple (mixed),Kenya,Distributed Solar,Solar Light for Rural Kenya,Multiple Proponents,0.0,0.0,VCS5373,https://registry.verra.org/app/projectDetail/VCS/5373
Local/Unknown,Egypt,Wetland,Conservation and Restoration of Mangroves in the Coastal Blue Carbon Ecosystem of Egypt,Environment Without Borders Foundation (EWBF),0.0,0.0,VCS5365,https://registry.verra.org/app/projectDetail/VCS/5365
United Kingdom,South Africa,Unknown,Fuel Switch Group Project: Accelerating Access to Clean Energy,Fuel Switch SA (Pty) Ltd,0.0,0.0,VCS5367,https://registry.verra.org/app/projectDetail/VCS/5367
United Kingdom,Sierra Leone,Afforestation + Reforestation,PROJECT BUFFALO | WESTERN GUINEAN LOWLAND FOREST ECOSYSTEM RESTORATION,Rainforest Builder Ltd.,0.0,0.0,VCS5351,https://registry.verra.org/app/projectDetail/VCS/5351
United States,South Africa,Afforestation + Reforestation,THE SOUTPANSBERG RESTORATION AND CONSERVATION,Few & Far LLC,0.0,0.0,VCS5345,https://registry.verra.org/app/projectDetail/VCS/5345
Multiple (mixed),South Africa,Centralized Solar,De Aar Hydra Storage,Multiple Proponents,0.0,0.0,VCS5337,https://registry.verra.org/app/projectDetail/VCS/5337
Local/Unknown,Sierra Leone,Cookstove,Improved cookstoves distribution in Sierra Leone - Northern region,Eni S.p.A.,0.0,0.0,VCS5319,https://registry.verra.org/app/projectDetail/VCS/5319
Local/Unknown,Sierra Leone,Cookstove,Improved cookstoves distribution in Sierra Leone - Southern region,Eni S.p.A.,0.0,0.0,VCS5320,https://registry.verra.org/app/projectDetail/VCS/5320
Multiple (mixed),South Africa,Renewable Energy,Oya Hybrid Project,Multiple Proponents,0.0,0.0,VCS5312,https://registry.verra.org/app/projectDetail/VCS/5312
Local/Unknown,Nigeria,Afforestation + Reforestation,Gashaka Gumti Forest Carbon Project,Africa Nature Investors (ANI) Foundation,0.0,0.0,VCS5308,https://registry.verra.org/app/projectDetail/VCS/5308
Local/Unknown,Tanzania,Afforestation + Reforestation,The Rubeho Mountains Carbon Project,Compassionate Carbon TZ,0.0,0.0,VCS5282,https://registry.verra.org/app/projectDetail/VCS/5282
Multiple (mixed),South Africa,Centralized Solar,QK Solar PV Grouped Project,Multiple Proponents,0.0,0.0,VCS5279,https://registry.verra.org/app/projectDetail/VCS/5279
Local/Unknown,Malawi,Sustainable Agriculture,Agricultural Land Management in Malawi,Teralytic,0.0,0.0,VCS5276,https://registry.verra.org/app/projectDetail/VCS/5276
Multiple (mixed),South Africa,Renewable Energy,Umoyilanga Hybrid Project,Multiple Proponents,0.0,0.0,VCS5272,https://registry.verra.org/app/projectDetail/VCS/5272
Local/Unknown,South Africa,Centralized Solar,Primary Carbon Solar PV Grouped Project,Primary Carbon,0.0,0.0,VCS5270,https://registry.verra.org/app/projectDetail/VCS/5270
United Kingdom,Zambia,REDD+,Zambruss REDD+ Project,Zambruss Enterprises Ltd,0.0,0.0,VCS5271,https://registry.verra.org/app/projectDetail/VCS/5271
Multiple (mixed),Nigeria,Wetland,Carbon Mosaic Conservation and Restoration of Mangroves in Delta State,Multiple Proponents,0.0,0.0,VCS5224,https://registry.verra.org/app/projectDetail/VCS/5224
United Kingdom,Madagascar,Biochar,Biochar Production Project-1 by WeAct in Madagascar,WeAct Pty Ltd.,0.0,0.0,VCS5220,https://registry.verra.org/app/projectDetail/VCS/5220
United Kingdom,South Africa,Lighting,Small Scale LED Lighting Grouped Project in South Africa,Energy LED (Pty) Ltd,0.0,0.0,VCS5208,https://registry.verra.org/app/projectDetail/VCS/5208
Multiple (mixed),Rwanda,Cookstove,Improved cookstove distribution in Rwanda,Multiple Proponents,0.0,0.0,VCS5196,https://registry.verra.org/app/projectDetail/VCS/5196
European Union,Djibouti,Wetland,Djibouti Mangrove Restoration Program,Sovereign Carbon Agency,0.0,0.0,VCS5192,https://registry.verra.org/app/projectDetail/VCS/5192
Multiple (mixed),Ethiopia,Afforestation + Reforestation,CATALYZING COMMUNITY RESILIENCE  THROUGH CARBON FINANCE IN  ETHIOPIAN AFROMONTANE FORESTS,Multiple Proponents,0.0,0.0,VCS5191,https://registry.verra.org/app/projectDetail/VCS/5191
United Kingdom,Zambia,REDD+,Lavushimanda Community Conservation Project,WeForest Zambia Ltd,0.0,0.0,VCS5177,https://registry.verra.org/app/projectDetail/VCS/5177
United Kingdom,Ghana,Afforestation + Reforestation,Project Akwaaba | Forest Ecosystem Restoration in Ghana,Rainforest Builder Ltd.,0.0,0.0,VCS5172,https://registry.verra.org/app/projectDetail/VCS/5172
Local/Unknown,Madagascar,Afforestation + Reforestation,Fagnako: Agroforestry project in Madagascar,Canopy Energies,0.0,0.0,VCS5160,https://registry.verra.org/app/projectDetail/VCS/5160
Multiple (mixed),Zambia,REDD+,Kafue Zambezi Community Forest Project,Multiple Proponents,0.0,0.0,VCS5153,https://registry.verra.org/app/projectDetail/VCS/5153
Local/Unknown,Senegal,Afforestation + Reforestation,Tamba 20000,Hommes et Terre Global,0.0,0.0,VCS5148,https://registry.verra.org/app/projectDetail/VCS/5148
Local/Unknown,Cote d'Ivoire,Afforestation + Reforestation,N’zi–Mafa Forest Restoration Project,hummingbirds,0.0,0.0,VCS5145,https://registry.verra.org/app/projectDetail/VCS/5145
Multiple (mixed),South Africa,Centralized Solar,Redstone CSP project,Multiple Proponents,0.0,0.0,VCS5146,https://registry.verra.org/app/projectDetail/VCS/5146
United Kingdom,Kenya,Afforestation + Reforestation,KUZA MITI AGROFORESTRY CARBON PROJECT IN KENYA,One Carbon World Ltd.,0.0,0.0,VCS5142,https://registry.verra.org/app/projectDetail/VCS/5142
United Kingdom,DR Congo,Afforestation + Reforestation,Grand Katanga Reforestation Project,Carbon Ventures Africa Ltd.,0.0,0.0,VCS5137,https://registry.verra.org/app/projectDetail/VCS/5137
United Kingdom,South Africa,Centralized Solar,Omnia Solar PV Group Project,Omnia Group (Pty) Ltd,0.0,0.0,VCS5132,https://registry.verra.org/app/projectDetail/VCS/5132
Local/Unknown,Madagascar,Cookstove,Masaka - Locally made cookstoves in Madagascar,Madaprojects SRL SB,0.0,0.0,VCS5126,https://registry.verra.org/app/projectDetail/VCS/5126
Local/Unknown,Namibia,Grassland Management,"Regeneration of the Kunene Highlands Elephant Landscape, Namibia",CC Nature Limited,0.0,0.0,VCS5128,https://registry.verra.org/app/projectDetail/VCS/5128
India,Kenya,Distributed Solar,OYU - Powering Kenyan SMEs with Clean Energy,OYU Green Private Limited,0.0,0.0,VCS5113,https://registry.verra.org/app/projectDetail/VCS/5113
Local/Unknown,Uganda,Clean Water,Grouped Projects for Safe Water Program in Uganda,Evidence Action,22619.0,0.0,VCS5114,https://registry.verra.org/app/projectDetail/VCS/5114
Local/Unknown,Malawi,Clean Water,Grouped Projects for Safe Water Program in Malawi,Evidence Action,12653.0,0.0,VCS5115,https://registry.verra.org/app/projectDetail/VCS/5115
Local/Unknown,Madagascar,Afforestation + Reforestation,TERAKA MADAGASCAR: SMALLHOLDER TREE PLANTING PROGRAM,ITERAKA,0.0,0.0,VCS5107,https://registry.verra.org/app/projectDetail/VCS/5107
Multiple (mixed),South Africa,Biomass,FX Group Biomass to Energy Project,Multiple Proponents,0.0,0.0,VCS5102,https://registry.verra.org/app/projectDetail/VCS/5102
Local/Unknown,Uganda,Afforestation + Reforestation,Mount Kei Reforestation Project,Equatoria Forestry Company,0.0,0.0,VCS5090,https://registry.verra.org/app/projectDetail/VCS/5090
United Kingdom,South Africa,Ozone Depleting Substances,A-Gas South Africa 1,"A-Gas South Africa (Pty), Ltd.",163156.0,0.0,VCS5089,https://registry.verra.org/app/projectDetail/VCS/5089
Local/Unknown,Burkina Faso,Afforestation + Reforestation,Tond Tenga,Tree Aid,0.0,0.0,VCS5085,https://registry.verra.org/app/projectDetail/VCS/5085
United States,Zambia,Clean Water,Safe Water Supply in Zambia,Offset Financial Holdings LLC,20231.0,0.0,VCS5082,https://registry.verra.org/app/projectDetail/VCS/5082
Local/Unknown,Ethiopia,Afforestation + Reforestation,ETHIOPIA AGROFORESTRY PROJECT ON SMALL-SCALE COFFEE PARCELS,The PURE PROJECT SAS,0.0,0.0,VCS5054,https://registry.verra.org/app/projectDetail/VCS/5054
European Union,Rwanda,Sustainable Agriculture,East Africa Soil and Biodiversity improvement project,eAgronom Africa OÜ,0.0,0.0,VCS5042,https://registry.verra.org/app/projectDetail/VCS/5042
Multiple (mixed),Nigeria,REDD+,Nigeria Community-based Forestry Project,Multiple Proponents,0.0,0.0,VCS5038,https://registry.verra.org/app/projectDetail/VCS/5038
United Kingdom,South Africa,Afforestation + Reforestation,SPEKBOOM RESTORATION PROJECT BEKA EMVA IGWANISHE - ISIXHOSA,Imperative South Africa Projects Pty Ltd,0.0,0.0,VCS5027,https://registry.verra.org/app/projectDetail/VCS/5027
United Kingdom,South Africa,Centralized Solar,Small Scale Solar Grouped Project in South Africa,Catalyst Incentive Solutions (Pty) Ltd,0.0,0.0,VCS5023,https://registry.verra.org/app/projectDetail/VCS/5023
India,Uganda,Cookstove,OYU - Clean Cooking in Uganda,OYU Green Private Limited,119833.0,0.0,VCS4997,https://registry.verra.org/app/projectDetail/VCS/4997
Multiple (mixed),Kenya,Grassland Management,Entooma Sidai: A Maasai Mara Rangeland Restoration and Conservation Project,Multiple Proponents,0.0,0.0,VCS4994,https://registry.verra.org/app/projectDetail/VCS/4994
Local/Unknown,Zambia,REDD+,COMACO South Landscape Management Project,Community Markets for Conservation (COMACO),0.0,0.0,VCS4987,https://registry.verra.org/app/projectDetail/VCS/4987
Local/Unknown,Madagascar,Cookstove,Madagascar Improved Cook Stove Project by KCM-Wood#CPA-W-009 - CER Conversion,Converted from other GHG program,331.0,0.0,VCS4976,https://registry.verra.org/app/projectDetail/VCS/4976
Local/Unknown,Madagascar,Cookstove,Madagascar Improved Cook Stove Project by KCM-Wood#CPA-W-006 - CER Conversion,Converted from other GHG program,3656.0,34.0,VCS4977,https://registry.verra.org/app/projectDetail/VCS/4977
Local/Unknown,Madagascar,Cookstove,Madagascar Improved Cook Stove Project by KCM-Wood#CPA-W-007 - CER Conversion,Converted from other GHG program,2373.0,0.0,VCS4978,https://registry.verra.org/app/projectDetail/VCS/4978
Local/Unknown,Madagascar,Cookstove,Madagascar Improved Cook Stove Project by KCM-Wood#CPA-W-008 - CER Conversions,Converted from other GHG program,373.0,0.0,VCS4979,https://registry.verra.org/app/projectDetail/VCS/4979
Local/Unknown,Madagascar,Cookstove,Madagascar Improved Cookstove Project by KCM-Wood#CPA-W-001 - CER Conversion,Converted from other GHG program,9200.0,938.0,VCS4971,https://registry.verra.org/app/projectDetail/VCS/4971
Local/Unknown,Madagascar,Cookstove,Madagascar Improved Cookstove Project by KCM-Wood#CPA-W-002 - CER Conversion,Converted from other GHG program,11485.0,3686.0,VCS4972,https://registry.verra.org/app/projectDetail/VCS/4972
Local/Unknown,Madagascar,Cookstove,Madagascar Improved Cookstove Project by KCM-Wood#CPA-W-003 - CER Conversion,Converted from other GHG program,8346.0,2604.0,VCS4973,https://registry.verra.org/app/projectDetail/VCS/4973
Local/Unknown,Madagascar,Cookstove,Madagascar Improved Cookstove Project by KCM-Wood#CPA-W-004 - CER Conversion,Converted from other GHG program,4206.0,0.0,VCS4974,https://registry.verra.org/app/projectDetail/VCS/4974
Local/Unknown,Madagascar,Cookstove,Madagascar Improved Cookstove Project by KCM-Wood#CPA-W-005 - CER Conversion,Converted from other GHG program,3583.0,0.0,VCS4975,https://registry.verra.org/app/projectDetail/VCS/4975
Local/Unknown,DR Congo,REDD+,Nkuba REDD+ Project,Dian Fossey Gorilla Fund,0.0,0.0,VCS4968,https://registry.verra.org/app/projectDetail/VCS/4968
Local/Unknown,Mozambique,REDD+,Yambone REDD+ Project,Carbonsink Moçambique Lda (CSG Mozambique),0.0,0.0,VCS4966,https://registry.verra.org/app/projectDetail/VCS/4966
United Kingdom,Ghana,Afforestation + Reforestation,Ghana Wli Agorviefe Afforestation Project,Infused SeedBall Ltd.,0.0,0.0,VCS4946,https://registry.verra.org/app/projectDetail/VCS/4946
Multiple (mixed),Morocco,Afforestation + Reforestation,TAFILALET AGROFORESTRY SYSTEM  MOROCCO,Multiple Proponents,0.0,0.0,VCS4935,https://registry.verra.org/app/projectDetail/VCS/4935
Local/Unknown,Tanzania,Grassland Management,Longido and Monduli Rangelands Carbon Project,Soils for the Future Tanzania,0.0,0.0,VCS4924,https://registry.verra.org/app/projectDetail/VCS/4924
Local/Unknown,Zambia,Grassland Management,Mafisa Livestock Grazing Carbon Project,ZayoHub Zambia,0.0,0.0,VCS4915,https://registry.verra.org/app/projectDetail/VCS/4915
Local/Unknown,Cameroon,Afforestation + Reforestation,Project to Restore Degraded Lands by Planting Forest and Fruit Trees in Northern Cameroon,S2 Services,0.0,0.0,VCS4913,https://registry.verra.org/app/projectDetail/VCS/4913
India,Kenya,Afforestation + Reforestation,OYU - Reforesting Kenya for a better tomorrow,OYU Green Private Limited,0.0,0.0,VCS4898,https://registry.verra.org/app/projectDetail/VCS/4898
Multiple (mixed),Uganda,Afforestation + Reforestation,Sustainable Wood by NFB,Multiple Proponents,0.0,0.0,VCS4899,https://registry.verra.org/app/projectDetail/VCS/4899
Multiple (mixed),Uganda,Afforestation + Reforestation,OYU - Tenera Plantations by BIDCO,Multiple Proponents,0.0,0.0,VCS4900,https://registry.verra.org/app/projectDetail/VCS/4900
India,Uganda,Afforestation + Reforestation,OYU - Reforesting Uganda for a better tomorrow,OYU Green Private Limited,304207.0,0.0,VCS4888,https://registry.verra.org/app/projectDetail/VCS/4888
European Union,Uganda,Afforestation + Reforestation,NATURAL FOREST REGENERATION FOR ENHANCED CARBON STOCKS IN THE ALBERTINE RIFT (FRECAR),World Wide Fund for Nature Denmark / Verdensnaturfonden,0.0,0.0,VCS4889,https://registry.verra.org/app/projectDetail/VCS/4889
United States,Ghana,Wetland,Regenerative Development of Anlo Wetlands Project,Terraformation Inc.,0.0,0.0,VCS4890,https://registry.verra.org/app/projectDetail/VCS/4890
Multiple (mixed),Malawi,Afforestation + Reforestation,Smallholder Reforestation in Malawi,Multiple Proponents,0.0,0.0,VCS4891,https://registry.verra.org/app/projectDetail/VCS/4891
Multiple (mixed),Uganda,Afforestation + Reforestation,Uganda Native Reforestation and Agroforestry Project,Multiple Proponents,0.0,0.0,VCS4882,https://registry.verra.org/app/projectDetail/VCS/4882
Multiple (mixed),Cameroon,Afforestation + Reforestation,Agroforestry Project of Cameroon,Multiple Proponents,0.0,0.0,VCS4883,https://registry.verra.org/app/projectDetail/VCS/4883
Local/Unknown,Mozambique,Cookstove,IMPROVED COOKSTOVES DISTRIBUTION IN MOZAMBIQUE – MAPUTO,Eni S.p.A,49915.0,0.0,VCS4878,https://registry.verra.org/app/projectDetail/VCS/4878
Multiple (mixed),Angola,Cookstove,IMPROVED COOKSTOVES DISTRIBUTION IN ANGOLA,Multiple Proponents,22224.0,15495.0,VCS4879,https://registry.verra.org/app/projectDetail/VCS/4879
Local/Unknown,Tanzania,Afforestation + Reforestation,"TIST Program in Tanzania, VCS-CCB-011",Clean Air Action Corporation,0.0,0.0,VCS4881,https://registry.verra.org/app/projectDetail/VCS/4881
Multiple (mixed),Guinea,Afforestation + Reforestation,Yiri,Multiple Proponents,0.0,0.0,VCS4870,https://registry.verra.org/app/projectDetail/VCS/4870
Local/Unknown,DR Congo,Afforestation + Reforestation,The Nkuba REDD+ Project,Dian Fossey Gorilla Fund,0.0,0.0,VCS4858,https://registry.verra.org/app/projectDetail/VCS/4858
Local/Unknown,Madagascar,Wetland,ALA HONKO BLUE CARBON MADAGASCAR,UNIMA SA.,0.0,0.0,VCS4856,https://registry.verra.org/app/projectDetail/VCS/4856
Local/Unknown,Cameroon,Wetland,Cameroon Mangrove Ecosystem Restoration & Resilience (CAMERR),Planete Urgence,0.0,0.0,VCS4845,https://registry.verra.org/app/projectDetail/VCS/4845
United Kingdom,Tanzania,REDD+,Ruvuma Wilderness Project,Carbon Tanzania,0.0,0.0,VCS4838,https://registry.verra.org/app/projectDetail/VCS/4838
Local/Unknown,Kenya,Cookstove,Solaxy Cookstoves for Healthier Homes and a Greener Kenya,SOLAXY GROUP,0.0,0.0,VCS4829,https://registry.verra.org/app/projectDetail/VCS/4829
Local/Unknown,Burkina Faso,Sustainable Agriculture,BURKINA FASO AGRICULTURAL CARBON PROJECT (BUFACAP),SECRETARIAT PERMANENT REDD+,0.0,0.0,VCS4807,https://registry.verra.org/app/projectDetail/VCS/4807
Local/Unknown,DR Congo,Improved Forest Management,"BAULU PROJECT, DEMOCRATIC REPUBLIC OF CONGO",FRM COMMITMENT,0.0,0.0,VCS4798,https://registry.verra.org/app/projectDetail/VCS/4798
United Kingdom,South Africa,Distributed Solar,Carbon Disclosure SA Solar PV Grouped Project 1,Carbon Disclosure South Africa (Pty) Ltd,0.0,0.0,VCS4799,https://registry.verra.org/app/projectDetail/VCS/4799
United Kingdom,South Africa,Distributed Solar,Evander Solar Solutions PV Grouped Project,Evander Solar Solutions (Pty) Ltd,0.0,0.0,VCS4795,https://registry.verra.org/app/projectDetail/VCS/4795
United States,Malawi,Sustainable Agriculture,Regenerative Agriculture and Forestry Technologies (RAFT) 1,C-Quest Capital SG Africa Holdings Private Limited,0.0,0.0,VCS4789,https://registry.verra.org/app/projectDetail/VCS/4789
Local/Unknown,Nigeria,Electric Vehicle,Electric Forklifts and Trucks Nigeria,Bisedge Limited,0.0,0.0,VCS4778,https://registry.verra.org/app/projectDetail/VCS/4778
Local/Unknown,Tanzania,Grassland Management,ENJIPAI COMMUNITY RANGELAND CARBON PROJECT,Enjipai Carbon Limited,0.0,0.0,VCS4742,https://registry.verra.org/app/projectDetail/VCS/4742
United Kingdom,Kenya,Grassland Management,Kajiado Rangelands Carbon Project,Soils for the Future Africa Ltd,0.0,0.0,VCS4714,https://registry.verra.org/app/projectDetail/VCS/4714
United States,DR Congo,Afforestation + Reforestation,Permaculture initiative through community participation,ALLCOT A.G.,0.0,0.0,VCS4712,https://registry.verra.org/app/projectDetail/VCS/4712
United Kingdom,South Africa,Energy Efficiency,Energy Drive Energy Efficiency Grouped Project,Energy Drive Systems (Pty) Ltd,0.0,0.0,VCS4710,https://registry.verra.org/app/projectDetail/VCS/4710
Local/Unknown,Gabon,Recycling,"NATURE PANELS, GABON",ARISE IIP,0.0,0.0,VCS4706,https://registry.verra.org/app/projectDetail/VCS/4706
United Kingdom,South Africa,Afforestation + Reforestation,Hive Ecosystems project,HIVE ECOSYSTEMS (PTY) LTD,0.0,0.0,VCS4698,https://registry.verra.org/app/projectDetail/VCS/4698
Local/Unknown,South Africa,Afforestation + Reforestation,Baviaanskloof Carbon Project,Baviaanskloof Bewarea NPC,0.0,0.0,VCS4699,https://registry.verra.org/app/projectDetail/VCS/4699
United States,Botswana,Grassland Management,"SOIL CARBON MANAGEMENT FOR IMPROVED GRASSLAND: LIMPOPO-LIPADI, BOTSWANA",Carbon Credit Capital LLC.,0.0,0.0,VCS4670,https://registry.verra.org/app/projectDetail/VCS/4670
Local/Unknown,Kenya,Grassland Management,One Mara Carbon Project,OMCP MARA CARBON LIMITED,0.0,0.0,VCS4659,https://registry.verra.org/app/projectDetail/VCS/4659
Local/Unknown,Ethiopia,Cookstove,Energy Efficient Stoves Program (EESP) - CER Conversion,Converted from other GHG program,48426.0,400.0,VCS4657,https://registry.verra.org/app/projectDetail/VCS/4657
Local/Unknown,Sierra Leone,Wetland,Scarcies Mangrove Rewilding Project,Forest and Mangrove Protection Limited,0.0,0.0,VCS4644,https://registry.verra.org/app/projectDetail/VCS/4644
Local/Unknown,Kenya,Afforestation + Reforestation,"TIST Program in Kenya, VCS-011",Clean Air Action Corporation,0.0,0.0,VCS4646,https://registry.verra.org/app/projectDetail/VCS/4646
Multiple (mixed),Comoros,REDD+,REDD+ Mwali Project,Multiple Proponents,0.0,0.0,VCS4623,https://registry.verra.org/app/projectDetail/VCS/4623
Local/Unknown,DR Congo,Afforestation + Reforestation,"Kwango River Project, Democratic Republic of Congo",FRM Commitment,0.0,0.0,VCS4617,https://registry.verra.org/app/projectDetail/VCS/4617
United Kingdom,South Africa,Unknown,A-Thermal General & Hazardous Waste Treatment Plant,A-Thermal Retort Technologies (Pty) Ltd,0.0,0.0,VCS4584,https://registry.verra.org/app/projectDetail/VCS/4584
Local/Unknown,Rwanda,Cookstove,Better cooking for a better health In Rusizi district - Rwanda,Kiasi Energies,0.0,0.0,VCS4585,https://registry.verra.org/app/projectDetail/VCS/4585
United States,Senegal,Wetland,ALLCOT BLUE CARBON MANGROVE PROJECT IN SENEGAL (ABC  Mangrove Senegal),Allcot Limited,0.0,0.0,VCS4563,https://registry.verra.org/app/projectDetail/VCS/4563
Local/Unknown,Gabon,Afforestation + Reforestation,Leconi Agroforestry Project in Haut-Ogooue (LAPHO),AERA Group,0.0,0.0,VCS4543,https://registry.verra.org/app/projectDetail/VCS/4543
Multiple (mixed),Sierra Leone,Wetland,Community-Based Mangrove Conservation and Restoration in Sierra Leone,Multiple Proponents,0.0,0.0,VCS4539,https://registry.verra.org/app/projectDetail/VCS/4539
United Kingdom,Zambia,Clean Water,The Zambia Project -- Safe drinking water supply project in Western Zambia,Xpotential Mining Services (Pty) Ltd,0.0,0.0,VCS4538,https://registry.verra.org/app/projectDetail/VCS/4538
Local/Unknown,Kenya,Electric Vehicle,Electrify Africa,ARC Ride Limited,0.0,0.0,VCS4524,https://registry.verra.org/app/projectDetail/VCS/4524
France,Rwanda,Afforestation + Reforestation,Agroforestry For Livelihoods,Livelihoods Fund SICAV SIF,0.0,0.0,VCS4488,https://registry.verra.org/app/projectDetail/VCS/4488
Local/Unknown,Malawi,Centralized Solar,Nkhotakota Solar PV project,Serengeti Nkhotakota Limited,0.0,0.0,VCS4486,https://registry.verra.org/app/projectDetail/VCS/4486
Local/Unknown,Kenya,Afforestation + Reforestation,Restore Africa: Restoring trees and livelihoods in Kenya,Global Evergreening Alliance,0.0,0.0,VCS4481,https://registry.verra.org/app/projectDetail/VCS/4481
Local/Unknown,Cote d'Ivoire,Afforestation + Reforestation,Karidja forest restoration project,aDryada,0.0,0.0,VCS4473,https://registry.verra.org/app/projectDetail/VCS/4473
Multiple (mixed),Uganda,Afforestation + Reforestation,Kijani Forestry smallholder farmer forestry project,Multiple Proponents,259.0,0.0,VCS4475,https://registry.verra.org/app/projectDetail/VCS/4475
Local/Unknown,Kenya,Waste Diversion,Kenya Organic Waste Diversion and Bioconversion Project,"Native, a Public Benefit Corporation",0.0,0.0,VCS4464,https://registry.verra.org/app/projectDetail/VCS/4464
Multiple (mixed),Egypt,Manure Biodigester,Biogas Project by Empower Capital in Egypt,Multiple Proponents,0.0,0.0,VCS4437,https://registry.verra.org/app/projectDetail/VCS/4437
United States,Kenya,Sustainable Agriculture,Lake Victoria Watershed Agroforestry Carbon Project,Trees for the Future Inc.,0.0,0.0,VCS4408,https://registry.verra.org/app/projectDetail/VCS/4408
United Kingdom,Tanzania,Cookstove,Distribution of Fuel Efficient Improved Cookstoves in Tanzania,Green Wave Africa Pty Ltd,0.0,0.0,VCS4385,https://registry.verra.org/app/projectDetail/VCS/4385
United Kingdom,Ethiopia,Cookstove,Distribution of Fuel Efficient Improved Cookstoves in Ethiopia,Green Wave Africa Pty Ltd,0.0,0.0,VCS4386,https://registry.verra.org/app/projectDetail/VCS/4386
Local/Unknown,Burkina Faso,Centralized Solar,Zano Solar Power,Quadran Burkina Faso,27097.0,0.0,VCS4389,https://registry.verra.org/app/projectDetail/VCS/4389
United Kingdom,Nigeria,Afforestation + Reforestation,Jaji ARR Project,Pioneer Sustainable Agriculture Ltd.,0.0,0.0,VCS4384,https://registry.verra.org/app/projectDetail/VCS/4384
Local/Unknown,Benin,Cookstove,Sequoia cookstoves in Benin,Sequoia Plantation Benin SAU,0.0,0.0,VCS4374,https://registry.verra.org/app/projectDetail/VCS/4374
Multiple (mixed),Uganda,Sustainable Agriculture,Sustainable Agricultural Improvement Practices in Uganda,Multiple Proponents,0.0,0.0,VCS4371,https://registry.verra.org/app/projectDetail/VCS/4371
United Kingdom,DR Congo,REDD+,DR Congo Mangrove Blue Carbon Project,ClimeTrek Ltd,0.0,0.0,VCS4372,https://registry.verra.org/app/projectDetail/VCS/4372
Multiple (mixed),Kenya,Sustainable Agriculture,Makueni Agroforestry Carbon Project,Multiple Proponents,0.0,0.0,VCS4325,https://registry.verra.org/app/projectDetail/VCS/4325
Multiple (mixed),Cote d'Ivoire,REDD+,Conservation and Restoration of Classified Forests in Côte d’Ivoire,Multiple Proponents,0.0,0.0,VCS4329,https://registry.verra.org/app/projectDetail/VCS/4329
United Kingdom,South Africa,Afforestation + Reforestation,CSA Carbon,C-SA Properties (Pty) Ltd,0.0,0.0,VCS4319,https://registry.verra.org/app/projectDetail/VCS/4319
United States,Angola,Cookstove,Installation of high efficiency wood burning cookstoves in Angola – Project 3,C-Quest Capital SG Angola Stoves Private Limited,0.0,0.0,VCS4308,https://registry.verra.org/app/projectDetail/VCS/4308
Local/Unknown,Zambia,REDD+,COMACO Landscape Management Project-South,Community Markets for Conservation (COMACO),0.0,0.0,VCS4299,https://registry.verra.org/app/projectDetail/VCS/4299
Local/Unknown,Morocco,Sustainable Agriculture,PROJECT TOURBA - ADOPTION OF IMPROVED AGRICULTURAL PRACTICES TOWARDS CARBON FARMING IN MOROCCO,InnovX,0.0,0.0,VCS4300,https://registry.verra.org/app/projectDetail/VCS/4300
United Kingdom,Uganda,Unknown,DelAgua Clean Cooking Grouped Project in Uganda,DelAgua Health Rwanda (Voluntary) Limited.,0.0,0.0,VCS4278,https://registry.verra.org/app/projectDetail/VCS/4278
Local/Unknown,Botswana,REDD+,Kalahari Grasslands Project,Gazelle Ecosolutions,0.0,0.0,VCS4266,https://registry.verra.org/app/projectDetail/VCS/4266
United Kingdom,Kenya,Cookstove,Distribution of fuel efficient improved cookstoves in Kenya and Uganda,Green Wave Africa Pty Ltd,0.0,0.0,VCS4252,https://registry.verra.org/app/projectDetail/VCS/4252
Local/Unknown,Sierra Leone,Afforestation + Reforestation,Rewilding Maforki,Rewilding Maforki Limited,0.0,0.0,VCS4255,https://registry.verra.org/app/projectDetail/VCS/4255
Local/Unknown,Malawi,Centralized Solar,Salima 60MW Solar PV Project,Salima JCM Solar Corporation Limited,0.0,0.0,VCS4232,https://registry.verra.org/app/projectDetail/VCS/4232
Local/Unknown,Malawi,Centralized Solar,Golomoti 20MW Solar PV Project,Golomoti JCM Solar Corporation Limited,0.0,0.0,VCS4233,https://registry.verra.org/app/projectDetail/VCS/4233
United Kingdom,Kenya,Cookstove,D.Light's Improved Cooking Project In Kenya,"d.light design, Ltd",174875.0,121380.0,VCS4223,https://registry.verra.org/app/projectDetail/VCS/4223
United Kingdom,Nigeria,Cookstove,D.Light's Improved Cooking Project In Nigeria,"d.light design, Ltd",187224.0,59180.0,VCS4225,https://registry.verra.org/app/projectDetail/VCS/4225
United Kingdom,Uganda,Cookstove,D.Light's Improved Cooking Project In Uganda,"d.light design, Ltd",189401.0,60699.0,VCS4226,https://registry.verra.org/app/projectDetail/VCS/4226
United States,Liberia,Cookstove,IMPROVED COOKSTOVES IN LIBERIA,Carbonibus S.r.l.,0.0,0.0,VCS4219,https://registry.verra.org/app/projectDetail/VCS/4219
Local/Unknown,Zambia,Cookstove,Distribution of Improved Cook Stoves in Sub-Saharan Africa–Zambia-CPA-005,Bridge Carbon Africa Stoves Development Private Limited,0.0,0.0,VCS4217,https://registry.verra.org/app/projectDetail/VCS/4217
European Union,DR Congo,Hydropower,Talihya Nord I Hydro power rural electrification,Energie du Nord-Kivu SARL,0.0,0.0,VCS4184,https://registry.verra.org/app/projectDetail/VCS/4184
Multiple (mixed),Cameroon,Afforestation + Reforestation,Regenerative Agroforestry Project Cameroon,Multiple Proponents,0.0,0.0,VCS4176,https://registry.verra.org/app/projectDetail/VCS/4176
Local/Unknown,Malawi,Cookstove,Distribution of Improved Cook Stoves in Sub-Saharan Africa-Malawi-CPA-004,Bridge Carbon Africa Stoves Development Private Limited,0.0,0.0,VCS4166,https://registry.verra.org/app/projectDetail/VCS/4166
United States,Cote d'Ivoire,Cookstove,Installation of high efficiency wood burning cookstoves in Côte d'Ivoire,C-Quest Capital CR Stoves Pte. Ltd.,0.0,0.0,VCS4159,https://registry.verra.org/app/projectDetail/VCS/4159
United States,Togo,Cookstove,Installation of high efficiency wood burning cookstoves in Togo,C-Quest Capital CR Stoves Pte. Ltd.,0.0,0.0,VCS4160,https://registry.verra.org/app/projectDetail/VCS/4160
United States,Ghana,Cookstove,Installation of high efficiency wood burning cookstoves in Ghana,C-Quest Capital CR Stoves Pte. Ltd.,0.0,0.0,VCS4161,https://registry.verra.org/app/projectDetail/VCS/4161
United States,Namibia,Cookstove,Installation of high efficiency wood burning cookstoves in Namibia,C-Quest Capital CR Stoves Pte. Ltd.,0.0,0.0,VCS4162,https://registry.verra.org/app/projectDetail/VCS/4162
United States,Malawi,Afforestation + Reforestation,Bamboo Afforestation in Malawi,C-Quest Capital SG Africa Holdings Private Limited,0.0,0.0,VCS4155,https://registry.verra.org/app/projectDetail/VCS/4155
Local/Unknown,Tanzania,Cookstove,Installation of high efficiency wood burning cookstoves in Tanzania - Project 3,Bridge Carbon Africa Stoves Development Private Limited,129583.0,129583.0,VCS4157,https://registry.verra.org/app/projectDetail/VCS/4157
United States,Chad,Cookstove,Installation of high efficiency wood burning cookstoves in Chad,C-Quest Capital CR Stoves Pte. Ltd.,0.0,0.0,VCS4158,https://registry.verra.org/app/projectDetail/VCS/4158
Multiple (mixed),Rwanda,Cookstove,DelAgua Clean Cooking Grouped Project in Rwanda,Multiple Proponents,8552433.0,3248954.0,VCS4150,https://registry.verra.org/app/projectDetail/VCS/4150
Local/Unknown,Rwanda,Cookstove,BioLite Africa Improved Stove Program,BioLite,441228.0,220614.0,VCS4151,https://registry.verra.org/app/projectDetail/VCS/4151
Local/Unknown,Malawi,Cookstove,CHITETEZO MBAULA PROJECT – MALAWI,CO2Logic SA,43550.0,17669.0,VCS4144,https://registry.verra.org/app/projectDetail/VCS/4144
Local/Unknown,Tanzania,Waste Diversion,BLACK SOLDIER FLY COMMERCIAL FARMING PROJECT,Chanzi,967.0,530.0,VCS4145,https://registry.verra.org/app/projectDetail/VCS/4145
Local/Unknown,Uganda,Afforestation + Reforestation,1MTN Uganda Bamboo Planting Project,1MTN Nation UG OU,0.0,0.0,VCS4123,https://registry.verra.org/app/projectDetail/VCS/4123
Multiple (mixed),Ghana,Afforestation + Reforestation,Community Restoration of Native Ecosystems in Ghana,Multiple Proponents,0.0,0.0,VCS4126,https://registry.verra.org/app/projectDetail/VCS/4126
Local/Unknown,Malawi,Cookstove,Improved Cookstove Distribution in Malawi by EKI Phase 01,EKI Energy Services Limited,62082.0,0.0,VCS4058,https://registry.verra.org/app/projectDetail/VCS/4058
Local/Unknown,Kenya,Cookstove,Improved Cookstove Distribution in Kenya by EKI Phase 01,EKI Energy Services Limited,108417.0,0.0,VCS4059,https://registry.verra.org/app/projectDetail/VCS/4059
Local/Unknown,Kenya,Cookstove,Improved Cookstove Distribution in Kenya by EKI Phase 0 2,EKI Energy Services Limited,0.0,0.0,VCS4060,https://registry.verra.org/app/projectDetail/VCS/4060
United Kingdom,Kenya,Cookstove,D.Light's Improved Cooking Project In Africa,"d.light design, Ltd",0.0,0.0,VCS4053,https://registry.verra.org/app/projectDetail/VCS/4053
Local/Unknown,Mozambique,Cookstove,IMPROVED COOKSTOVES DISTRIBUTION IN MOZAMBIQUE – SOFALA AND MANICA PROVINCES,Eni S.p.A.,30350.0,0.0,VCS4044,https://registry.verra.org/app/projectDetail/VCS/4044
United Kingdom,Angola,Centralized Solar,Angola Caraculo PV Plant,Solenova Ltd,0.0,0.0,VCS4026,https://registry.verra.org/app/projectDetail/VCS/4026
United States,Kenya,Compost,Sanergy Composting Group Project,"Circular Impact, Inc.",34463.0,32325.0,VCS4015,https://registry.verra.org/app/projectDetail/VCS/4015
France,Rwanda,Afforestation + Reforestation,Agroforestry For Livelihoods Project,Livelihoods Fund SICAV SIF,0.0,0.0,VCS3998,https://registry.verra.org/app/projectDetail/VCS/3998
United Kingdom,Gambia,Cookstove,DelAgua Clean Cooking Grouped Project in The Gambia,DelAgua Health The Gambia (Voluntary) Limited,778683.0,226921.0,VCS4000,https://registry.verra.org/app/projectDetail/VCS/4000
Local/Unknown,Ghana,Cookstove,Improved Cookstove Distribution in Ghana by EKI Phase-III,EKI Energy Services Limited,0.0,0.0,VCS3982,https://registry.verra.org/app/projectDetail/VCS/3982
Local/Unknown,Ghana,Cookstove,Improved Cookstove Distribution in Ghana by EKI Phase-II,EKI Energy Services Limited,0.0,0.0,VCS3983,https://registry.verra.org/app/projectDetail/VCS/3983
Local/Unknown,Togo,Bicycle,Grouped Electric bikes project in Africa,SPIRO HOLDCO,0.0,0.0,VCS3985,https://registry.verra.org/app/projectDetail/VCS/3985
Local/Unknown,Uganda,Cookstove,Improved cookstoves for refugees in Uganda,POWA International,0.0,0.0,VCS3975,https://registry.verra.org/app/projectDetail/VCS/3975
Local/Unknown,Mozambique,Unknown,Rovuma Belt,Fundação para o Desenvolvimento de Palma,0.0,0.0,VCS3976,https://registry.verra.org/app/projectDetail/VCS/3976
United States,South Africa,Cookstove,Installation of high efficiency wood burning cookstoves in South Africa,C-Quest Capital CR Stoves Pte. Ltd.,0.0,0.0,VCS3941,https://registry.verra.org/app/projectDetail/VCS/3941
Local/Unknown,Madagascar,Clean Water,Mila Rano - Safe water access for Madagascar,CARBON CREDITS CONSULTING S.R.L.,4751.0,1252.0,VCS3936,https://registry.verra.org/app/projectDetail/VCS/3936
Multiple (mixed),Malawi,Cookstove,"Improved Cook Stove Project 1, Nkhata Bay District, Malawi - CER Conversion",Multiple Proponents,500.0,72.0,VCS3937,https://registry.verra.org/app/projectDetail/VCS/3937
Local/Unknown,Madagascar,Cookstove,Angovo Maharitra,CARBON CREDITS CONSULTING S.R.L.,17266.0,0.0,VCS3935,https://registry.verra.org/app/projectDetail/VCS/3935
Local/Unknown,Togo,Cookstove,Sequoia Improved cookstoves project in Togo,Sequoia Plantation Togo SAU,98536.0,0.0,VCS3917,https://registry.verra.org/app/projectDetail/VCS/3917
Local/Unknown,Kenya,Cookstove,Installation of high efficiency cookstoves in Sub Saharan Africa by BURN,ECOA Climate Capital,0.0,0.0,VCS3884,https://registry.verra.org/app/projectDetail/VCS/3884
European Union,Senegal,Wetland,Community-based Mangrove Restoration Initiative – Lep Lep,Vlinder Austria GmbH,0.0,0.0,VCS3885,https://registry.verra.org/app/projectDetail/VCS/3885
United Kingdom,Togo,Cookstove,EMPOWERING COMMUNITIES THROUGH IMPROVED COOKSTOVES,Carbon Kind Ltd,3671.0,3671.0,VCS3881,https://registry.verra.org/app/projectDetail/VCS/3881
United Kingdom,Sierra Leone,Cookstove,DelAgua Clean Cooking Grouped Project in Sierra Leone,DelAgua Health Sierra Leone (Voluntary) Limited,1291165.0,0.0,VCS3837,https://registry.verra.org/app/projectDetail/VCS/3837
United Kingdom,Burundi,Cookstove,DelAgua Clean Cooking Grouped Project in Burundi,DelAgua Health Rwanda (Voluntary) Limited,0.0,0.0,VCS3834,https://registry.verra.org/app/projectDetail/VCS/3834
Multiple (mixed),Zambia,Cookstove,"Healthier, Happier Meals With Fuel And Time Savings In Rural Zambia",Multiple Proponents,0.0,0.0,VCS3831,https://registry.verra.org/app/projectDetail/VCS/3831
Local/Unknown,Central African Republic,Afforestation + Reforestation,BOUTILI AFFORESTATION & AGROFORESTRY PROJECT,CENTRAFOREST,0.0,0.0,VCS3815,https://registry.verra.org/app/projectDetail/VCS/3815
Local/Unknown,Ghana,Cookstove,Improved Cookstove Distribution in Ghana by EKI,EKI Energy Services Limited,549989.0,0.0,VCS3801,https://registry.verra.org/app/projectDetail/VCS/3801
Local/Unknown,Zimbabwe,REDD+,Chirisa REDD+ Project,Carbon Green Investments Guernsey Limited,0.0,0.0,VCS3811,https://registry.verra.org/app/projectDetail/VCS/3811
Local/Unknown,Comoros,Centralized Solar,Foumbouni-Mitsamiouli solar farm,INNOVENT COMORES S.A,17454.0,0.0,VCS3788,https://registry.verra.org/app/projectDetail/VCS/3788
Local/Unknown,Kenya,Sustainable Agriculture,Boomitra Carbon Farming in East Africa through Soil Enrichment,Boomitra Inc,0.0,0.0,VCS3774,https://registry.verra.org/app/projectDetail/VCS/3774
Local/Unknown,Kenya,Lighting,MicroEnergy Credits – Microfinance for Solar Lamps in Kenya,MicroEnergy Credits Corp,248552.0,0.0,VCS3767,https://registry.verra.org/app/projectDetail/VCS/3767
United Kingdom,Rwanda,Hydropower,Giciye III Hydropower Project in Rwanda,B.B. Energy (Asia) Pte Ltd,56755.0,0.0,VCS3720,https://registry.verra.org/app/projectDetail/VCS/3720
Local/Unknown,DR Congo,REDD+,DRC REDD+ Carbon Credit Harvesting Project,R.E.D.D. Carbon Credit Harvesting L.P,0.0,0.0,VCS3711,https://registry.verra.org/app/projectDetail/VCS/3711
Local/Unknown,Burundi,Cookstove,UpEnergy-Social and Climate Impact Programme-Burundi 1,UpEnergy Group,0.0,0.0,VCS3703,https://registry.verra.org/app/projectDetail/VCS/3703
United Kingdom,Rwanda,Cookstove,DelAgua Improved Cookstove Grouped Project,DelAgua Trans Africa Stoves Pte. Ltd.,2692966.0,53860.0,VCS3699,https://registry.verra.org/app/projectDetail/VCS/3699
China,Senegal,Clean Water,Safe Drinking Water Supply Project in the Rural Area of Senegal,"Guangzhou Iceberg Environmental Consulting Services Co., Ltd.",43884.0,2100.0,VCS3691,https://registry.verra.org/app/projectDetail/VCS/3691
Local/Unknown,Kenya,Sustainable Agriculture,Western Kenya Soil Carbon Project,Soil-Carbon Certification Services,57955.0,73.0,VCS3669,https://registry.verra.org/app/projectDetail/VCS/3669
Local/Unknown,South Africa,Distributed Solar,Nesa Solar PV Grouped Project,Nesa Power,0.0,0.0,VCS3659,https://registry.verra.org/app/projectDetail/VCS/3659
European Union,Kenya,Wetland,Papariko - Restoration of Degraded Mangrove Areas in Kenya,Vlinder Austria GmbH,0.0,0.0,VCS3660,https://registry.verra.org/app/projectDetail/VCS/3660
United Kingdom,Rwanda,Cookstove,Improved cookstove grouped project in Rwanda,B.B. Energy (Asia) Pte Ltd,298801.0,0.0,VCS3654,https://registry.verra.org/app/projectDetail/VCS/3654
Local/Unknown,Ghana,Cookstove,CPA1 - Man and Man Enterprise Improved Cooking Stoves Programme in Ghana (Brong-Ahafo region),Man and Man Enterprise,0.0,0.0,VCS3650,https://registry.verra.org/app/projectDetail/VCS/3650
United States,South Africa,Afforestation + Reforestation,"Eastern Cape Bamboo Forestry Project, South Africa","EcoPlanet Bamboo Group, LLC",0.0,0.0,VCS3632,https://registry.verra.org/app/projectDetail/VCS/3632
Local/Unknown,South Africa,Sustainable Agriculture,Cultivating Carbon Regenerative Agriculture Project,Cultivating Carbon Proprietary Limited,0.0,0.0,VCS3633,https://registry.verra.org/app/projectDetail/VCS/3633
United States,South Africa,Afforestation + Reforestation,"Eastern Cape Restoration Project, South Africa - Makhanda","EcoPlanet Bamboo Group, LLC",0.0,0.0,VCS3627,https://registry.verra.org/app/projectDetail/VCS/3627
United States,South Africa,Afforestation + Reforestation,"Eastern Cape Restoration Project, South Africa - Somerset East","EcoPlanet Bamboo Group, LLC",0.0,0.0,VCS3628,https://registry.verra.org/app/projectDetail/VCS/3628
Local/Unknown,Tanzania,Afforestation + Reforestation,Udzungwa Corridor Reforestation,Udzungwa Corridor Limited,0.0,0.0,VCS3602,https://registry.verra.org/app/projectDetail/VCS/3602
Multiple (mixed),Mali,Afforestation + Reforestation,"Bougouni-Yanfolila Forest Project, Mali",Multiple Proponents,0.0,0.0,VCS3593,https://registry.verra.org/app/projectDetail/VCS/3593
Multiple (mixed),DR Congo,REDD+,Kokolopori Bonobo Peace Forest Grouped REDD Project,Multiple Proponents,0.0,0.0,VCS3575,https://registry.verra.org/app/projectDetail/VCS/3575
Multiple (mixed),DR Congo,REDD+,Tshopo Lomami Grouped REDD Project,Multiple Proponents,0.0,0.0,VCS3589,https://registry.verra.org/app/projectDetail/VCS/3589
Multiple (mixed),DR Congo,REDD+,Sankuru Peace Forest Grouped REDD Project,Multiple Proponents,0.0,0.0,VCS3592,https://registry.verra.org/app/projectDetail/VCS/3592
United Kingdom,Kenya,Cookstove,Empowering Women in Kenya Through Clean Cooking,co2balance UK Ltd.,0.0,0.0,VCS3520,https://registry.verra.org/app/projectDetail/VCS/3520
Multiple (mixed),Zambia,REDD+,ITABU REDD+ PROJECT IN ZAMBIA,Multiple Proponents,0.0,0.0,VCS3453,https://registry.verra.org/app/projectDetail/VCS/3453
Multiple (mixed),Ghana,Afforestation + Reforestation,Kwamisa/Other reserves community Forest Project,Multiple Proponents,12418.0,6480.0,VCS3425,https://registry.verra.org/app/projectDetail/VCS/3425
United Kingdom,South Africa,Sustainable Agriculture,Portland: Regenerative Agriculture & native revegetation on degraded land,Holmstone Pty. (Ltd.),0.0,0.0,VCS3427,https://registry.verra.org/app/projectDetail/VCS/3427
Local/Unknown,Ethiopia,Afforestation + Reforestation,Restoration and Conservation of Dry Afromontane Forest in the Highlands of Eastern Tigray,WeForest,0.0,0.0,VCS3429,https://registry.verra.org/app/projectDetail/VCS/3429
Local/Unknown,Togo,Afforestation + Reforestation,PlanTogo,Sequoia Plantation Togo,0.0,0.0,VCS3396,https://registry.verra.org/app/projectDetail/VCS/3396
Local/Unknown,South Africa,Grassland Management,Kruger to Canyons Rangeland Restoration Project,Conservation South Africa,0.0,0.0,VCS3397,https://registry.verra.org/app/projectDetail/VCS/3397
Local/Unknown,South Africa,Sustainable Agriculture,CNG AgriCarbon Rewards Programme 2,Climate Neutral Group.,0.0,0.0,VCS3394,https://registry.verra.org/app/projectDetail/VCS/3394
Local/Unknown,Uganda,Cookstove,"Up Energy Improved Cookstoves Programme, Uganda - CER Conversion",UpEnergy Group,63908.0,53690.0,VCS3371,https://registry.verra.org/app/projectDetail/VCS/3371
United Kingdom,South Africa,Sustainable Agriculture,Orizon CarbonCrop Rewards Programme,Orizon Agriculture (Pty) Ltd,160159.0,11530.0,VCS3368,https://registry.verra.org/app/projectDetail/VCS/3368
Local/Unknown,Kenya,Sustainable Agriculture,Boomitra Grassland Restoration in East Africa Through Soil Enrichment,Boomitra Inc,0.0,0.0,VCS3340,https://registry.verra.org/app/projectDetail/VCS/3340
United States,Madagascar,Cookstove,Installation of high efficiency wood burning cookstoves in Madagascar,C-Quest Capital Stoves Asia Limited,0.0,0.0,VCS3329,https://registry.verra.org/app/projectDetail/VCS/3329
Multiple (mixed),Kenya,Afforestation + Reforestation,Mount Kenya Regenerative Agroforestry Project,Multiple Proponents,0.0,0.0,VCS3321,https://registry.verra.org/app/projectDetail/VCS/3321
Multiple (mixed),Togo,Centralized Solar,Blitta – Togo Solar Power Plant,Multiple Proponents,115520.0,30345.0,VCS3298,https://registry.verra.org/app/projectDetail/VCS/3298
Local/Unknown,Zimbabwe,Energy Efficiency,AMANZI MOTO - IMPROVED COOKSTOVES DISSEMINATION PROGRAMME IN ZIMBABWE,Aither Group SA,0.0,0.0,VCS3289,https://registry.verra.org/app/projectDetail/VCS/3289
Local/Unknown,Kenya,Cookstove,Empowering Women Through Clean Cooking,co2balance,0.0,0.0,VCS3290,https://registry.verra.org/app/projectDetail/VCS/3290
France,Malawi,Cookstove,Livelihoods Chitetezo Mbaula Project,Livelihoods Fund SICAV SIF,100959.0,26074.0,VCS3262,https://registry.verra.org/app/projectDetail/VCS/3262
China,Madagascar,Cookstove,Madagascar Fahatokiana Improved Cookstove Program,"Guangzhou Iceberg Environmental Consulting Services Co., Ltd.",162144.0,0.0,VCS3239,https://registry.verra.org/app/projectDetail/VCS/3239
Multiple (mixed),Gambia,REDD+,CONSERVATION AND RESTORATION OF THE MANGROVE ECOSYSTEM IN THE GAMBIA THROUGH THE REDD+ MECHANISM,Multiple Proponents,0.0,0.0,VCS3223,https://registry.verra.org/app/projectDetail/VCS/3223
Local/Unknown,Cameroon,Hydropower,Mbakaou Carriere Small Hydro Power Plant,IED Invest Cameroun,13852.0,0.0,VCS3220,https://registry.verra.org/app/projectDetail/VCS/3220
Local/Unknown,Tanzania,Cookstove,Installation of high efficiency wood burning cookstoves in Tanzania 2,Bridge Carbon EA Stoves Private Limited,0.0,0.0,VCS3209,https://registry.verra.org/app/projectDetail/VCS/3209
Local/Unknown,Uganda,Cookstove,Installation of high efficiency wood burning cookstoves in Uganda 2,Bridge Carbon EA Stoves Private Limited,0.0,0.0,VCS3205,https://registry.verra.org/app/projectDetail/VCS/3205
Local/Unknown,Kenya,Cookstove,Installation of high efficiency wood burning cookstoves in Kenya 2,Bridge Carbon EA Stoves Private Limited,5138.0,1901.0,VCS3206,https://registry.verra.org/app/projectDetail/VCS/3206
Local/Unknown,Gambia,Cookstove,Installation of high efficiency wood burning cookstoves in Gambia,Bridge Carbon Africa Stoves Development Private Limited,0.0,0.0,VCS3199,https://registry.verra.org/app/projectDetail/VCS/3199
United States,Sudan,Cookstove,Installation of high efficiency wood burning cookstoves in South Sudan,C-Quest Capital Stoves Asia Limited,0.0,0.0,VCS3200,https://registry.verra.org/app/projectDetail/VCS/3200
China,Kenya,Cookstove,Kenya Jiko Kisasa Improved Cookstove Program I,"Guangzhou Iceberg Environmental Consulting Services Co., Ltd.",0.0,0.0,VCS3197,https://registry.verra.org/app/projectDetail/VCS/3197
Local/Unknown,Burundi,Cookstove,Installation of high efficiency wood burning cookstoves in Burundi,Bridge Carbon EA Stoves Private Limited,0.0,0.0,VCS3198,https://registry.verra.org/app/projectDetail/VCS/3198
Local/Unknown,DR Congo,Cookstove,Eastern DRC Cookstove Project - Tanganyika,POWA S.A,0.0,0.0,VCS3182,https://registry.verra.org/app/projectDetail/VCS/3182
European Union,Djibouti,Wind,Red Sea Power Wind Farm,Sovereign Carbon Agency,0.0,0.0,VCS3163,https://registry.verra.org/app/projectDetail/VCS/3163
European Union,Nigeria,Wetland,NIGER DELTA MANGROVE PROJECT,everi GmbH,0.0,0.0,VCS3155,https://registry.verra.org/app/projectDetail/VCS/3155
Local/Unknown,Mozambique,Wetland,MOZBLUE: BUILDING AFRICA’S LARGEST MANGROVE RESTORATION PROJECT,Blue Forest Mozambique LDA,0.0,0.0,VCS3142,https://registry.verra.org/app/projectDetail/VCS/3142
Local/Unknown,Madagascar,Cookstove,UPLIFTING OF MALAGASY COMMUNITIES BY DISTRIBUTING EFFICIENT COOKING APPLIANCE,GSG Cleantech Private Limited,111351.0,0.0,VCS3096,https://registry.verra.org/app/projectDetail/VCS/3096
Multiple (mixed),Cote d'Ivoire,Cookstove,IMPROVED COOKSTOVES DISTRIBUTION IN IVORY COAST,Multiple Proponents,62487.0,0.0,VCS3092,https://registry.verra.org/app/projectDetail/VCS/3092
United States,Rwanda,Afforestation + Reforestation,Rwanda Riparian Restoration Project,"EcoPlanet Bamboo Group, LLC",0.0,0.0,VCS3072,https://registry.verra.org/app/projectDetail/VCS/3072
European Union,Malawi,Cookstove,180 Works High Efficiency Wood Burning Cookstoves - Malawi - Project 1,180.Holdings B.V.,0.0,0.0,VCS3073,https://registry.verra.org/app/projectDetail/VCS/3073
India,Uganda,Cookstove,Reduced Emissions from Improved and Efficient Cooking in Ugandan Communities,PERSISTENTCLIMATE INDIA PRIVATE LIMITED,0.0,0.0,VCS3045,https://registry.verra.org/app/projectDetail/VCS/3045
United Kingdom,Kenya,Improved Irrigation Management,Solar Water Pump Project in Kenya,SunCulture Kenya Ltd,93774.0,64885.0,VCS2989,https://registry.verra.org/app/projectDetail/VCS/2989
European Union,Rwanda,Cookstove,Rwandan Improved Cookstove Project,Likano Project Development GmbH,21536.0,0.0,VCS2984,https://registry.verra.org/app/projectDetail/VCS/2984
Local/Unknown,Angola,Cookstove,Installation of high efficiency wood burning cookstoves in Angola – Project 2,Bridge Carbon Africa Stoves Development Private Limited,133533.0,77888.0,VCS2981,https://registry.verra.org/app/projectDetail/VCS/2981
Local/Unknown,Uganda,Cookstove,BioLite Improved Cook stoves Programme - CER Conversion,Converted from other GHG program,116570.0,50356.0,VCS2982,https://registry.verra.org/app/projectDetail/VCS/2982
Multiple (mixed),Uganda,Manure Biodigester,Biomass Cogeneration Plant By SCOUL,Multiple Proponents,0.0,0.0,VCS2977,https://registry.verra.org/app/projectDetail/VCS/2977
United Kingdom,Zambia,Distributed Solar,"Installation Of Solar Milling Plants for Household In Zambia, Project- 1",Carbon Project Australia Pty Ltd,0.0,0.0,VCS2966,https://registry.verra.org/app/projectDetail/VCS/2966
United Kingdom,Zambia,Distributed Solar,"Installation Of Solar Milling Plants for Household In Zambia, Project- 2",Carbon Project Australia Pty Ltd,0.0,0.0,VCS2967,https://registry.verra.org/app/projectDetail/VCS/2967
Local/Unknown,Niger,Afforestation + Reforestation,Niger Acacia Senegal Plantation Project - CER Conversion,Converted from other GHG program,38769.0,34169.0,VCS2965,https://registry.verra.org/app/projectDetail/VCS/2965
United States,Malawi,Distributed Solar,Malawi Solar Power and Adult Literacy Project,SCB Brokers LLC,0.0,0.0,VCS2953,https://registry.verra.org/app/projectDetail/VCS/2953
United Kingdom,Rwanda,Cookstove,Akagera National Park Improved Cookstoves,co2balance UK Ltd.,0.0,0.0,VCS2949,https://registry.verra.org/app/projectDetail/VCS/2949
Multiple (mixed),South Africa,Sustainable Agriculture,Grassland Restoration and Stewardship in South Africa (GRASS),Multiple Proponents,266254.0,26074.0,VCS2931,https://registry.verra.org/app/projectDetail/VCS/2931
United States,Ghana,Afforestation + Reforestation,"North Bandai Bamboo Reforestation Project, Ghana","EcoPlanet Bamboo Group, LLC",0.0,0.0,VCS2928,https://registry.verra.org/app/projectDetail/VCS/2928
United States,Ghana,Afforestation + Reforestation,"Bandai Hills Bamboo Reforestation Project, Ghana","EcoPlanet Bamboo Group, LLC",0.0,0.0,VCS2929,https://registry.verra.org/app/projectDetail/VCS/2929
Local/Unknown,Cameroon,Improved Forest Management,Forest Conservation in Boumba-et-Ngoko,CarbonSinkGroup S.R.L.,846136.0,841605.0,VCS2897,https://registry.verra.org/app/projectDetail/VCS/2897
United States,Malawi,Cookstove,Duplicate - Installation of high efficiency wood burning cookstoves in Malawi – Project 3,C-Quest Capital SGM ZM Stoves Private Limited,0.0,0.0,VCS2885,https://registry.verra.org/app/projectDetail/VCS/2885
Local/Unknown,Malawi,Cookstove,Installation of high efficiency wood burning cookstoves in Malawi – Project 3,Bridge Carbon Africa Stoves Development Private Limited,73560.0,12356.0,VCS2886,https://registry.verra.org/app/projectDetail/VCS/2886
Local/Unknown,Mozambique,Cookstove,Installation of high efficiency wood burning cookstoves in Mozambique – Project 2,Bridge Carbon Africa Stoves Development Private Limited,49437.0,316.0,VCS2888,https://registry.verra.org/app/projectDetail/VCS/2888
Local/Unknown,Zimbabwe,Cookstove,Installation of high efficiency wood burning cookstoves in Zimbabwe - Project 2,Bridge Carbon Africa Stoves Development Private Limited,197050.0,100505.0,VCS2890,https://registry.verra.org/app/projectDetail/VCS/2890
Australia,Uganda,Improved Forest Management,The NFC Uganda Carbon Landscapes Project,New Forests Company Holdings I Limited,0.0,0.0,VCS2881,https://registry.verra.org/app/projectDetail/VCS/2881
European Union,Zambia,REDD+,Integrated REDD+ Project in Zambia,Kanaka Management Services Private Limited,0.0,0.0,VCS2857,https://registry.verra.org/app/projectDetail/VCS/2857
Local/Unknown,Kenya,Energy Efficiency,MicroEnergy Credits – Microfinance for Clean Energy Product Lines – Africa – Solar Lamps & Efficient cook stoves – 10341 –CPA - 0001,MicroEnergy Credits Corp,215264.0,0.0,VCS2835,https://registry.verra.org/app/projectDetail/VCS/2835
Local/Unknown,Kenya,Energy Efficiency,MicroEnergy Credits – Microfinance for Clean Energy Product Lines – Africa – Solar Lamps & Efficient cook stoves – 10341 –CPA - 0002,MicroEnergy Credits Corp,291570.0,9058.0,VCS2836,https://registry.verra.org/app/projectDetail/VCS/2836
Local/Unknown,Kenya,Energy Efficiency,MicroEnergy Credits – Microfinance for Clean Energy Product Lines – Africa – Solar Lamps & Efficient cook stoves – 10341 –CPA - 0003,MicroEnergy Credits Corp,258662.0,22390.0,VCS2837,https://registry.verra.org/app/projectDetail/VCS/2837
Local/Unknown,Uganda,Energy Efficiency,MicroEnergy Credits – Microfinance for Clean Energy Product Lines – Africa – Solar Lamps & Efficient cook stoves – 10341 –CPA - 0004,MicroEnergy Credits Corp,67849.0,43.0,VCS2838,https://registry.verra.org/app/projectDetail/VCS/2838
Local/Unknown,Uganda,Energy Efficiency,MicroEnergy Credits – Microfinance for Clean Energy Product Lines – Africa – Solar Lamps & Efficient cook stoves – 10341 –CPA - 0005,MicroEnergy Credits Corp,57342.0,3000.0,VCS2839,https://registry.verra.org/app/projectDetail/VCS/2839
Local/Unknown,Senegal,Wetland,"Mangrove Restoration Project with Sine Saloum and Casamance communities, Senegal",WeForest,0.0,0.0,VCS2834,https://registry.verra.org/app/projectDetail/VCS/2834
Local/Unknown,Burundi,Cookstove,Improved Cooking Stove Programme in Burundi,POWA S.A,1723725.0,600538.0,VCS2828,https://registry.verra.org/app/projectDetail/VCS/2828
United Kingdom,Madagascar,Cookstove,Madagascar Improved Cook Stove Project by KCM-Wood#CPA-W-030,Korea Carbon Management Ltd,692366.0,8280.0,VCS2794,https://registry.verra.org/app/projectDetail/VCS/2794
United Kingdom,Madagascar,Cookstove,Madagascar Improved Cook Stove Project by KCM-Wood#CPA-W-031,Korea Carbon Management Ltd,0.0,0.0,VCS2795,https://registry.verra.org/app/projectDetail/VCS/2795
United Kingdom,Madagascar,Cookstove,Madagascar Improved Cook Stove Project by KCM-Wood#CPA-W-032,Korea Carbon Management Ltd,0.0,0.0,VCS2796,https://registry.verra.org/app/projectDetail/VCS/2796
United Kingdom,Madagascar,Cookstove,Madagascar Improved Cook Stove Project by KCM-Wood#CPA-W-033,Korea Carbon Management Ltd,0.0,0.0,VCS2797,https://registry.verra.org/app/projectDetail/VCS/2797
United Kingdom,Madagascar,Cookstove,Madagascar Improved Cook Stove Project by KCM-Wood#CPA-W-034,Korea Carbon Management Ltd,0.0,0.0,VCS2798,https://registry.verra.org/app/projectDetail/VCS/2798
United Kingdom,Madagascar,Cookstove,Madagascar Improved Cook Stove Project by KCM-Wood#CPA-W-035,Korea Carbon Management Ltd,0.0,0.0,VCS2799,https://registry.verra.org/app/projectDetail/VCS/2799
United Kingdom,Madagascar,Cookstove,Madagascar Improved Cook Stove Project by KCM-Wood#CPA-W-036,Korea Carbon Management Ltd,0.0,0.0,VCS2800,https://registry.verra.org/app/projectDetail/VCS/2800
United Kingdom,Madagascar,Cookstove,Madagascar Improved Cook Stove Project by KCM-Wood#CPA-W-037,Korea Carbon Management Ltd,0.0,0.0,VCS2801,https://registry.verra.org/app/projectDetail/VCS/2801
United Kingdom,Madagascar,Cookstove,Madagascar Improved Cook Stove Project by KCM-Wood#CPA-W-038,Korea Carbon Management Ltd,0.0,0.0,VCS2802,https://registry.verra.org/app/projectDetail/VCS/2802
United Kingdom,Madagascar,Cookstove,Madagascar Improved Cook Stove Project by KCM-Wood#CPA-W-039,Korea Carbon Management Ltd,0.0,0.0,VCS2803,https://registry.verra.org/app/projectDetail/VCS/2803
United Kingdom,Madagascar,Cookstove,Madagascar Improved Cook Stove Project by KCM-Wood#CPA-W-040,Korea Carbon Management Ltd,0.0,0.0,VCS2804,https://registry.verra.org/app/projectDetail/VCS/2804
United Kingdom,Madagascar,Cookstove,Madagascar Improved Cook Stove Project by KCM-Wood#CPA-W-041,Korea Carbon Management Ltd,0.0,0.0,VCS2805,https://registry.verra.org/app/projectDetail/VCS/2805
United Kingdom,Madagascar,Cookstove,Madagascar Improved Cook Stove Project by KCM-Wood#CPA-W-042,Korea Carbon Management Ltd,0.0,0.0,VCS2806,https://registry.verra.org/app/projectDetail/VCS/2806
United Kingdom,Madagascar,Cookstove,Madagascar Improved Cook Stove Project by KCM-Wood#CPA-W-043,Korea Carbon Management Ltd,0.0,0.0,VCS2807,https://registry.verra.org/app/projectDetail/VCS/2807
United Kingdom,Madagascar,Cookstove,Madagascar Improved Cook Stove Project by KCM-Wood#CPA-W-044,Korea Carbon Management Ltd,0.0,0.0,VCS2808,https://registry.verra.org/app/projectDetail/VCS/2808
United Kingdom,Madagascar,Cookstove,Madagascar Improved Cook Stove Project by KCM-Wood#CPA-W-045,Korea Carbon Management Ltd,0.0,0.0,VCS2809,https://registry.verra.org/app/projectDetail/VCS/2809
United Kingdom,Madagascar,Cookstove,Madagascar Improved Cook Stove Project by KCM-Wood#CPA-W-046,Korea Carbon Management Ltd,0.0,0.0,VCS2810,https://registry.verra.org/app/projectDetail/VCS/2810
United Kingdom,Madagascar,Cookstove,Madagascar Improved Cook Stove Project by KCM-Wood#CPA-W-047,Korea Carbon Management Ltd,0.0,0.0,VCS2811,https://registry.verra.org/app/projectDetail/VCS/2811
United Kingdom,Madagascar,Cookstove,Madagascar Improved Cook Stove Project by KCM-Wood#CPA-W-048,Korea Carbon Management Ltd,0.0,0.0,VCS2812,https://registry.verra.org/app/projectDetail/VCS/2812
United Kingdom,Madagascar,Cookstove,Madagascar Improved Cook Stove Project by KCM-Wood#CPA-W-049,Korea Carbon Management Ltd,0.0,0.0,VCS2813,https://registry.verra.org/app/projectDetail/VCS/2813
United Kingdom,Madagascar,Cookstove,Madagascar Improved Cook Stove Project by KCM-Wood#CPA-W-050,Korea Carbon Management Ltd,0.0,0.0,VCS2814,https://registry.verra.org/app/projectDetail/VCS/2814
United Kingdom,Madagascar,Cookstove,Madagascar Improved Cook Stove Project by KCM-Wood#CPA-W-051,Korea Carbon Management Ltd,0.0,0.0,VCS2815,https://registry.verra.org/app/projectDetail/VCS/2815
United Kingdom,Madagascar,Cookstove,Madagascar Improved Cook Stove Project by KCM-Wood#CPA-W-052,Korea Carbon Management Ltd,0.0,0.0,VCS2816,https://registry.verra.org/app/projectDetail/VCS/2816
United Kingdom,Madagascar,Cookstove,Madagascar Improved Cook Stove Project by KCM-Wood#CPA-W-053,Korea Carbon Management Ltd,0.0,0.0,VCS2817,https://registry.verra.org/app/projectDetail/VCS/2817
United Kingdom,Madagascar,Cookstove,Madagascar Improved Cook Stove Project by KCM-Wood#CPA-W-054,Korea Carbon Management Ltd,0.0,0.0,VCS2818,https://registry.verra.org/app/projectDetail/VCS/2818
United Kingdom,Madagascar,Cookstove,Madagascar Improved Cook Stove Project by KCM-Wood#CPA-W-055,Korea Carbon Management Ltd,0.0,0.0,VCS2819,https://registry.verra.org/app/projectDetail/VCS/2819
United Kingdom,Madagascar,Cookstove,Madagascar Improved Cook Stove Project by KCM-Wood#CPA-W-056,Korea Carbon Management Ltd,0.0,0.0,VCS2820,https://registry.verra.org/app/projectDetail/VCS/2820
United Kingdom,Madagascar,Cookstove,Madagascar Improved Cook Stove Project by KCM-Wood#CPA-W-057,Korea Carbon Management Ltd,0.0,0.0,VCS2821,https://registry.verra.org/app/projectDetail/VCS/2821
United Kingdom,Madagascar,Cookstove,Madagascar Improved Cook Stove Project by KCM-Wood#CPA-W-058,Korea Carbon Management Ltd,0.0,0.0,VCS2823,https://registry.verra.org/app/projectDetail/VCS/2823
United Kingdom,Madagascar,Cookstove,Madagascar Improved Cook Stove Project by KCM-Wood#CPA-W-059,Korea Carbon Management Ltd,0.0,0.0,VCS2824,https://registry.verra.org/app/projectDetail/VCS/2824
United Kingdom,Madagascar,Cookstove,Madagascar Improved Cook Stove Project by KCM-Wood#CPA-W-006,Korea Carbon Management Ltd,119387.0,0.0,VCS2825,https://registry.verra.org/app/projectDetail/VCS/2825
United Kingdom,Madagascar,Cookstove,Madagascar Improved Cook Stove Project by KCM-Wood#CPA-W-007,Korea Carbon Management Ltd,120542.0,0.0,VCS2826,https://registry.verra.org/app/projectDetail/VCS/2826
United Kingdom,Madagascar,Cookstove,Madagascar Improved Cook Stove Project by KCM-Wood#CPA-W-008,Korea Carbon Management Ltd,127734.0,0.0,VCS2827,https://registry.verra.org/app/projectDetail/VCS/2827
Local/Unknown,Uganda,Cookstove,UpEnergy-Social and Climate Impact Programme-Uganda 1,UpEnergy Group,383201.0,0.0,VCS2789,https://registry.verra.org/app/projectDetail/VCS/2789
United Kingdom,Madagascar,Cookstove,Madagascar Improved Cook Stove Project by KCM-Wood#CPA-W-025,Korea Carbon Management Ltd,0.0,0.0,VCS2784,https://registry.verra.org/app/projectDetail/VCS/2784
United Kingdom,Madagascar,Cookstove,Madagascar Improved Cook Stove Project by KCM-Wood#CPA-W-026,Korea Carbon Management Ltd,0.0,0.0,VCS2785,https://registry.verra.org/app/projectDetail/VCS/2785
United Kingdom,Madagascar,Cookstove,Madagascar Improved Cook Stove Project by KCM-Wood#CPA-W-027,Korea Carbon Management Ltd,0.0,0.0,VCS2786,https://registry.verra.org/app/projectDetail/VCS/2786
United Kingdom,Madagascar,Cookstove,Madagascar Improved Cook Stove Project by KCM-Wood#CPA-W-028,Korea Carbon Management Ltd,0.0,0.0,VCS2787,https://registry.verra.org/app/projectDetail/VCS/2787
United Kingdom,Madagascar,Cookstove,Madagascar Improved Cook Stove Project by KCM-Wood#CPA-W-029,Korea Carbon Management Ltd,0.0,0.0,VCS2788,https://registry.verra.org/app/projectDetail/VCS/2788
United Kingdom,Madagascar,Cookstove,Madagascar Improved Cook Stove Project by KCM-Wood#CPA-W-014,Korea Carbon Management Ltd,104781.0,0.0,VCS2772,https://registry.verra.org/app/projectDetail/VCS/2772
United Kingdom,Madagascar,Cookstove,Madagascar Improved Cook Stove Project by KCM-Wood#CPA-W-015,Korea Carbon Management Ltd,119548.0,0.0,VCS2773,https://registry.verra.org/app/projectDetail/VCS/2773
United Kingdom,Madagascar,Cookstove,Madagascar Improved Cook Stove Project by KCM-Wood#CPA-W-016,Korea Carbon Management Ltd,91829.0,0.0,VCS2774,https://registry.verra.org/app/projectDetail/VCS/2774
United Kingdom,Madagascar,Cookstove,Madagascar Improved Cook Stove Project by KCM-Wood#CPA-W-017,Korea Carbon Management Ltd,106285.0,0.0,VCS2775,https://registry.verra.org/app/projectDetail/VCS/2775
United Kingdom,Madagascar,Cookstove,Madagascar Improved CookStove Project by KCM-Wood#CPA-W-018,Korea Carbon Management Ltd,77594.0,0.0,VCS2776,https://registry.verra.org/app/projectDetail/VCS/2776
United Kingdom,Madagascar,Cookstove,Madagascar Improved Cook Stove Project by KCM-Wood#CPA-W-019,Korea Carbon Management Ltd,96284.0,0.0,VCS2777,https://registry.verra.org/app/projectDetail/VCS/2777
United Kingdom,Madagascar,Cookstove,Madagascar Improved CookStove Project by KCM-Wood#CPA-W-020,Korea Carbon Management Ltd,67986.0,0.0,VCS2778,https://registry.verra.org/app/projectDetail/VCS/2778
United Kingdom,Madagascar,Cookstove,Madagascar Improved Cook Stove Project by KCM-Wood#CPA-W-021,Korea Carbon Management Ltd,85969.0,0.0,VCS2779,https://registry.verra.org/app/projectDetail/VCS/2779
United Kingdom,Madagascar,Cookstove,Madagascar Improved Cook Stove Project by KCM-Wood#CPA-W-022,Korea Carbon Management Ltd,57722.0,1415.0,VCS2780,https://registry.verra.org/app/projectDetail/VCS/2780
United Kingdom,Madagascar,Cookstove,Madagascar Improved Cook Stove Project by KCM-Wood#CPA-W-023,Korea Carbon Management Ltd,0.0,0.0,VCS2781,https://registry.verra.org/app/projectDetail/VCS/2781
United Kingdom,Madagascar,Cookstove,Madagascar Improved Cook Stove Project by KCM-Wood#CPA-W-024,Korea Carbon Management Ltd,0.0,0.0,VCS2782,https://registry.verra.org/app/projectDetail/VCS/2782
United Kingdom,Rwanda,Energy Efficiency,DelAgua Clean Cooking Grouped Project,DelAgua Health Rwanda (Voluntary) Limited,2408517.0,499559.0,VCS2749,https://registry.verra.org/app/projectDetail/VCS/2749
United Kingdom,Zambia,Cookstove,Fuel Efficient Stoves in Zambia – Korea Carbon Management Ltd. CPA No.1,Korea Carbon Management Ltd,100032.0,4322.0,VCS2734,https://registry.verra.org/app/projectDetail/VCS/2734
United Kingdom,Zambia,Cookstove,Fuel Efficient Stoves in Zambia (Korea Carbon Management Ltd. CPA No.02),Korea Carbon Management Ltd,451656.0,0.0,VCS2735,https://registry.verra.org/app/projectDetail/VCS/2735
Local/Unknown,South Africa,Landfill,Project: 0545 Durban Landfill-gas-to-electricity project – Mariannhill and La Mercy Landfills,eThekweni municipality cleansing & solid waste,0.0,0.0,VCS2732,https://registry.verra.org/app/projectDetail/VCS/2732
Local/Unknown,Nigeria,Distributed Solar,Solar Home Systems In Lagos - Tranche 1,Solynta Energy Limited,0.0,0.0,VCS2725,https://registry.verra.org/app/projectDetail/VCS/2725
United Kingdom,South Africa,Grassland Management,"Soil carbon improvement Project through Grassland Management, in South Africa",WeAct Pty Ltd.,805971.0,28311.0,VCS2710,https://registry.verra.org/app/projectDetail/VCS/2710
Local/Unknown,Malawi,Cookstove,Distribution of Improved Cook Stoves in Sub-Saharan Africa-Malawi-CPA-002,Bridge Carbon Africa Stoves Development Private Limited,707458.0,271262.0,VCS2711,https://registry.verra.org/app/projectDetail/VCS/2711
Multiple (mixed),Malawi,Cookstove,Distribution of Improved Cook Stoves in Sub-Saharan Africa-Malawi-CPA-006,Multiple Proponents,1935244.0,408710.0,VCS2712,https://registry.verra.org/app/projectDetail/VCS/2712
Local/Unknown,Zambia,Cookstove,Distribution of Improved Cook Stoves in Sub-Saharan Africa-Zambia-CPA-007,Bridge Carbon Africa Stoves Development Private Limited,1598600.0,0.0,VCS2713,https://registry.verra.org/app/projectDetail/VCS/2713
United Kingdom,Madagascar,Cookstove,ICS distribution for Improving life style of Malagasy Community,PA Research & Consultants Pvt. Ltd.,118655.0,0.0,VCS2707,https://registry.verra.org/app/projectDetail/VCS/2707
United Kingdom,Madagascar,Cookstove,Madagascar Improved Cook Stove Project by KCM-Wood#CPA-W-009,Korea Carbon Management Ltd,117149.0,0.0,VCS2685,https://registry.verra.org/app/projectDetail/VCS/2685
United Kingdom,Madagascar,Cookstove,Madagascar Improved Cook Stove Project by KCM-Wood#CPA-W-010,Korea Carbon Management Ltd,122288.0,0.0,VCS2687,https://registry.verra.org/app/projectDetail/VCS/2687
United Kingdom,Madagascar,Cookstove,Madagascar Improved Cook Stove Project by KCM-Wood#CPA-W-011,Korea Carbon Management Ltd,115289.0,5821.0,VCS2688,https://registry.verra.org/app/projectDetail/VCS/2688
United Kingdom,Madagascar,Cookstove,Madagascar Improved Cook Stove Project by KCM-Wood#CPA-W-012,Korea Carbon Management Ltd,121073.0,0.0,VCS2689,https://registry.verra.org/app/projectDetail/VCS/2689
United Kingdom,Madagascar,Cookstove,Madagascar Improved Cook Stove Project by KCM-Wood#CPA-W-013,Korea Carbon Management Ltd,117610.0,37806.0,VCS2690,https://registry.verra.org/app/projectDetail/VCS/2690
Local/Unknown,Nigeria,Cookstove,UpEnergy-Social and Climate Impact Programme- Nigeria-1,UpEnergy Group,41647.0,0.0,VCS2673,https://registry.verra.org/app/projectDetail/VCS/2673
Local/Unknown,DR Congo,Cookstove,UpEnergy-Social and Climate Impact Programme- DRC-1,UpEnergy Group,0.0,0.0,VCS2675,https://registry.verra.org/app/projectDetail/VCS/2675
Local/Unknown,Tanzania,Cookstove,Community Carbon Efficient Cooking Programme - Tanzania-1,Community Carbon,840643.0,183350.0,VCS2676,https://registry.verra.org/app/projectDetail/VCS/2676
Local/Unknown,DR Congo,Cookstove,Eastern DRC Cookstove Project - South Kivu,OBEN EAC S.A,1273827.0,189900.0,VCS2636,https://registry.verra.org/app/projectDetail/VCS/2636
United States,Kenya,Afforestation + Reforestation,Komaza Smallholder Farmer Forestry Kenya,Komaza Group Inc.,83335.0,8433.0,VCS2623,https://registry.verra.org/app/projectDetail/VCS/2623
Local/Unknown,Zambia,Afforestation + Reforestation,Tombwe Smallholder Reforestation Project,Tombwe Processing Limited,0.0,0.0,VCS2619,https://registry.verra.org/app/projectDetail/VCS/2619
Local/Unknown,Zambia,REDD+,COMACO Landscape Management Project - West,Community Markets for Conservation (COMACO),0.0,0.0,VCS2618,https://registry.verra.org/app/projectDetail/VCS/2618
Local/Unknown,Burundi,Cookstove,BQS improved cookstoves for Burundi’s schools,Burundi Quality Stoves S.A.,263695.0,60374.0,VCS2616,https://registry.verra.org/app/projectDetail/VCS/2616
United Kingdom,South Africa,Landfill,EnviroServ Chloorkop Landfill Gas Recovery Project,EnviroServ Waste Management (Pty) Ltd,340477.0,340477.0,VCS2601,https://registry.verra.org/app/projectDetail/VCS/2601
Local/Unknown,Mozambique,Cookstove,Domestic Cooking Stoves substitution programme in Mozambique - CER Conversion,Converted from other GHG program,7772.0,4323.0,VCS2599,https://registry.verra.org/app/projectDetail/VCS/2599
Local/Unknown,Senegal,Wind,Taiba N’Diaye Wind Power,Parc Eolien Taiba N’Diaye S.A.U,1206865.0,469198.0,VCS2588,https://registry.verra.org/app/projectDetail/VCS/2588
Multiple (mixed),Tanzania,Renewable Energy,Renewable Electricity Grouped Project in Africa,Multiple Proponents,0.0,0.0,VCS2571,https://registry.verra.org/app/projectDetail/VCS/2571
European Union,South Africa,Sustainable Agriculture,CNG AgriCarbon Rewards Programme,Anthesis B.V.,39206.0,39206.0,VCS2554,https://registry.verra.org/app/projectDetail/VCS/2554
Local/Unknown,Burundi,Cookstove,Improved cookstoves for Burundi restaurants,OBEN EAC S.A,575239.0,404673.0,VCS2540,https://registry.verra.org/app/projectDetail/VCS/2540
Local/Unknown,Benin,REDD+,Pendjari and W-Benin National Parks REDD+ Project,African Parks Benin (A Branch of African Parks Network),290700.0,0.0,VCS2538,https://registry.verra.org/app/projectDetail/VCS/2538
Local/Unknown,South Africa,Landfill,Joburg Landfill Gas to Energy Project. - CER Conversion,Converted from other GHG program,11645.0,11645.0,VCS2511,https://registry.verra.org/app/projectDetail/VCS/2511
Local/Unknown,Central African Republic,REDD+,"CHINKO CONSERVATION AREA REDD+ PROJECT, CENTRAL AFRICAN REPUBLIC",African Parks RCA,1294618.0,105496.0,VCS2510,https://registry.verra.org/app/projectDetail/VCS/2510
Local/Unknown,South Africa,Ozone Depleting Substances,A-Gas SA ODS Project,A-Gas South Africa,0.0,0.0,VCS2509,https://registry.verra.org/app/projectDetail/VCS/2509
United Kingdom,South Africa,Cookstove,Fuel Efficient Cooking in South Africa,TASC SA (Pty) Ltd.,11366246.0,11366246.0,VCS2505,https://registry.verra.org/app/projectDetail/VCS/2505
Local/Unknown,South Africa,Landfill,Durban Landfill-Gas Bisasar Road. - CER Conversion,Converted from other GHG program,24134.0,24134.0,VCS2501,https://registry.verra.org/app/projectDetail/VCS/2501
Local/Unknown,Uganda,Afforestation + Reforestation,"TIST Program in Uganda, VCS-CCB 011",Clean Air Action Corporation,508539.0,308806.0,VCS2497,https://registry.verra.org/app/projectDetail/VCS/2497
Local/Unknown,Mozambique,Sustainable Agriculture,Agri-SMART: Sustaining a resilient and inclusive development in Zambezia,Carbon Sink Group s.r.l.,0.0,0.0,VCS2485,https://registry.verra.org/app/projectDetail/VCS/2485
Local/Unknown,Uganda,Afforestation + Reforestation,Agroforestry and reforestation with small-scale farmers in Uganda,The PURE PROJECT SAS,4692.0,0.0,VCS2471,https://registry.verra.org/app/projectDetail/VCS/2471
Local/Unknown,Zambia,Cookstove,Fuel Efficient Stoves in Zambia CPA 3. - CER Conversion,Credits transferred from approved GHG program,7890.0,7890.0,VCS2463,https://registry.verra.org/app/projectDetail/VCS/2463
Local/Unknown,Nigeria,Energy Efficiency,Starsight Energy - Rooftop Solar PV and Efficient Air Conditioners,Starsight Power Utility Limited,0.0,0.0,VCS2450,https://registry.verra.org/app/projectDetail/VCS/2450
Local/Unknown,Burkina Faso,Distributed Solar,Off grid Solar PV project at IAMGOLD Essakane SA Gold Mine,Essakane Solar S.A.S.,107122.0,1729.0,VCS2434,https://registry.verra.org/app/projectDetail/VCS/2434
Local/Unknown,South Africa,Waste Gas Recovery,Use of waste gas at Namakwa Sands in South Africa - CER Conversion,Converted from other GHG program,217566.0,217566.0,VCS2433,https://registry.verra.org/app/projectDetail/VCS/2433
Local/Unknown,South Africa,N\u2082O Destruction (Nitric Acid),Omnia N2O Abatement Project II - CER Conversion,Converted from other GHG program,186734.0,186734.0,VCS2432,https://registry.verra.org/app/projectDetail/VCS/2432
Local/Unknown,Ghana,Afforestation + Reforestation,"REFORESTATION OF DEGRADED FOREST RESERVE AREAS IN GHANA, WEST AFRICA",Miro Forestry Developments Limited,399740.0,394149.0,VCS2410,https://registry.verra.org/app/projectDetail/VCS/2410
United States,Senegal,REDD+,SENEGAL AND WEST AFRICA MANGROVE PROGRAMME (SWAMP),ALLCOT A.G.,0.0,0.0,VCS2406,https://registry.verra.org/app/projectDetail/VCS/2406
United States,Senegal,REDD+,Niokolo Koba REDD+ Project,ALLCOT A.G.,0.0,0.0,VCS2407,https://registry.verra.org/app/projectDetail/VCS/2407
Local/Unknown,Sierra Leone,Afforestation + Reforestation,Reforestation of Degraded Lands in Sierra Leone,Miro Forestry Developments Limited,482771.0,465370.0,VCS2401,https://registry.verra.org/app/projectDetail/VCS/2401
Local/Unknown,Rwanda,Energy Efficiency,DelAgua Public Health Program in Eastern Africa - CER Conversion,Converted From a another GHG program CDM,650000.0,496006.0,VCS2400,https://registry.verra.org/app/projectDetail/VCS/2400
Local/Unknown,South Africa,N\u2082O Destruction (Nitric Acid),Omnia Nitrous Oxide (N20) Reduction Project - CER Conversion,Converted from other GHG program,127098.0,127098.0,VCS2393,https://registry.verra.org/app/projectDetail/VCS/2393
Local/Unknown,South Africa,N\u2082O Destruction (Nitric Acid),Project for the catalytic reduction of N2O emissions with a secondary catalyst inside the ammonia reactor of the No. 9 nitric acid plant at African Explosives Ltd (“AEL”) - CER Conversion,Converted From a another GHG program CDM,261199.0,261199.0,VCS2394,https://registry.verra.org/app/projectDetail/VCS/2394
United States,Angola,Cookstove,Installation of high efficiency wood burning cookstoves in Angola,C-Quest Capital Stoves Asia Limited,11058.0,0.0,VCS2390,https://registry.verra.org/app/projectDetail/VCS/2390
Local/Unknown,Ghana,Cookstove,Clean Cook Stoves in Sub-Saharan Africa by ClimateCare Limited - CER Conversion,Credits transferred from approved GHG program,3508.0,3508.0,VCS2389,https://registry.verra.org/app/projectDetail/VCS/2389
Local/Unknown,South Africa,N\u2082O Destruction (Nitric Acid),N2O ABATEMENT PROJECT AT AEL 11_. - CER Conversion,Converted From a another GHG program CDM,637391.0,637291.0,VCS2388,https://registry.verra.org/app/projectDetail/VCS/2388
United Kingdom,South Africa,Cookstove,Recipe for Change Grouped Project,Wonderbag UK,893398.0,450761.0,VCS2384,https://registry.verra.org/app/projectDetail/VCS/2384
Local/Unknown,Niger,Afforestation + Reforestation,Niger Acacia Senegal Plantation Project,Achats Service International,0.0,0.0,VCS2382,https://registry.verra.org/app/projectDetail/VCS/2382
United States,Rwanda,Cookstove,Installation of high efficiency wood burning cookstoves in Rwanda,C-Quest Capital Stoves Asia Limited,0.0,0.0,VCS2380,https://registry.verra.org/app/projectDetail/VCS/2380
Multiple (mixed),Zambia,Cookstove,Installation of high efficiency wood burning cookstoves in Zambia - Project 2,Multiple Proponents,951836.0,227713.0,VCS2371,https://registry.verra.org/app/projectDetail/VCS/2371
Local/Unknown,Malawi,Cookstove,Installation of high efficiency wood burning cookstoves in Malawi - Project 2,Bridge Carbon Africa Stoves Development Private Limited,4444642.0,2496202.0,VCS2372,https://registry.verra.org/app/projectDetail/VCS/2372
Local/Unknown,Tanzania,Cookstove,Installation of high efficiency wood burning cookstoves in Tanzania,Bridge Carbon Africa Stoves Development Private Limited,1041714.0,300769.0,VCS2366,https://registry.verra.org/app/projectDetail/VCS/2366
United Kingdom,Kenya,REDD+,CONSERVATION OF MIOMBOS IN TARU  KENYA REDD+,Swiss carbon Value Ltd.,0.0,0.0,VCS2363,https://registry.verra.org/app/projectDetail/VCS/2363
Local/Unknown,Kenya,Cookstove,Installation of high efficiency wood burning cookstoves in Kenya,Bridge Carbon Africa Stoves Development Private Limited,472652.0,196015.0,VCS2349,https://registry.verra.org/app/projectDetail/VCS/2349
Local/Unknown,Uganda,Cookstove,Installation of high efficiency wood burning cookstoves in Uganda,Bridge Carbon Africa Stoves Development Private Limited,31545.0,0.0,VCS2350,https://registry.verra.org/app/projectDetail/VCS/2350
Local/Unknown,Mozambique,Cookstove,Installation of high efficiency wood burning cookstoves in Mozambique,Bridge Carbon Africa Stoves Development Private Limited,200824.0,22058.0,VCS2351,https://registry.verra.org/app/projectDetail/VCS/2351
Multiple (mixed),Zambia,Cookstove,Installation of high efficiency wood burning cookstoves in Zambia,Multiple Proponents,780281.0,316392.0,VCS2340,https://registry.verra.org/app/projectDetail/VCS/2340
Local/Unknown,Zimbabwe,Cookstove,Installation of high efficiency wood burning cookstoves in Zimbabwe,Bridge Carbon Africa Stoves Development Private Limited,1249487.0,456748.0,VCS2341,https://registry.verra.org/app/projectDetail/VCS/2341
Local/Unknown,Malawi,Cookstove,Installation of high efficiency wood burning cookstoves in Malawi,Bridge Carbon Africa Stoves Development Private Limited,2803221.0,1479715.0,VCS2342,https://registry.verra.org/app/projectDetail/VCS/2342
Local/Unknown,Kenya,Afforestation + Reforestation,"TIST Program in Kenya, VCS-CCB 010",Clean Air Action Corporation,22104.0,21443.0,VCS2338,https://registry.verra.org/app/projectDetail/VCS/2338
Local/Unknown,Uganda,Afforestation + Reforestation,"TIST Program in Uganda, VCS-CCB 010",Clean Air Action Corporation,155813.0,126400.0,VCS2339,https://registry.verra.org/app/projectDetail/VCS/2339
Local/Unknown,Guinea-Bissau,REDD+,COMMUNITY BASED AVOIDED DEFORESTATION PROJECT IN GUINEA-BISSAU - REDD,BioGuinea Foundation,302043.0,141566.0,VCS2324,https://registry.verra.org/app/projectDetail/VCS/2324
United Kingdom,DR Congo,REDD+,National REDD+ Project in the Democratic Republic of Congo,Kanaka Management Services Pvt. Ltd,0.0,0.0,VCS2320,https://registry.verra.org/app/projectDetail/VCS/2320
Local/Unknown,DR Congo,Hydropower,Luviro hydro plant,AERA Group.,0.0,0.0,VCS2318,https://registry.verra.org/app/projectDetail/VCS/2318
United Kingdom,Madagascar,Cookstove,Madagascar Improved Cookstove Project by KCM-Wood#CPA-W-001,Korea Carbon Management Ltd,107962.0,1643.0,VCS2311,https://registry.verra.org/app/projectDetail/VCS/2311
United Kingdom,Madagascar,Cookstove,Madagascar Improved Cookstove Project by KCM-Wood#CPA-W-002,Korea Carbon Management Ltd,112265.0,3423.0,VCS2312,https://registry.verra.org/app/projectDetail/VCS/2312
United Kingdom,Madagascar,Cookstove,Madagascar Improved Cookstove Project by KCM-Wood#CPA-W-003,Korea Carbon Management Ltd,112410.0,3490.0,VCS2313,https://registry.verra.org/app/projectDetail/VCS/2313
United Kingdom,Madagascar,Cookstove,Madagascar Improved Cookstove Project by KCM-Wood#CPA-W-004,Korea Carbon Management Ltd,113793.0,2434.0,VCS2314,https://registry.verra.org/app/projectDetail/VCS/2314
United Kingdom,Madagascar,Cookstove,Madagascar Improved Cookstove Project by KCM-Wood#CPA-W-005,Korea Carbon Management Ltd,120894.0,270.0,VCS2315,https://registry.verra.org/app/projectDetail/VCS/2315
United Kingdom,Mauritius,Centralized Solar,Henrietta solar PV project,Akuo Energy (Mauritius) Ltd,123779.0,21487.0,VCS2309,https://registry.verra.org/app/projectDetail/VCS/2309
Local/Unknown,Madagascar,Centralized Solar,Ambatolampy Solar PV,New Energy Africa Ambatolampy (NEA Ambatolampy),175043.0,48701.0,VCS2307,https://registry.verra.org/app/projectDetail/VCS/2307
United Kingdom,Mauritius,Centralized Solar,Solitude 16 MW solar PV,Voltas Yellow Ltd,114663.0,77448.0,VCS2308,https://registry.verra.org/app/projectDetail/VCS/2308
Local/Unknown,South Africa,Landfill,Durban Landfill-Gas Bisasar Road,eThekweni municipality cleansing & solid waste,124884.0,124884.0,VCS787,https://registry.verra.org/app/projectDetail/VCS/787
Local/Unknown,Zambia,Cookstove,Fuel Efficient Stoves in Zambia CPA 3,3 Rocks Limited,14648.0,14601.0,VCS1253,https://registry.verra.org/app/projectDetail/VCS/1253
Local/Unknown,Zambia,Cookstove,Fuel Efficient Stoves in Zambia CPA 2,3 Rocks Limited,53122.0,53122.0,VCS1252,https://registry.verra.org/app/projectDetail/VCS/1252
Local/Unknown,Zambia,Cookstove,Fuel Efficient Stoves in Zambia CPA 1,3 Rocks Limited,48895.0,48895.0,VCS1251,https://registry.verra.org/app/projectDetail/VCS/1251
Local/Unknown,South Africa,Afforestation + Reforestation,Renencom Afforestation/Reforestation Grouped Project,Renencom,0.0,0.0,VCS1339,https://registry.verra.org/app/projectDetail/VCS/1339
Local/Unknown,Kenya,Geothermal,OLKARIA III PHASE 2 GEOTHERMAL EXPANSION PROJECT IN KENYA,JPMorgan Ventures Energy Corportaion,244798.0,244798.0,VCS881,https://registry.verra.org/app/projectDetail/VCS/881
Local/Unknown,Senegal,Afforestation + Reforestation,Jatropha Agroforestry Senegal,African National Oil Corporation s.a.r.l.,480.0,480.0,VCS1071,https://registry.verra.org/app/projectDetail/VCS/1071
Local/Unknown,Egypt,Biomass,Waste Gas-based Cogeneration Project at Alexandria Carbon Black,Alexandria Carbon Black Co. S.A.E.,26597.0,26597.0,VCS854,https://registry.verra.org/app/projectDetail/VCS/854
European Union,Mozambique,Afforestation + Reforestation,"Revegetation with fruit trees in North Manica Province, Mozambique",Agrimoz S.a r.l.,10826.0,8568.0,VCS2085,https://registry.verra.org/app/projectDetail/VCS/2085
Local/Unknown,Madagascar,Hydropower,Jiro Kanto rural hydro-electricity in Alaotra-Mangoro,BETC Nanala,0.0,0.0,VCS2080,https://registry.verra.org/app/projectDetail/VCS/2080
Local/Unknown,Egypt,Centralized Solar,200 MW Kom Ombo Solar PV Power Project In Egypt,ACWA Power Komombo for Energy,0.0,0.0,VCS2046,https://registry.verra.org/app/projectDetail/VCS/2046
Local/Unknown,Morocco,Centralized Solar,OUARZAZATE IV CONCENTRATED SOLAR POWER PROJECT,Numerco Limited,137530.0,111886.0,VCS2036,https://registry.verra.org/app/projectDetail/VCS/2036
Local/Unknown,Egypt,Centralized Solar,Benban Solar PV Project (Plot 3_1),Alcom Energy,232275.0,42185.0,VCS2003,https://registry.verra.org/app/projectDetail/VCS/2003
Local/Unknown,Morocco,Centralized Solar,Ouarzazate II Concentrated Solar Power Project,Numerco Limited,556706.0,151405.0,VCS2004,https://registry.verra.org/app/projectDetail/VCS/2004
Local/Unknown,Morocco,Centralized Solar,OUARZAZATE III CONCENTRATED SOLAR POWER PROJECT,Numerco Limited,127480.0,86623.0,VCS2005,https://registry.verra.org/app/projectDetail/VCS/2005
Local/Unknown,Egypt,Centralized Solar,Benban Solar PV Project (Plot 43_4),Acwa Ben Ban one for Energy,232304.0,79142.0,VCS2007,https://registry.verra.org/app/projectDetail/VCS/2007
Local/Unknown,Egypt,Centralized Solar,Benban Solar PV Project (Plot 42_4),TK for Solar and Renewable Energy Systems,101515.0,24361.0,VCS2008,https://registry.verra.org/app/projectDetail/VCS/2008
Local/Unknown,Morocco,Wind,Oualidia 1&2 Wind Projects.,AERA Group,74475.0,50000.0,VCS1989,https://registry.verra.org/app/projectDetail/VCS/1989
United Kingdom,South Africa,Biomass,Ngodwana Biomass to Energy Project,Ngodwana Energy (Pty) Ltd.,133553.0,60230.0,VCS1982,https://registry.verra.org/app/projectDetail/VCS/1982
Local/Unknown,Morocco,Wind,Oualidia 1&2 Wind Projects,AERA Group,0.0,0.0,VCS1977,https://registry.verra.org/app/projectDetail/VCS/1977
Local/Unknown,Senegal,Centralized Solar,SAKAL SOLAR FARM,INNOVENT SENEGAL S.A,127940.0,127940.0,VCS1971,https://registry.verra.org/app/projectDetail/VCS/1971
Local/Unknown,Tunisia,Centralized Solar,Tataouine Solar Photovoltaic Plant in Tunisia,SEREE,0.0,0.0,VCS1963,https://registry.verra.org/app/projectDetail/VCS/1963
United Kingdom,Namibia,Centralized Solar,Aussenkehr solar,ALCON CONSULTING SERVICES (PTY) LTD,105348.0,47787.0,VCS1959,https://registry.verra.org/app/projectDetail/VCS/1959
Multiple (mixed),South Africa,Wind,Longyuan Mulilo De Aar Maanhaarberg Wind Energy Facility,Multiple Proponents,1744952.0,914193.0,VCS1949,https://registry.verra.org/app/projectDetail/VCS/1949
Multiple (mixed),South Africa,Wind,Longyuan Mulilo De Aar 2 North Wind Energy Facility,Multiple Proponents,2794486.0,1079296.0,VCS1950,https://registry.verra.org/app/projectDetail/VCS/1950
France,Kenya,Sustainable Agriculture,Livelihoods Mount Elgon Project,Livelihoods Fund SICAV SIF,50284.0,6628.0,VCS1944,https://registry.verra.org/app/projectDetail/VCS/1944
United States,Kenya,Cookstove,Paradigm Kenya Clean Cookstoves Project,"Blue Source, LLC",308825.0,260474.0,VCS1918,https://registry.verra.org/app/projectDetail/VCS/1918
United Kingdom,Namibia,Wind,Ombepo Wind,Ombepo Energy (Pty) Ltd,174020.0,111457.0,VCS1915,https://registry.verra.org/app/projectDetail/VCS/1915
United Kingdom,Tanzania,REDD+,Makame Savannah REDD,Carbon Tanzania,1239936.0,901185.0,VCS1900,https://registry.verra.org/app/projectDetail/VCS/1900
United Kingdom,Tanzania,REDD+,Ntakata Mountains REDD,Carbon Tanzania,3871700.0,3409460.0,VCS1897,https://registry.verra.org/app/projectDetail/VCS/1897
Multiple (mixed),Namibia,Centralized Solar,Ejuva One and Ejuva Two Solar Projects,Multiple Proponents,184045.0,123478.0,VCS1885,https://registry.verra.org/app/projectDetail/VCS/1885
Multiple (mixed),South Africa,N\u2082O Destruction (Nitric Acid),N2O ABATEMENT PROJECT AT AEL 11_,Multiple Proponents,151457.0,151457.0,VCS1872,https://registry.verra.org/app/projectDetail/VCS/1872
Multiple (mixed),South Africa,N\u2082O Destruction (Nitric Acid),N2O ABATEMENT PROJECT AT AEL 9_,Multiple Proponents,0.0,0.0,VCS1873,https://registry.verra.org/app/projectDetail/VCS/1873
United Kingdom,South Africa,Compost,Reliance Composting Project in Cape Town,Recarbon Ground Trading (Pty) Ltd,307043.0,306466.0,VCS1817,https://registry.verra.org/app/projectDetail/VCS/1817
Multiple (mixed),Mali,Afforestation + Reforestation,Jatropha Curcas grouped project in Mali,Multiple Proponents,0.0,0.0,VCS829,https://registry.verra.org/app/projectDetail/VCS/829
Local/Unknown,Madagascar,Afforestation + Reforestation,Reforestation of deforested land in Madagascar,EcoFormation,0.0,0.0,VCS1327,https://registry.verra.org/app/projectDetail/VCS/1327
United Kingdom,South Africa,Landfill,Interwaste Landfill gas Grouped Project,Interwaste (Pty) Ltd,147124.0,145835.0,VCS1794,https://registry.verra.org/app/projectDetail/VCS/1794
United Kingdom,Uganda,Afforestation + Reforestation,Bukaleba Forest Project,Busoga Forestry Co. Ltd (Subsidiary Green Resources),351909.0,193540.0,VCS799,https://registry.verra.org/app/projectDetail/VCS/799
Local/Unknown,Senegal,Centralized Solar,Grid-connected Solar PV project in Bokhol,Senergy 2 SAS,179065.0,176512.0,VCS1774,https://registry.verra.org/app/projectDetail/VCS/1774
Multiple (mixed),Zambia,REDD+,Luangwa Community Forests Project,Multiple Proponents,12067488.0,11396399.0,VCS1775,https://registry.verra.org/app/projectDetail/VCS/1775
Local/Unknown,Namibia,Centralized Solar,Outapi Pv Plant,Camelthorm Business Ventures No. 2,61704.0,31539.0,VCS1766,https://registry.verra.org/app/projectDetail/VCS/1766
Multiple (mixed),Senegal,Wetland,The Haidar EL ALI Mangrove Initiative (HEAMI),Multiple Proponents,0.0,0.0,VCS1760,https://registry.verra.org/app/projectDetail/VCS/1760
United States,Ghana,Ozone Depleting Substances,TW Ghana ODS Project,"Tradewater, LLC",155431.0,152431.0,VCS1752,https://registry.verra.org/app/projectDetail/VCS/1752
Local/Unknown,Madagascar,REDD+,Beampingaratsy REDD Project,BNC REDD+,0.0,0.0,VCS1743,https://registry.verra.org/app/projectDetail/VCS/1743
Local/Unknown,Mauritania,Centralized Solar,Large scale grid connected solar PV Project in Toujounine (Nouakchott),SOMELEC,314483.0,240355.0,VCS1734,https://registry.verra.org/app/projectDetail/VCS/1734
Local/Unknown,Mauritania,Wind,Nouakchott 30 MW wind power plant,SOMELEC,638721.0,486750.0,VCS1733,https://registry.verra.org/app/projectDetail/VCS/1733
Multiple (mixed),Malawi,Cookstove,Improved Cookstoves Project for Malawi and cross-border regions of Mozambique CPA MAL  005,Multiple Proponents,6761.0,6582.0,VCS1719,https://registry.verra.org/app/projectDetail/VCS/1719
Local/Unknown,DR Congo,Hydropower,Matebe Hydroelectric plant,Virunga Energies,251509.0,141976.0,VCS1716,https://registry.verra.org/app/projectDetail/VCS/1716
Local/Unknown,South Africa,Landfill,Durban Landfill-gas-to-electricity project – Mariannhill and La Mercy Landfills - CER Conversion,Credits transferred from approved GHG program,66201.0,62343.0,VCS1702,https://registry.verra.org/app/projectDetail/VCS/1702
Multiple (mixed),South Africa,Afforestation + Reforestation,Peri-urban bamboo planting around South African townships,Multiple Proponents,0.0,0.0,VCS721,https://registry.verra.org/app/projectDetail/VCS/721
United Kingdom,Ghana,Afforestation + Reforestation,Reforestation of Degraded Forest Reserves in Ghana,Form Ghana Ltd,1138349.0,997777.0,VCS987,https://registry.verra.org/app/projectDetail/VCS/987
Local/Unknown,Senegal,Centralized Solar,Kahone Solar PV Plant,ENERGY RESOURCES SENEGAL SA,129378.0,63961.0,VCS1683,https://registry.verra.org/app/projectDetail/VCS/1683
Local/Unknown,Malawi,Afforestation + Reforestation,Fuelling a greener future for farmers in Malawi through the use of Jatropha curcas,Bio Energy Resources Limited (BERL),0.0,0.0,VCS898,https://registry.verra.org/app/projectDetail/VCS/898
United Kingdom,South Africa,Mine Methane,The Capture and Utilisation of Methane at the GFI Mining South Africa owned Beatrix Mine in South Africa,Sibanye Gold Ltd,9643.0,9643.0,VCS992,https://registry.verra.org/app/projectDetail/VCS/992
Local/Unknown,Uganda,Hydropower,Bugoye 13.0 MW Run-of-River Hydropower Project,Bugoye Hydro Limited,332522.0,258124.0,VCS1199,https://registry.verra.org/app/projectDetail/VCS/1199
European Union,Mozambique,REDD+,Gilé National Reserve REDD Project,National Mozambican Public Agency for Parks and Reserves Conservation (ANAC),0.0,0.0,VCS1674,https://registry.verra.org/app/projectDetail/VCS/1674
European Union,Kenya,Sustainable Agriculture,Kenya Agricultural Carbon Project,Vi Agroforestry Programme,325825.0,195129.0,VCS1225,https://registry.verra.org/app/projectDetail/VCS/1225
European Union,Madagascar,REDD+,"Carbon Emissions Reduction Project in the Corridor Ankeniheny-Zahamena (CAZ) Protected Area, Madagascar","Govt. of Madagascar, Direction Generale des Forets",3915496.0,30290.0,VCS1311,https://registry.verra.org/app/projectDetail/VCS/1311
Local/Unknown,Zambia,REDD+,Musokotwane REDD+ Project,Zambruss Enterprises,0.0,0.0,VCS1672,https://registry.verra.org/app/projectDetail/VCS/1672
Multiple (mixed),Uganda,Hydropower,Ishasha 6.6 MW Small Hydropower Project,Multiple Proponents,80138.0,71624.0,VCS1286,https://registry.verra.org/app/projectDetail/VCS/1286
European Union,Liberia,Biomass,HPP Project Liberia,Liberian Agricultural Company,22906.0,13226.0,VCS1665,https://registry.verra.org/app/projectDetail/VCS/1665
Local/Unknown,Kenya,Cookstove,Improved Jikos Project in Kenya,ClimateCare Limited,0.0,0.0,VCS1662,https://registry.verra.org/app/projectDetail/VCS/1662
Local/Unknown,South Africa,Biomass,Tugela Mill Fuel Switching Project - CER Conversion,Credits transferred from approved GHG program,39980.0,39980.0,VCS1658,https://registry.verra.org/app/projectDetail/VCS/1658
Local/Unknown,Senegal,Centralized Solar,Centrale Solaire de Malicounda - Groupe Solaria,SENELEC,0.0,0.0,VCS1652,https://registry.verra.org/app/projectDetail/VCS/1652
United Kingdom,South Africa,Recycling,The New Horizons (ATHLONE) Waste to Energy Project,New Horizons Waste to Energy (Pty) Ltd,0.0,0.0,VCS1643,https://registry.verra.org/app/projectDetail/VCS/1643
Local/Unknown,Uganda,Afforestation + Reforestation,"TIST Program in Uganda, VCS 005",Clean Air Action Corporation,625885.0,623237.0,VCS993,https://registry.verra.org/app/projectDetail/VCS/993
Local/Unknown,Uganda,Afforestation + Reforestation,"TIST Program in Uganda, VCS 006",Clean Air Action Corporation,168442.0,155897.0,VCS995,https://registry.verra.org/app/projectDetail/VCS/995
Local/Unknown,Uganda,Afforestation + Reforestation,"TIST Program in Uganda, VCS 001",Clean Air Action Corporation,245014.0,244505.0,VCS824,https://registry.verra.org/app/projectDetail/VCS/824
Local/Unknown,Uganda,Afforestation + Reforestation,"TIST Program in Uganda, VCS 002",Clean Air Action Corporation,95277.0,95277.0,VCS825,https://registry.verra.org/app/projectDetail/VCS/825
Local/Unknown,Uganda,Afforestation + Reforestation,"TIST Program in Uganda, VCS 004",Clean Air Action Corporation,25819.0,25819.0,VCS826,https://registry.verra.org/app/projectDetail/VCS/826
Local/Unknown,Uganda,Afforestation + Reforestation,"TIST Program in Uganda, VCS 003",Clean Air Action Corporation,80538.0,80538.0,VCS827,https://registry.verra.org/app/projectDetail/VCS/827
Local/Unknown,Kenya,Afforestation + Reforestation,"TIST Program in Kenya, VCS 006",Clean Air Action Corporation,1001808.0,967961.0,VCS899,https://registry.verra.org/app/projectDetail/VCS/899
Local/Unknown,Kenya,Afforestation + Reforestation,"TIST Program in Kenya, VCS 005",Clean Air Action Corporation,997867.0,997728.0,VCS737,https://registry.verra.org/app/projectDetail/VCS/737
United Kingdom,South Africa,Afforestation + Reforestation,Kuzuko Lodge Private Game Reserve thicket restoration project,Spekboom Trading (Pty) Ltd,0.0,0.0,VCS1343,https://registry.verra.org/app/projectDetail/VCS/1343
Multiple (mixed),Malawi,REDD+,"Kulera Landscape REDD+ Program for Co-Managed Protected Areas, Malawi",Multiple Proponents,3325607.0,2993736.0,VCS1168,https://registry.verra.org/app/projectDetail/VCS/1168
United States,Kenya,REDD+,The Kasigau Corridor REDD Project – Phase I Rukinga Sanctuary,Wildlife Works Carbon LLC,3818704.0,3522111.0,VCS562,https://registry.verra.org/app/projectDetail/VCS/562
Local/Unknown,Kenya,Biomass,KSAIL Bagasse Power Project,Kibos Sugar and Allied Industries Limited,7504.0,0.0,VCS1347,https://registry.verra.org/app/projectDetail/VCS/1347
United States,DR Congo,REDD+,The Mai Ndombe REDD+ Project,Wildlife Works Carbon LLC,42534256.0,23293512.0,VCS934,https://registry.verra.org/app/projectDetail/VCS/934
Local/Unknown,Tanzania,Landfill,"Landfill gas recovery and electricity generation at “Mtoni Dumpsite”, Dar Es Salaam, Tanzania - CER Conversion",Credits transferred from approved GHG program,25200.0,4408.0,VCS1564,https://registry.verra.org/app/projectDetail/VCS/1564
United Kingdom,Tanzania,Afforestation + Reforestation,"Reforestation of degraded grasslands in Uchindile & Mapanda, Tanzania",Green Resources Tanzania Ltd (GRL),753975.0,696663.0,VCS142,https://registry.verra.org/app/projectDetail/VCS/142
Local/Unknown,Kenya,REDD+,Chyulu Hills REDD+ Project,Chyulu Hills Conservation Trust,5172697.0,4820742.0,VCS1408,https://registry.verra.org/app/projectDetail/VCS/1408
Local/Unknown,Ghana,Cookstove,African Improved Cooking Stoves Grouped Project,Vitol SA,48944.0,2.0,VCS983,https://registry.verra.org/app/projectDetail/VCS/983
European Union,Madagascar,REDD+,"Carbon Emissions Reduction Project in the Forest Corridor Ambositra-Vondrozo (COFAV), Madagascar","Govt. of Madagascar, Direction Generale des Forets",0.0,0.0,VCS1047,https://registry.verra.org/app/projectDetail/VCS/1047
Local/Unknown,Ethiopia,REDD+,Bale Mountains Eco-region REDD+ project,Oromia Forest and Wildlife Enterprise,10595345.0,8143102.0,VCS1340,https://registry.verra.org/app/projectDetail/VCS/1340
United Kingdom,South Africa,Centralized Solar,One True Measure (Pty) Ltd Solar PV Grouped Project in South Africa,One True Measure (Pty) Ltd,0.0,0.0,VCS1545,https://registry.verra.org/app/projectDetail/VCS/1545
Local/Unknown,South Africa,Mass Transit,"BRT REA VAYA PHASE 1A AND 1B, SOUTH AFRICA",City of Johannesburg: Transportation Department,0.0,0.0,VCS695,https://registry.verra.org/app/projectDetail/VCS/695
Local/Unknown,South Africa,Landfill,Joburg Landfill Gas to Energy Project,Energy Joburg RF (PTY) Limited,1052117.0,1052117.0,VCS1240,https://registry.verra.org/app/projectDetail/VCS/1240
Local/Unknown,South Africa,Cookstove,"Saving the Planet, one stew at a time",TAKE BACK THE FUTURE CC,218967.0,218967.0,VCS935,https://registry.verra.org/app/projectDetail/VCS/935
Multiple (mixed),Uganda,Wastewater Methane,Anaerobic digestion and heat generation at Sugar Corporation of Uganda Limited,Multiple Proponents,73257.0,40022.0,VCS1393,https://registry.verra.org/app/projectDetail/VCS/1393
Local/Unknown,Zambia,REDD+,COMACO Landscape Management Project,Community Markets for Conservation (COMACO),1638099.0,1093360.0,VCS1532,https://registry.verra.org/app/projectDetail/VCS/1532
Local/Unknown,Kenya,Afforestation + Reforestation,"TIST Program in Kenya, VCS 009",Clean Air Action Corporation,299772.0,299772.0,VCS996,https://registry.verra.org/app/projectDetail/VCS/996
Local/Unknown,Kenya,Afforestation + Reforestation,"TIST Program in Kenya, VCS 001",Clean Air Action Corporation,61903.0,61853.0,VCS594,https://registry.verra.org/app/projectDetail/VCS/594
Local/Unknown,Kenya,Afforestation + Reforestation,"TIST Program in Kenya, VCS 002",Clean Air Action Corporation,37247.0,37247.0,VCS595,https://registry.verra.org/app/projectDetail/VCS/595
Local/Unknown,Kenya,Afforestation + Reforestation,"TIST Program in Kenya, VCS 003",Clean Air Action Corporation,68288.0,68288.0,VCS596,https://registry.verra.org/app/projectDetail/VCS/596
Local/Unknown,Kenya,Afforestation + Reforestation,"TIST Program in Kenya, VCS 004",Clean Air Action Corporation,30575.0,30575.0,VCS597,https://registry.verra.org/app/projectDetail/VCS/597
Local/Unknown,Cote d'Ivoire,Hydropower,Soubre Hydropower Project,CI-ENERGIES,4967399.0,407657.0,VCS1522,https://registry.verra.org/app/projectDetail/VCS/1522
Local/Unknown,South Africa,Lighting,Lighting up Africa,Standard Bank Plc,0.0,0.0,VCS1324,https://registry.verra.org/app/projectDetail/VCS/1324
European Union,Tanzania,REDD+,Village Climate Solutions,Village Climate Solutions Limited,36171.0,25375.0,VCS1325,https://registry.verra.org/app/projectDetail/VCS/1325
Local/Unknown,South Africa,N\u2082O Destruction (Nitric Acid),Sasol Nitrous Oxide Abatement Project - CER Conversion,Credits transferred from approved GHG program,551281.0,551281.0,VCS1512,https://registry.verra.org/app/projectDetail/VCS/1512
Local/Unknown,South Africa,Landfill,EnviroServ Chloorkop Landfill Gas Recovery Project - CER Conversion,Credits transferred from approved GHG program,154440.0,154440.0,VCS1514,https://registry.verra.org/app/projectDetail/VCS/1514
Local/Unknown,South Africa,N\u2082O Destruction (Nitric Acid),Omnia Fertilizer Limited Nitrous Oxide (N2O) Reduction Project - CER Conversion,Credits transferred from approved GHG program,20179.0,20179.0,VCS1515,https://registry.verra.org/app/projectDetail/VCS/1515
Local/Unknown,Madagascar,REDD+,The Makira Forest Protected Area in Madagascar,The Wildlife Conservation Society (WCS),1796963.0,626567.0,VCS1215,https://registry.verra.org/app/projectDetail/VCS/1215
Local/Unknown,Uganda,Afforestation + Reforestation,Natural High Forest Rehabilitation Project on degraded land of Kibale National Park,PRIMAKLIMA e.V.,1092577.0,1054498.0,VCS673,https://registry.verra.org/app/projectDetail/VCS/673
United States,Kenya,REDD+,The Kasigau Corridor REDD Project - Phase II The Community Ranches,Wildlife Works Carbon LLC,17720553.0,8992884.0,VCS612,https://registry.verra.org/app/projectDetail/VCS/612
European Union,Madagascar,Hydropower,Small-Scale Hydropower Project Sahanivotry In Madagascar.,Hydelec Madagascar,372730.0,270645.0,VCS1319,https://registry.verra.org/app/projectDetail/VCS/1319
Local/Unknown,Uganda,Hydropower,Bujagali Hydropower Project - CER Conversion,Credits transferred from approved GHG program,635939.0,627270.0,VCS1505,https://registry.verra.org/app/projectDetail/VCS/1505
Local/Unknown,Sierra Leone,REDD+,Gola REDD project,Gola Rainforest Conservation LG,2672520.0,2247435.0,VCS1201,https://registry.verra.org/app/projectDetail/VCS/1201
Local/Unknown,Madagascar,Hydropower,Tsiazompaniry Hydropower Project in Madagascar,HENRI FRAISE FILS & Cie,0.0,0.0,VCS1494,https://registry.verra.org/app/projectDetail/VCS/1494
France,Senegal,Wetland,Livelihoods' mangrove restoration grouped project in Senegal,Livelihoods Fund SICAV SIF,509816.0,385167.0,VCS1318,https://registry.verra.org/app/projectDetail/VCS/1318
United Kingdom,Mauritius,Centralized Solar,La Ferme - Bambous solar photovoltaic power plant,Sarako Pvp Co Ltd,213006.0,139265.0,VCS1483,https://registry.verra.org/app/projectDetail/VCS/1483
Local/Unknown,Morocco,Wind,FOUM EL OUED WIND FARM PROJECT,Energie Eolienne du Maroc,0.0,0.0,VCS1062,https://registry.verra.org/app/projectDetail/VCS/1062
Local/Unknown,Kenya,Grassland Management,Northern Kenya Grassland Carbon Project,Northern Rangelands Trust,6763174.0,1975548.0,VCS1468,https://registry.verra.org/app/projectDetail/VCS/1468
Local/Unknown,Zimbabwe,REDD+,KARIBA REDD+ PROJECT,Carbon Green Investments (Guernsey),29016364.0,25706778.0,VCS902,https://registry.verra.org/app/projectDetail/VCS/902
United Kingdom,Kenya,Cookstove,Efficient Cook Stove Programme: Kenya CPA No. 1,co2balance Ltd,125922.0,125500.0,VCS941,https://registry.verra.org/app/projectDetail/VCS/941
United Kingdom,Kenya,Cookstove,Efficient Cook Stove Programme: Kenya CPA No. 2 Mathira East District co2balance UK Ltd,co2balance UK,61231.0,61033.0,VCS1082,https://registry.verra.org/app/projectDetail/VCS/1082
Local/Unknown,Madagascar,Hydropower,Pico Hydro-Electricity Dissemination programme for Rural Electrification,Tany Meva Fundation,0.0,0.0,VCS1458,https://registry.verra.org/app/projectDetail/VCS/1458
Multiple (mixed),Tanzania,REDD+,HIMA (Hifadhi ya Misitu ya Asili ya jamii) REDD+ Program,Multiple Proponents,0.0,0.0,VCS1381,https://registry.verra.org/app/projectDetail/VCS/1381
Local/Unknown,Madagascar,Compost,Composting of Municipal organic waste in Mahajanga (Madagascar),Goodplanet,39986.0,39986.0,VCS353,https://registry.verra.org/app/projectDetail/VCS/353
Local/Unknown,Zambia,REDD+,LOWER ZAMBEZI REDD+ PROJECT,BioCarbon Partners,2421395.0,2415731.0,VCS1202,https://registry.verra.org/app/projectDetail/VCS/1202
Local/Unknown,Ethiopia,Afforestation + Reforestation,"East African Afforestation, Reforestation and Revegetation Program",Horn of Africa Regional Environment Center and Network (HoA-REC&N),0.0,0.0,VCS1443,https://registry.verra.org/app/projectDetail/VCS/1443
Local/Unknown,DR Congo,REDD+,Isangi REDD+ Project,"SAFBOIS, SPRL",1391623.0,1291248.0,VCS1359,https://registry.verra.org/app/projectDetail/VCS/1359
Local/Unknown,South Africa,Afforestation + Reforestation,Tree Planting in South African townships,Food and Trees for Africa (FTFA),0.0,0.0,VCS720,https://registry.verra.org/app/projectDetail/VCS/720
Local/Unknown,Madagascar,REDD+,failed,MER,0.0,0.0,VCS2177,https://registry.verra.org/app/projectDetail/VCS/2177
Local/Unknown,Burkina Faso,REDD+,Burkina Faso REDD+ Program,Permanent Secretariat for REDD+,0.0,0.0,ART121,https://art.apx.com/mymodule/reg/prjView.asp?id1=121
Local/Unknown,Cote d'Ivoire,REDD+,Cote d'Ivoire Tai National Park Area Emission Reductions Program,"DIRECTION GENERALE DES FINANCEMENTS, MINISTERE DE L'ECONOMIE, DES FINANCES ET DU BUDGET, RCI",429590.0,279590.0,ART130,https://art.apx.com/mymodule/reg/prjView.asp?id1=130
Local/Unknown,DR Congo,REDD+,DRC Province of Tshuapa,"Ministry of Environment, Sustainable Development and the New Climate Economy DRC",0.0,0.0,ART112,https://art.apx.com/mymodule/reg/prjView.asp?id1=112
Local/Unknown,Ethiopia,REDD+,Ethiopia,Ethiopian Forestry Development,0.0,0.0,ART116,https://art.apx.com/mymodule/reg/prjView.asp?id1=116
Local/Unknown,Gabon,REDD+,Gabon,Conseil National Climat (CNC - National Climate Council),0.0,0.0,ART114,https://art.apx.com/mymodule/reg/prjView.asp?id1=114
Local/Unknown,Ghana,REDD+,Ghana,Forestry Commission of Ghana,0.0,0.0,ART106,https://art.apx.com/mymodule/reg/prjView.asp?id1=106
Local/Unknown,Uganda,REDD+,Uganda,Ministry of Water and Environment,0.0,0.0,ART118,https://art.apx.com/mymodule/reg/prjView.asp?id1=118
Local/Unknown,South Africa,Unknown,A-Gas International 1,,0.0,0.0,ACR740,https://acr2.apx.com/mymodule/reg/prjView.asp?id1=740
Local/Unknown,Ghana,Unknown,Reforestation of Degraded Forest Reserve Land in Ghana,Mere Plantations Limited,361327.0,1.0,CCB66,https://www.ecoregistry.io/projects/CDC-66
European Union,Ethiopia,Unknown,Avoidance of methane emission from Municipal Solid Waste project in Ethiopia,Kanaka Management Services Private Limited,346820.0,0.0,CCB238,https://www.ecoregistry.io/projects/CDC-238
Local/Unknown,Kenya,Unknown,13.5 MW Waste Heat Recovery Project by National Cement Company Limited,Asvata Climate Solutions Private Limited,0.0,0.0,CCB272,https://www.ecoregistry.io/projects/CDC-269
United Kingdom,South Africa,Unknown,Vinaqua WWTP Carbon Project,Ammonite Environmental (Pty) Ltd,0.0,0.0,CCB274,https://www.ecoregistry.io/projects/CDC-271
Local/Unknown,South Africa,Biochar,B10 - Brondal #1,B10,0.0,0.0,ISO8WQK,https://to.isometric.com/prj_1JTZ7NRK81S0GA0S
Local/Unknown,Kenya,Biochar,Carboneyes: Udongo,Carboneyes,0.0,0.0,ISOPHZ6,https://to.isometric.com/prj_1KFTFVQTY1S08RE0
Local/Unknown,Ghana,Biochar,Cocoa Biochar Carboneers,Carboneers,0.0,0.0,ISOCPC1,https://to.isometric.com/prj_1K2YPGE781S0A3Q0
Local/Unknown,Ghana,Biochar,Drobonso Carbon,Nordic Carbon Partners,0.0,0.0,ISOFZ80,https://to.isometric.com/prj_1K9W3ZCY71S0NRMS
Local/Unknown,Kenya,Biochar,EcoFix Kenya,Terraton,0.0,0.0,ISO62NK,https://to.isometric.com/prj_1K4XA2FF31S0T7V9
Local/Unknown,Tanzania,Biochar,KFL - atmosfair Mafia Island biochar,Kisiwa Farming,0.0,0.0,ISOD658,https://to.isometric.com/prj_1KA8WSNN61S09FHS
Local/Unknown,DR Congo,Afforestation + Reforestation,Miombo Renewal,Carbon Ventures Africa,0.0,0.0,ISOGG0F,https://to.isometric.com/prj_1K9A90ZPH1S0ZJ9S
Local/Unknown,Tanzania,Biochar,Sifuri Halisi TZ001-B,Dark Earth Carbon,0.0,0.0,ISOKMK9,https://to.isometric.com/prj_1K6G4S1PJ1S0TR4Z
United Kingdom,Malawi,Unknown,GS23645-VPA-1 Wells of Life: Sustainable Safe Water for Malawi,EOS CLIMATE AND ENERGY LTD,0.0,0.0,GLD23647,https://registry.goldstandard.org/projects?q=gs23647
United Kingdom,Malawi,Unknown,EOS Climate – High-Integrity Climate & Social Impact Programme,EOS CLIMATE AND ENERGY LTD,0.0,0.0,GLD23645,https://registry.goldstandard.org/projects?q=gs23645
Local/Unknown,Malawi,Unknown,GS23168-GS23169-OYU - Clean Water for Malawian Communities,SHRI MAA MARKETING PRIVATE LIMITED,0.0,0.0,GLD23629,https://registry.goldstandard.org/projects?q=gs23629
Local/Unknown,Senegal,Unknown,GS23596-VPA-2 Wonder Stove Improved Charcoal Cookstoves Programme-Senegal,Westwind Energy (SL) Limited,0.0,0.0,GLD23598,https://registry.goldstandard.org/projects?q=gs23598
Local/Unknown,Senegal,Unknown,GS23596-VPA-1 Wonder Stove Improved Wood Cookstoves Programme-Senegal,Westwind Energy (SL) Limited,0.0,0.0,GLD23597,https://registry.goldstandard.org/projects?q=gs23597
Local/Unknown,Senegal,Unknown,PoA Westwind Wonder Stoves Carbon Initiative,Westwind Energy (SL) Limited,0.0,0.0,GLD23596,https://registry.goldstandard.org/projects?q=gs23596
Local/Unknown,Zambia,Unknown,GS10789-GS10790-RVPA-91: Efficient and Clean Cooking for households in Zambia,GLOBAL COOKSTOVES 3 LIMITED,0.0,0.0,GLD23591,https://registry.goldstandard.org/projects?q=gs23591
Local/Unknown,Zambia,Unknown,GS23562- VPA 1 The Future of Cooking in Zambia,Koalisation S.R.L. SB,0.0,0.0,GLD23572,https://registry.goldstandard.org/projects?q=gs23572
Local/Unknown,Zambia,Unknown,The Future of Cooking in Emerging Countries,Koalisation S.R.L. SB,0.0,0.0,GLD23562,https://registry.goldstandard.org/projects?q=gs23562
Local/Unknown,Mozambique,Unknown,Kuphatana - Acções Inclusivas para Florestas Sustentáveis ​​em Moçambique,Carbonsink (Carbonsink Group S.r.l.),0.0,0.0,GLD23560,https://registry.goldstandard.org/projects?q=gs23560
United Kingdom,Rwanda,Unknown,IRIBA Water Access Program in Rwanda ,IRIBA Water Group Ltd.,0.0,0.0,GLD23559,https://registry.goldstandard.org/projects?q=gs23559
United States,Rwanda,Unknown,GS12239-GS12240- RVPA-2 Amazi Meza Rwanda Water Supply Project For Schools,SweetSense Inc.,0.0,0.0,GLD23556,https://registry.goldstandard.org/projects?q=gs23556
United Kingdom,Madagascar,Unknown,GS23548-VPA-3 d.light Clean Energy Access Programme-Madagascar,d.lightdesign Ltd,0.0,0.0,GLD23552,https://registry.goldstandard.org/projects?q=gs23552
United Kingdom,Tanzania,Unknown,GS23548-VPA-2 d.light Clean Energy Access Programme-Tanzania,d.lightdesign Ltd,0.0,0.0,GLD23551,https://registry.goldstandard.org/projects?q=gs23551
United Kingdom,Nigeria,Unknown,GS23548-GS23549-RVPA-1 d.light Clean Energy Access Programme-Nigeria,d.lightdesign Ltd,0.0,0.0,GLD23550,https://registry.goldstandard.org/projects?q=gs23550
United Kingdom,Nigeria,Unknown,GS23548-VPA-1 d.light Clean Energy Access Programme-Nigeria,d.lightdesign Ltd,0.0,0.0,GLD23549,https://registry.goldstandard.org/projects?q=gs23549
United Kingdom,Nigeria,Unknown,d.light Clean Energy Access Programme - Africa,d.lightdesign Ltd,0.0,0.0,GLD23548,https://registry.goldstandard.org/projects?q=gs23548
United States,Kenya,Unknown,GS13044 GS13045 RVPA-1 Kenya LifeStraw Give Back Program,SweetSense Inc.,0.0,0.0,GLD13098,https://registry.goldstandard.org/projects?q=gs13098
Local/Unknown,Rwanda,Unknown,GS23532-Water for the Planet Initiative - VPA - 001,Water Access Rwanda,0.0,0.0,GLD23533,https://registry.goldstandard.org/projects?q=gs23533
Local/Unknown,Rwanda,Unknown,Water for the Planet Initiative,Water Access Rwanda,0.0,0.0,GLD23532,https://registry.goldstandard.org/projects?q=gs23532
Local/Unknown,Uganda,Unknown,Katunguru Restoration Project,PRIMAKLIMA e.V.,0.0,0.0,GLD23527,https://registry.goldstandard.org/projects?q=gs23527
Local/Unknown,Mozambique,Unknown,Scaling up the production and sale of efficient cookstoves in the urban areas of Maputo Province,Carbonsink (Carbonsink Group S.r.l.),0.0,0.0,GLD23518,https://registry.goldstandard.org/projects?q=gs23518
United Kingdom,Ghana,Unknown,BIOPLANTATION Ghana Regenerative Agroforestry Project,BioPlantation Ghana Ltd,0.0,0.0,GLD23517,https://registry.goldstandard.org/projects?q=gs23517
United Kingdom,Egypt,Unknown,Abydos For Renewable Energy,AMEA Power Ltd,0.0,0.0,GLD23510,https://registry.goldstandard.org/projects?q=gs23510
United Kingdom,Egypt,Unknown,Nefer Benban Solar Energy,Value Network Ventures Pte. Ltd.,0.0,0.0,GLD23501,https://registry.goldstandard.org/projects?q=gs23501
United Kingdom,Nigeria,Unknown,GS7591 VPA 72 Safe Water Supply in Nigeria,CO2balance UK ltd,0.0,0.0,GLD23484,https://registry.goldstandard.org/projects?q=gs23484
United Kingdom,Nigeria,Unknown,GS7591 VPA 71 Safe Water Supply in Nigeria,CO2balance UK ltd,0.0,0.0,GLD23483,https://registry.goldstandard.org/projects?q=gs23483
United Kingdom,Nigeria,Unknown,GS7591 VPA 70 Safe Water Supply in Nigeria,CO2balance UK ltd,0.0,0.0,GLD23482,https://registry.goldstandard.org/projects?q=gs23482
Local/Unknown,Mali,Unknown,Uduma's Safe Water Project in Mali,Uduma,0.0,0.0,GLD23480,https://registry.goldstandard.org/projects?q=gs23480
Local/Unknown,Mali,Unknown,Uduma's Safe Water Program,Uduma,0.0,0.0,GLD23479,https://registry.goldstandard.org/projects?q=gs23479
Local/Unknown,Guinea,Unknown,Ecofoyer Guinée: Real-case VPA1 - Conakry N’Zérékoré Forécariah and Beyla,Carbon Neutral Energy Systems (C-NES),0.0,0.0,GLD23476,https://registry.goldstandard.org/projects?q=gs23476
Local/Unknown,Guinea,Unknown,Ecofoyer Guinée - Programme for the Dissemination of Improved and Advanced Cookstoves in Guinea,Carbon Neutral Energy Systems (C-NES),0.0,0.0,GLD23475,https://registry.goldstandard.org/projects?q=gs23475
United Kingdom,Ghana,Unknown,GS23468 VPA1 Hygiene and Environmental Care for Tanks and Overhead Reservoirs (HECTOR) in Ghana,Expert365 Pty Ltd.,0.0,0.0,GLD23469,https://registry.goldstandard.org/projects?q=gs23469
United Kingdom,Ghana,Unknown,Hygiene and Environmental Care for Tanks and Overhead Reservoirs (HECTOR) in Ghana,Expert365 Pty Ltd.,0.0,0.0,GLD23468,https://registry.goldstandard.org/projects?q=gs23468
European Union,Uganda,Unknown, Uganda – Empower Communities Through Clean Energy-VPA 1,EcoNetix GmbH,0.0,0.0,GLD23465,https://registry.goldstandard.org/projects?q=gs23465
European Union,Uganda,Unknown,Uganda – Empower Communities Through Clean Energy,EcoNetix GmbH,0.0,0.0,GLD23463,https://registry.goldstandard.org/projects?q=gs23463
Local/Unknown,Tanzania,Unknown,CCT Clean Cooking Project Tanzania,Clean Cooking Technologies Srl,0.0,0.0,GLD23462,https://registry.goldstandard.org/projects?q=gs23462
Local/Unknown,Zambia,Unknown,Community Initiated Regeneration for  Carbon and Livelihood Enhancement (CIRCLE) Project,World Vision Korea,0.0,0.0,GLD23453,https://registry.goldstandard.org/projects?q=gs23453
Local/Unknown,DR Congo,Unknown,Sala Makala Cookstove Project,Solutions Durables-Congo,0.0,0.0,GLD23452,https://registry.goldstandard.org/projects?q=gs23452
United Kingdom,Tanzania,Unknown,GS23449 VPA-1 Building Climate Resilience through Agroforestry Practices in Tanzania,Value Network Ventures Pte. Ltd.,0.0,0.0,GLD23450,https://registry.goldstandard.org/projects?q=gs23450
United Kingdom,Tanzania,Unknown,Building Climate Resilience through Agroforestry Practices in Tanzania,Value Network Ventures Pte. Ltd.,0.0,0.0,GLD23449,https://registry.goldstandard.org/projects?q=gs23449
Local/Unknown,Uganda,Unknown,GS12087 GS12088 RVPA-1 Uganda Safe Drinking Water Project Phase 2,SUSTAINABLE CLIMATE IMPACT FUND LIMITED,0.0,0.0,GLD23448,https://registry.goldstandard.org/projects?q=gs23448
Local/Unknown,Rwanda,Unknown,GS12087 VPA-2 SCIF Schools Drinking Water Project in Rwanda,SUSTAINABLE CLIMATE IMPACT FUND LIMITED,0.0,0.0,GLD23434,https://registry.goldstandard.org/projects?q=gs23434
Local/Unknown,Rwanda,Unknown,MuLaKiLa,Reforest’Action,0.0,0.0,GLD23431,https://registry.goldstandard.org/projects?q=gs23431
European Union,Rwanda,Unknown,GS23301 VPA-2 Rwanda Safe Water Filter project by SPOUTS,AGS Carbon Advisory,0.0,0.0,GLD23422,https://registry.goldstandard.org/projects?q=gs23422
European Union,Rwanda,Unknown,GS23301 VPA-1 Rwanda Clean Cookstoves project,AGS Carbon Advisory,0.0,0.0,GLD23421,https://registry.goldstandard.org/projects?q=gs23421
Local/Unknown,DR Congo,Unknown,Durable Solutions Congo: Clean energy and environmental resilience in the DRC,Solutions Durables-Congo,0.0,0.0,GLD23420,https://registry.goldstandard.org/projects?q=gs23420
United Kingdom,Kenya,Unknown,GS23414 VPA -1 Industrial boiler fuel switch in Kenya,Lean Energy Solutions Ltd,0.0,0.0,GLD23415,https://registry.goldstandard.org/projects?q=gs23415
United Kingdom,Kenya,Unknown,Industrial Boiler Fuel Switch-Biomass Waste Recycling and Reuse in East Africa,Lean Energy Solutions Ltd,0.0,0.0,GLD23414,https://registry.goldstandard.org/projects?q=gs23414
Local/Unknown,Mozambique,Unknown,Improved Cook Stoves distribution in Inhambane-01 by Sogepal,EKI Energy Services Limited,0.0,0.0,GLD11868,https://registry.goldstandard.org/projects?q=gs11868
Local/Unknown,Ethiopia,Unknown,BIWACALI,FORLIANCE,0.0,0.0,GLD23410,https://registry.goldstandard.org/projects?q=gs23410
United Kingdom,Madagascar,Unknown,GS12600 VPA-7 Improved Cooking: Madagascar,SANITAP LTD,0.0,0.0,GLD23409,https://registry.goldstandard.org/projects?q=gs23409
Local/Unknown,Uganda,Unknown,GS2393 GS23403 RVPA_1 Impact Water Safe Drinking Water initiative in Uganda VPA4,Impact Carbon,0.0,0.0,GLD23407,https://registry.goldstandard.org/projects?q=gs23407
Local/Unknown,Uganda,Unknown,GS2393 GS23403 RVPA_1 Impact Water Safe Drinking Water initiative in Uganda VPA3,Impact Carbon,0.0,0.0,GLD23406,https://registry.goldstandard.org/projects?q=gs23406
Local/Unknown,Uganda,Unknown,GS2393 GS23403 RVPA_1 Impact Water Safe Drinking Water initiative in Uganda VPA2,Impact Carbon,0.0,0.0,GLD23405,https://registry.goldstandard.org/projects?q=gs23405
Local/Unknown,Uganda,Unknown,GS2393 GS23403 RVPA_1 Impact Water Safe Drinking Water initiative in Uganda VPA1,Impact Carbon,0.0,0.0,GLD23404,https://registry.goldstandard.org/projects?q=gs23404
Local/Unknown,Uganda,Unknown,GS2393 VPA_1 Impact Water Safe Drinking Water initiative in Uganda,Impact Carbon,0.0,0.0,GLD23403,https://registry.goldstandard.org/projects?q=gs23403
United Kingdom,South Africa,Unknown,GS23399 VPA-1 Renewable Biomass Briquette Production for Clean Energy,EcoLinks Co. Ltd,0.0,0.0,GLD23400,https://registry.goldstandard.org/projects?q=gs23400
United Kingdom,South Africa,Unknown,Green Briquettes for Fossil Fuel Displacement in South Africa,EcoLinks Co. Ltd,0.0,0.0,GLD23399,https://registry.goldstandard.org/projects?q=gs23399
Local/Unknown,Tanzania,Unknown,GS 10963 VPA 53 – UpEnergy – Social and Climate Impact Programme – Cooking Devices,UpEnergy Group,0.0,0.0,GLD23391,https://registry.goldstandard.org/projects?q=gs23391
Local/Unknown,Tanzania,Unknown,GS 10963 VPA 52 – UpEnergy – Social and Climate Impact Programme – Cooking Devices,UpEnergy Group,0.0,0.0,GLD23390,https://registry.goldstandard.org/projects?q=gs23390
Local/Unknown,Tanzania,Unknown,GS 10963 VPA 51 – UpEnergy – Social and Climate Impact Programme – Cooking Devices ,UpEnergy Group,0.0,0.0,GLD23389,https://registry.goldstandard.org/projects?q=gs23389
Local/Unknown,Tanzania,Unknown,GS 10963 VPA 50 – UpEnergy – Social and Climate Impact Programme – Cooking Devices ,UpEnergy Group,0.0,0.0,GLD23388,https://registry.goldstandard.org/projects?q=gs23388
Local/Unknown,Nigeria,Unknown, GS12602 GS12677 RVPA-1 Powerstove Multiple Fuel Project,EKI Energy Services Limited,0.0,0.0,GLD23380,https://registry.goldstandard.org/projects?q=gs23380
Local/Unknown,Cameroon,Unknown,GS23365 Clean Cooking with Biomass Gasification in Cameroon No. 1,Pro Climate International,0.0,0.0,GLD23378,https://registry.goldstandard.org/projects?q=gs23378
Local/Unknown,Kenya,Unknown,Accelerating Access to Clean Cooking in Kenya by Nyalore Impact Limited,Nyalore Impact Limited,0.0,0.0,GLD23372,https://registry.goldstandard.org/projects?q=gs23372
United Kingdom,Madagascar,Unknown,GS12600 VPA-6 Improved Cooking: Madagascar,SANITAP LTD,0.0,0.0,GLD23370,https://registry.goldstandard.org/projects?q=gs23370
United Kingdom,Madagascar,Unknown,GS12600 VPA-5 Improved Cooking: Madagascar ,SANITAP LTD,0.0,0.0,GLD23369,https://registry.goldstandard.org/projects?q=gs23369
Local/Unknown,Cameroon,Unknown,GS23365 Clean Cooking with Heat Retention Cookers in Cameroon No. 1,Pro Climate International,0.0,0.0,GLD23366,https://registry.goldstandard.org/projects?q=gs23366
Local/Unknown,Cameroon,Unknown,The Cameroon Clean Households´ Energy Program,Pro Climate International,0.0,0.0,GLD23365,https://registry.goldstandard.org/projects?q=gs23365
France,Ghana,Unknown,Ghana Cocoa Agroforestry Livelihoods Project,LIVELIHOODS CARBON FUND SICAV-RAIF,0.0,0.0,GLD23363,https://registry.goldstandard.org/projects?q=gs23363
Local/Unknown,Ghana,Unknown,Sterling Improved Cookstoves Carbon Project ,Carbonsink (Carbonsink Group S.r.l.),0.0,0.0,GLD23361,https://registry.goldstandard.org/projects?q=gs23361
Local/Unknown,South Africa,Unknown,GS23355 VPA01 Oyu - Ubuntu Borehole Revival ,SHRI MAA MARKETING PRIVATE LIMITED,0.0,0.0,GLD23356,https://registry.goldstandard.org/projects?q=gs23356
Local/Unknown,South Africa,Unknown,Oyu - Ubuntu Borehole Revival,SHRI MAA MARKETING PRIVATE LIMITED,0.0,0.0,GLD23355,https://registry.goldstandard.org/projects?q=gs23355
Local/Unknown,Zambia,Unknown,GS10963 GS11007 VPA 6 – UpEnergy Social and Climate Impact Programme – Cooking Devices VPA 49,UpEnergy Group,0.0,0.0,GLD23353,https://registry.goldstandard.org/projects?q=gs23353
Local/Unknown,Zambia,Unknown,GS10963 GS11007 VPA 6 – UpEnergy Social and Climate Impact Programme – Cooking Devices VPA 48,UpEnergy Group,0.0,0.0,GLD23342,https://registry.goldstandard.org/projects?q=gs23342
United States,Nigeria,Unknown,Niger Delta Community-Driven Mangrove Restoration [Regular VPA 1],Sequestr Carbon Inc.,0.0,0.0,GLD23341,https://registry.goldstandard.org/projects?q=gs23341
United States,Nigeria,Unknown,Niger Delta Community-Driven Mangrove Restoration [Real Case VPA],Sequestr Carbon Inc.,0.0,0.0,GLD23340,https://registry.goldstandard.org/projects?q=gs23340
United Kingdom,Togo,Unknown,Empowering Communities Through Improved Cookstoves ,Carbon Kind Ltd,0.0,0.0,GLD23339,https://registry.goldstandard.org/projects?q=gs23339
United Kingdom,Togo,Unknown,Resilient Futures: Building Resilience to Poverty and Climate Change,Carbon Kind Ltd,0.0,0.0,GLD23338,https://registry.goldstandard.org/projects?q=gs23338
United Kingdom,Nigeria,Unknown,GS7591 VPA 69 Safe Water Supply in Nigeria,CO2balance UK ltd,0.0,0.0,GLD23336,https://registry.goldstandard.org/projects?q=gs23336
Local/Unknown,Nigeria,Unknown,EcoHome Clean Cooking Project in Nigeria,Ecoist Limited,0.0,0.0,GLD23334,https://registry.goldstandard.org/projects?q=gs23334
Local/Unknown,Mozambique,Unknown,GS12953 GS12954 RVPA-2 Pungue Project,Removall,0.0,0.0,GLD23325,https://registry.goldstandard.org/projects?q=gs23325
Local/Unknown,Tanzania,Unknown,Healthy Kitchens and Happy Lives in Tanzania-VPA01,SDG 13 Ventures,0.0,0.0,GLD23321,https://registry.goldstandard.org/projects?q=gs23321
United Kingdom,South Africa,Unknown,GS11949 GS11996 RVPA-16 Small-scale solar electrical programme South Africa,BLUE WORLD CARBON ASSET MANAGEMENT (PTY) LTD,0.0,0.0,GLD23314,https://registry.goldstandard.org/projects?q=gs23314
United Kingdom,South Africa,Unknown,GS11949 GS11996 RVPA-15 Small-scale solar electrical programme South Africa,BLUE WORLD CARBON ASSET MANAGEMENT (PTY) LTD,0.0,0.0,GLD23313,https://registry.goldstandard.org/projects?q=gs23313
United Kingdom,South Africa,Unknown,GS11949 GS11996 RVPA-14 Small-scale solar electrical programme South Africa,BLUE WORLD CARBON ASSET MANAGEMENT (PTY) LTD,0.0,0.0,GLD23312,https://registry.goldstandard.org/projects?q=gs23312
United Kingdom,South Africa,Unknown,GS11949 GS11996 RVPA-13 Small-scale solar electrical programme South Africa,BLUE WORLD CARBON ASSET MANAGEMENT (PTY) LTD,0.0,0.0,GLD23311,https://registry.goldstandard.org/projects?q=gs23311
United Kingdom,South Africa,Unknown,GS11949 GS11996 RVPA-12 Small-scale solar electrical programme South Africa,BLUE WORLD CARBON ASSET MANAGEMENT (PTY) LTD,0.0,0.0,GLD23310,https://registry.goldstandard.org/projects?q=gs23310
Local/Unknown,Mozambique,Unknown,GS12953 GS12954 RVPA-1 Pungue Project,Removall,0.0,0.0,GLD23309,https://registry.goldstandard.org/projects?q=gs23309
Local/Unknown,South Africa,Unknown,TASC SOLUM - Sequestration and Optimised Landscapes Using Microbials - VPA1,THE AFRICAN STOVE COMPANY LIMITED,0.0,0.0,GLD23308,https://registry.goldstandard.org/projects?q=gs23308
Local/Unknown,South Africa,Unknown,TASC SOLUM - Sequestration and Optimised Landscapes Using Microbials,THE AFRICAN STOVE COMPANY LIMITED,0.0,0.0,GLD23307,https://registry.goldstandard.org/projects?q=gs23307
Local/Unknown,Kenya,Unknown,GS12187 Biomass Briquettes at Kensalt ,TAMU DMCC,0.0,0.0,GLD23302,https://registry.goldstandard.org/projects?q=gs23302
European Union,Rwanda,Unknown,SPOUTS Distributed Technology Devices Program in Rwanda,AGS Carbon Advisory,0.0,0.0,GLD23301,https://registry.goldstandard.org/projects?q=gs23301
Local/Unknown,Tanzania,Unknown,Idea Balance Safe Water Access Project,Climate Balanced İklim Enerji Ticaret ve Eğitim Limited Şirketi,0.0,0.0,GLD23300,https://registry.goldstandard.org/projects?q=gs23300
Local/Unknown,Kenya,Unknown,Restore Africa: Restoring Landscapes and Livelihoods in Western Kenya and Rift Valley,Global Evergreening Alliance,0.0,0.0,GLD23295,https://registry.goldstandard.org/projects?q=gs23295
Local/Unknown,Kenya,Unknown,Restore Africa: Restoring Landscapes and Livelihoods in Coastal Kenya,Global Evergreening Alliance,0.0,0.0,GLD23294,https://registry.goldstandard.org/projects?q=gs23294
Local/Unknown,Malawi,Unknown,Restore Africa: Restoring Landscapes and Livelihoods in Malawi,Global Evergreening Alliance,0.0,0.0,GLD23293,https://registry.goldstandard.org/projects?q=gs23293
Local/Unknown,Uganda,Unknown,Restore Africa: Restoring Landscapes and Livelihoods in Western Uganda,Global Evergreening Alliance,0.0,0.0,GLD23292,https://registry.goldstandard.org/projects?q=gs23292
Local/Unknown,DR Congo,Unknown,Healthy Kitchens and Happy Lives in Africa,SDG 13 Ventures,0.0,0.0,GLD13167,https://registry.goldstandard.org/projects?q=gs13167
Local/Unknown,Mozambique,Unknown,Improved Cookstoves Distribution Programme in Mozambique,EKI Energy Services Limited,0.0,0.0,GLD11867,https://registry.goldstandard.org/projects?q=gs11867
United Kingdom,South Africa,Unknown,GS11949 GS11996 RVPA-11 Small-scale solar electrical programme South Africa,BLUE WORLD CARBON ASSET MANAGEMENT (PTY) LTD,0.0,0.0,GLD13198,https://registry.goldstandard.org/projects?q=gs13198
United Kingdom,South Africa,Unknown,GS11949 GS11996 RVPA-10 Small-scale solar electrical programme South Africa,BLUE WORLD CARBON ASSET MANAGEMENT (PTY) LTD,0.0,0.0,GLD13197,https://registry.goldstandard.org/projects?q=gs13197
United Kingdom,South Africa,Unknown,GS11949 GS11996 RVPA-9 Small-scale solar electrical programme South Africa,BLUE WORLD CARBON ASSET MANAGEMENT (PTY) LTD,0.0,0.0,GLD13196,https://registry.goldstandard.org/projects?q=gs13196
United Kingdom,South Africa,Unknown,GS11949 GS11996 RVPA-8 Small-scale solar electrical programme South Africa,BLUE WORLD CARBON ASSET MANAGEMENT (PTY) LTD,0.0,0.0,GLD13187,https://registry.goldstandard.org/projects?q=gs13187
United Kingdom,South Africa,Unknown,GS11949 GS11996 RVPA-7 Small-scale solar electrical programme South Africa,BLUE WORLD CARBON ASSET MANAGEMENT (PTY) LTD,0.0,0.0,GLD13186,https://registry.goldstandard.org/projects?q=gs13186
United Kingdom,South Africa,Unknown,GS11949 GS11996 RVPA-6 Small-scale solar electrical programme South Africa,BLUE WORLD CARBON ASSET MANAGEMENT (PTY) LTD,0.0,0.0,GLD13185,https://registry.goldstandard.org/projects?q=gs13185
United Kingdom,South Africa,Unknown,GS11949 GS11996 RVPA-5 Small-scale solar electrical programme South Africa,BLUE WORLD CARBON ASSET MANAGEMENT (PTY) LTD,0.0,0.0,GLD13184,https://registry.goldstandard.org/projects?q=gs13184
United Kingdom,South Africa,Unknown,GS11949 GS11996 RVPA-4 Small-scale solar electrical programme South Africa,BLUE WORLD CARBON ASSET MANAGEMENT (PTY) LTD,0.0,0.0,GLD13183,https://registry.goldstandard.org/projects?q=gs13183
United Kingdom,Madagascar,Unknown,VPA-1 COMMUNITY COOKSTOVE PROGRAM IN MADAGASCAR BY WEACT,WeAct Pty Ltd,0.0,0.0,GLD13076,https://registry.goldstandard.org/projects?q=gs13076
United Kingdom,Madagascar,Unknown,Community Cookstove Program in Madagascar by WeAct,WeAct Pty Ltd,0.0,0.0,GLD12996,https://registry.goldstandard.org/projects?q=gs12996
Local/Unknown,Ethiopia,Unknown,GS 12544 VPA 01 Sidama Multipurpose Cook Stove Distribution Project ,Addis Ababa University - Horn of Africa Regional Environmental Center and Network (AAU-HoAREC&N),0.0,0.0,GLD12882,https://registry.goldstandard.org/projects?q=gs12882
United States,Madagascar,Unknown,GS23280 VPA-1 RANOVOLA Water Program in Madagascar,SweetSense Inc.,0.0,0.0,GLD23281,https://registry.goldstandard.org/projects?q=gs23281
United States,Madagascar,Unknown,RANOVOLA Water Program,SweetSense Inc.,0.0,0.0,GLD23280,https://registry.goldstandard.org/projects?q=gs23280
Local/Unknown,Malawi,Unknown,Azimayi Improved Cookstoves in the Republic of Malawi,Tembo Climate Limited,0.0,0.0,GLD23277,https://registry.goldstandard.org/projects?q=gs23277
Australia,Ethiopia,Unknown,Nature-based Solutions for Regenerated Forests and Community Resilience in Ethiopia - Chifra 01,World Vision Australia,0.0,0.0,GLD23275,https://registry.goldstandard.org/projects?q=gs23275
Australia,Ethiopia,Unknown,Nature-based Solutions for Regenerated Forests and Community Resilience in Ethiopia,World Vision Australia,0.0,0.0,GLD23274,https://registry.goldstandard.org/projects?q=gs23274
Local/Unknown,Tanzania,Unknown,GS 23272 VPA-1 Clean Cookstoves and Biofuel Solutions in Tanzania- Pwani Region,Mutina Power,0.0,0.0,GLD23273,https://registry.goldstandard.org/projects?q=gs23273
Local/Unknown,Tanzania,Unknown,Clean Cookstoves and Biofuel Solutions in Tanzania,Mutina Power,0.0,0.0,GLD23272,https://registry.goldstandard.org/projects?q=gs23272
Local/Unknown,Nigeria,Unknown,EcoHome Clean Cooking Project in Nigeria,Ecoist Limited,0.0,0.0,GLD23270,https://registry.goldstandard.org/projects?q=gs23270
Local/Unknown,Ghana,Unknown,SuWASH Ghana: Enhancing Sustainable Access to Safe Drinking Water,myclimate Foundation,0.0,0.0,GLD23265,https://registry.goldstandard.org/projects?q=gs23265
European Union,Uganda,Unknown,GS11993 GS11994 VPA3: African Clean Energy for Cooking in Uganda,African Clean Energy B.V.,0.0,0.0,GLD12817,https://registry.goldstandard.org/projects?q=gs12817
European Union,Uganda,Unknown,GS11993 GS11994 VPA2: African Clean Energy for Cooking in Uganda,African Clean Energy B.V.,0.0,0.0,GLD12800,https://registry.goldstandard.org/projects?q=gs12800
Local/Unknown,Kenya,Unknown,REGENERATION KENYA (RK) VPA01,Earthbanc AB,0.0,0.0,GLD13006,https://registry.goldstandard.org/projects?q=gs13006
Local/Unknown,Kenya,Unknown,REGENERATION KENYA (RK),Earthbanc AB,0.0,0.0,GLD13005,https://registry.goldstandard.org/projects?q=gs13005
Local/Unknown,Madagascar,Unknown,GS12997 VPA-1 Ma Honko ,BÔNDY AFRICA S.A,0.0,0.0,GLD12998,https://registry.goldstandard.org/projects?q=gs12998
Local/Unknown,Madagascar,Unknown,Ma Honko,BÔNDY AFRICA S.A,0.0,0.0,GLD12997,https://registry.goldstandard.org/projects?q=gs12997
France,Rwanda,Unknown,Nyungwe Agroforestry for Communities and Conservation ,LIVELIHOODS CARBON FUND SICAV-RAIF,0.0,0.0,GLD13078,https://registry.goldstandard.org/projects?q=gs13078
Local/Unknown,Uganda,Unknown,VPA 1 Safe Water Programme in Uganda,WATER MISSIONS INTERNATIONAL,0.0,0.0,GLD23259,https://registry.goldstandard.org/projects?q=gs23259
Local/Unknown,Uganda,Unknown,GS PoA Safe Water Programme in East Africa-Uganda,WATER MISSIONS INTERNATIONAL,0.0,0.0,GLD23258,https://registry.goldstandard.org/projects?q=gs23258
United States,Kenya,Unknown,EcoSafi Clean Cooking Program VPA 02: Kenya,Better Cooking Company Inc.,0.0,0.0,GLD12972,https://registry.goldstandard.org/projects?q=gs12972
United States,Uganda,Unknown,EcoSafi Clean Cooking Program VPA 01: Uganda,Better Cooking Company Inc.,0.0,0.0,GLD12971,https://registry.goldstandard.org/projects?q=gs12971
United States,Kenya,Unknown,EcoSafi Clean Cooking Program,Better Cooking Company Inc.,0.0,0.0,GLD12970,https://registry.goldstandard.org/projects?q=gs12970
Local/Unknown,Tanzania,Unknown,GS12102 GS12458 RVPA-2 Carbon Credit financing for sustainable rural water supply in Manyara Region,Carbonsink (Carbonsink Group S.r.l.),0.0,0.0,GLD12687,https://registry.goldstandard.org/projects?q=gs12687
Local/Unknown,Tanzania,Clean Water,GS12102 GS12458 RVPA-3 Carbon Credit financing for sustainable rural water supply in Manyara Region,Carbonsink (Carbonsink Group S.r.l.),0.0,0.0,GLD12688,https://registry.goldstandard.org/projects?q=gs12688
Local/Unknown,Tanzania,Unknown,GS12102 GS12458 RVPA-1 Carbon Credit financing for sustainable rural water supply in Manyara Region,Carbonsink (Carbonsink Group S.r.l.),0.0,0.0,GLD12673,https://registry.goldstandard.org/projects?q=gs12673
Local/Unknown,Ghana,Unknown,Ghana Household Carbon Reduction Programme (GHCRP),UpEnergy Group,0.0,0.0,GLD23257,https://registry.goldstandard.org/projects?q=gs23257
Local/Unknown,Kenya,Unknown,GS12544 VPA 03: Rung’eto Farmers Cooperative Society Improved Cook Stove Distribution Project,Addis Ababa University - Horn of Africa Regional Environmental Center and Network (AAU-HoAREC&N),0.0,0.0,GLD12884,https://registry.goldstandard.org/projects?q=gs12884
Local/Unknown,Ethiopia,Unknown,GS12544 VPA 02: Yirgachefe Multipurpose Cook Stove Distribution Project,Addis Ababa University - Horn of Africa Regional Environmental Center and Network (AAU-HoAREC&N),0.0,0.0,GLD12883,https://registry.goldstandard.org/projects?q=gs12883
Local/Unknown,Ethiopia,Afforestation + Reforestation,Duguna Fango and Damot Weyde Assisted Farmer Managed Natural Regeneration for Sustainable Land Management and Livelihood Improvement Project,World Vision Korea,0.0,0.0,GLD23253,https://registry.goldstandard.org/projects?q=gs23253
United States,Nigeria,Unknown,Niger Delta Community-Driven Mangrove Restoration Project,Sequestr Carbon Inc.,0.0,0.0,GLD23252,https://registry.goldstandard.org/projects?q=gs23252
Local/Unknown,Uganda,Afforestation + Reforestation,Restore Africa: Restoring Landscapes and Livelihoods in Eastern Uganda ,Global Evergreening Alliance,0.0,0.0,GLD13099,https://registry.goldstandard.org/projects?q=gs13099
Local/Unknown,Kenya,Unknown,Word Forest Kenya VPA001,The Word Forest Organisation,0.0,0.0,GLD12797,https://registry.goldstandard.org/projects?q=gs12797
United Kingdom,Nigeria,Unknown,Earthbond Nigeria Distributed Solar for Productive Use,Somerset Origination Ltd,0.0,0.0,GLD23250,https://registry.goldstandard.org/projects?q=gs23250
Local/Unknown,Kenya,Unknown,Word Forest Kenya,The Word Forest Organisation,0.0,0.0,GLD12361,https://registry.goldstandard.org/projects?q=gs12361
Local/Unknown,Ghana,Unknown,GS12572 VPA-9 Sustainable Paddy Cultivation in Ghana,ERDA ILLUMINE LOW CARBON SOLUTIONS PRIVATE LIMITED,0.0,0.0,GLD13059,https://registry.goldstandard.org/projects?q=gs13059
European Union,Uganda,Unknown,GS11638 GS11640 RVPA-10 SPOUTS Water Purifier Programme in Africa-WPS in Uganda by AERA-VPA 20,AGS Carbon Advisory,0.0,0.0,GLD23244,https://registry.goldstandard.org/projects?q=gs23244
Local/Unknown,Rwanda,Clean Water,Rwanda Safe Drinking Water Program VPA01,SHRI MAA MARKETING PRIVATE LIMITED,0.0,0.0,GLD23240,https://registry.goldstandard.org/projects?q=gs23240
Local/Unknown,Rwanda,Clean Water,Rwanda Safe Drinking Water Program,SHRI MAA MARKETING PRIVATE LIMITED,0.0,0.0,GLD23239,https://registry.goldstandard.org/projects?q=gs23239
United Kingdom,South Africa,Unknown,GS11949 GS11996 RVPA-2 Small-scale solar electrical programme South Africa ,BLUE WORLD CARBON ASSET MANAGEMENT (PTY) LTD,0.0,0.0,GLD13136,https://registry.goldstandard.org/projects?q=gs13136
United Kingdom,South Africa,Unknown,GS11949 GS11996 RVPA-3 Small-scale solar electrical programme South Africa ,BLUE WORLD CARBON ASSET MANAGEMENT (PTY) LTD,0.0,0.0,GLD13137,https://registry.goldstandard.org/projects?q=gs13137
France,Uganda,Unknown,Livelihoods Rwenzori Yethu Project,LIVELIHOODS CARBON FUND SICAV-RAIF,0.0,0.0,GLD12982,https://registry.goldstandard.org/projects?q=gs12982
European Union,Uganda,Unknown,GS11638 GS11640 RVPA-9 SPOUTS Water Purifier Programme in Africa- WPS in Uganda by AERA- VPA 19,AGS Carbon Advisory,0.0,0.0,GLD23227,https://registry.goldstandard.org/projects?q=gs23227
European Union,Uganda,Unknown,GS11638 GS11640 RVPA-8 SPOUTS Water Purifier Programme in Africa- WPS in Uganda by AERA- VPA 18,AGS Carbon Advisory,0.0,0.0,GLD23226,https://registry.goldstandard.org/projects?q=gs23226
European Union,Uganda,Clean Water,GS11638 GS11640 RVPA-7 SPOUTS Water Purifier Programme in Africa- WPS in Uganda by AERA- VPA 17,AGS Carbon Advisory,0.0,0.0,GLD23225,https://registry.goldstandard.org/projects?q=gs23225
Local/Unknown,Ghana,Unknown,GS12572 VPA-11 Regenerative Agriculture Initiative in Ghana,ERDA ILLUMINE LOW CARBON SOLUTIONS PRIVATE LIMITED,0.0,0.0,GLD23224,https://registry.goldstandard.org/projects?q=gs23224
European Union,Madagascar,Unknown,JatroGreen Madagascar SDG Jatropha Project,First Climate (Switzerland) AG,0.0,0.0,GLD12682,https://registry.goldstandard.org/projects?q=gs12682
European Union,Uganda,Clean Water,GS11638 GS11640 RVPA-6 SPOUTS Water Purifier Programme in Africa- WPS in Uganda by AERA- VPA 16,AGS Carbon Advisory,0.0,0.0,GLD23223,https://registry.goldstandard.org/projects?q=gs23223
Switzerland,Kenya,Unknown,VPA-1 GivePower Kenya Solar Water Farms,South Pole Ltd,0.0,0.0,GLD12676,https://registry.goldstandard.org/projects?q=gs12676
Switzerland,Kenya,Unknown,GivePower East Africa Solar Water Farms,South Pole Ltd,0.0,0.0,GLD12674,https://registry.goldstandard.org/projects?q=gs12674
Local/Unknown,DR Congo,Unknown,Reforestation and the protection of the existing rainforest in the Luabu sector in the Democratic Republic of Congo. ,United Eco Solutions International AB,0.0,0.0,GLD12860,https://registry.goldstandard.org/projects?q=gs12860
Local/Unknown,Kenya,Unknown,MicroEnergy Credits - Distribution of Electric Cooking Product Lines – Kenya,MicroEnergy Credits,0.0,0.0,GLD23212,https://registry.goldstandard.org/projects?q=gs23212
Local/Unknown,Uganda,Unknown,GS13163 VPA-1 Solar water pump project in Uganda by SunCulture,SUNCULTURE UGANDA LIMITED,0.0,0.0,GLD13168,https://registry.goldstandard.org/projects?q=gs13168
Local/Unknown,Uganda,Unknown,GS13163 PoA Solar water pump project in Uganda by SunCulture,SUNCULTURE UGANDA LIMITED,0.0,0.0,GLD13163,https://registry.goldstandard.org/projects?q=gs13163
United Kingdom,South Africa,Unknown,GS11949 GS11996 RVPA-1 Small-scale solar electrical programme South Africa,BLUE WORLD CARBON ASSET MANAGEMENT (PTY) LTD,0.0,0.0,GLD12925,https://registry.goldstandard.org/projects?q=gs12925
Local/Unknown,Madagascar,Unknown,CPA-MA-25-Madagascar Ethanol Stove Program,GREEN DEVELOPMENT AS,0.0,0.0,GLD11717,https://registry.goldstandard.org/projects?q=gs11717
Local/Unknown,Ethiopia,Clean Water,GS5658 - VPA 43 Community Safe Water Project  in Ethiopia,Carbonsink Group s.r.l.,0.0,0.0,GLD12820,https://registry.goldstandard.org/projects?q=gs12820
Local/Unknown,Ethiopia,Clean Water,GS5658 - VPA 44 Community Safe Water Project in Ethiopia,Carbonsink Group s.r.l.,0.0,0.0,GLD12822,https://registry.goldstandard.org/projects?q=gs12822
Local/Unknown,Ethiopia,Clean Water,GS5658 - VPA 45 Community Safe Water Project in Ethiopia,Carbonsink Group s.r.l.,0.0,0.0,GLD12823,https://registry.goldstandard.org/projects?q=gs12823
Local/Unknown,Tunisia,Renewable Energy,Feriana solar power,AERA Group,0.0,0.0,GLD12955,https://registry.goldstandard.org/projects?q=gs12955
United States,Uganda,Clean Water,Improved Cookstove and Safe Drinking Water Project in Africa and Asia-VPA1 Uganda,Water & Life Inc.,0.0,0.0,GLD13095,https://registry.goldstandard.org/projects?q=gs13095
United States,Uganda,Unknown,Improved Cookstove and Safe Drinking Water Project in Africa and Asia-VPA2 Uganda,Water & Life Inc.,0.0,0.0,GLD13096,https://registry.goldstandard.org/projects?q=gs13096
Local/Unknown,Zambia,Unknown,GS 10963 GS 11007 RVPA 6 UpEnergy – Social and Climate Impact Programme – Cooking Devices VPA 46,UpEnergy Group,0.0,0.0,GLD13108,https://registry.goldstandard.org/projects?q=gs13108
Local/Unknown,Zambia,Unknown,UpEnergy – Social and Climate Impact Programme-Cooking Devices VPA-47,UpEnergy Group,0.0,0.0,GLD13109,https://registry.goldstandard.org/projects?q=gs13109
European Union,Uganda,Clean Water,GS11638 GS11640 RVPA-5 SPOUTS Water Purifier Programme in Africa- WPS in Uganda by AERA- VPA 15,AGS Carbon Advisory,40562.0,0.0,GLD13120,https://registry.goldstandard.org/projects?q=gs13120
Local/Unknown,Uganda,Unknown,Installation of high efficiency wood burning cookstoves in Uganda,Bridge Carbon Africa Stoves Development Private Limited,0.0,0.0,GLD23204,https://registry.goldstandard.org/projects?q=gs23204
Local/Unknown,Kenya,Unknown,Installation of high efficiency wood burning cookstoves in Kenya,Bridge Carbon Africa Stoves Development Private Limited,0.0,0.0,GLD23203,https://registry.goldstandard.org/projects?q=gs23203
United Kingdom,Tunisia,Renewable Energy,Kairouan Solar Farm in Tunisia,AMEA Power Ltd,0.0,0.0,GLD13077,https://registry.goldstandard.org/projects?q=gs13077
Australia,Zambia,Unknown,COLAREZA - FMNR & Reforestation - VPA01,World Vision Australia,0.0,0.0,GLD23199,https://registry.goldstandard.org/projects?q=gs23199
Local/Unknown,Zimbabwe,Renewable Energy,Great Zimbabwe Hydro - 5MW,Headwest Enterprises Private Limited,0.0,0.0,GLD13081,https://registry.goldstandard.org/projects?q=gs13081
Local/Unknown,Madagascar,Unknown,ADES EcoStoves VPA 3,myclimate Foundation,0.0,0.0,GLD13192,https://registry.goldstandard.org/projects?q=gs13192
Local/Unknown,Madagascar,Unknown,ADES EcoStoves VPA 2,myclimate Foundation,0.0,0.0,GLD12916,https://registry.goldstandard.org/projects?q=gs12916
Local/Unknown,Madagascar,Unknown,ADES EcoStoves VPA ,myclimate Foundation,0.0,0.0,GLD12915,https://registry.goldstandard.org/projects?q=gs12915
Local/Unknown,Madagascar,Unknown,ADES EcoStoves ,myclimate Foundation,0.0,0.0,GLD12914,https://registry.goldstandard.org/projects?q=gs12914
Local/Unknown,Benin,Afforestation + Reforestation,GS23192 VPA-2 Building Climate Resilience through Afforestation Reforestation & Agroforestry Benin,ERDA ILLUMINE LOW CARBON SOLUTIONS PRIVATE LIMITED,0.0,0.0,GLD23196,https://registry.goldstandard.org/projects?q=gs23196
Local/Unknown,Benin,Unknown,GS13047 VPA-1 Improved Cook Stoves in Benin,ERDA ILLUMINE LOW CARBON SOLUTIONS PRIVATE LIMITED,0.0,0.0,GLD13048,https://registry.goldstandard.org/projects?q=gs13048
Local/Unknown,Kenya,Unknown,Zeno Moto Electric Mobility POA,Zeno Moto Corporation,0.0,0.0,GLD13104,https://registry.goldstandard.org/projects?q=gs13104
Local/Unknown,Zambia,Unknown,ETG Live Better Improved Cookstove,ETG Climate Solutions SA,0.0,0.0,GLD13189,https://registry.goldstandard.org/projects?q=gs13189
Local/Unknown,Kenya,Unknown,ETG Live Better Improved Cookstove,ETG Climate Solutions SA,0.0,0.0,GLD13188,https://registry.goldstandard.org/projects?q=gs13188
Local/Unknown,Kenya,Unknown,Zeno Moto Electric Mobility in Kenya,Zeno Moto Corporation,0.0,0.0,GLD13105,https://registry.goldstandard.org/projects?q=gs13105
Local/Unknown,Uganda,Unknown,Sustainable Clean Energy Program (SCENE) VPA1,horizont3000,0.0,0.0,GLD23195,https://registry.goldstandard.org/projects?q=gs23195
Local/Unknown,Uganda,Unknown,Sustainable Clean Energy Program (SCENE),horizont3000,0.0,0.0,GLD23194,https://registry.goldstandard.org/projects?q=gs23194
Local/Unknown,Benin,Afforestation + Reforestation,PoA Sustainable Landscapes and Forests Initiatives,ERDA ILLUMINE LOW CARBON SOLUTIONS PRIVATE LIMITED,0.0,0.0,GLD23192,https://registry.goldstandard.org/projects?q=gs23192
Local/Unknown,Zambia,Unknown,Koalisation community based clean cooking program,Koalisation S.R.L. SB,0.0,0.0,GLD23189,https://registry.goldstandard.org/projects?q=gs23189
Local/Unknown,Benin,Unknown,GS12778 VPA-1 Solar PV Installations in Benin,ERDA ILLUMINE LOW CARBON SOLUTIONS PRIVATE LIMITED,0.0,0.0,GLD13032,https://registry.goldstandard.org/projects?q=gs13032
Local/Unknown,Cote d'Ivoire,Unknown,Improved Cook Stoves,ERDA ILLUMINE LOW CARBON SOLUTIONS PRIVATE LIMITED,0.0,0.0,GLD13047,https://registry.goldstandard.org/projects?q=gs13047
United States,Rwanda,Clean Water,GS12239 GS12240 RVPA-1 Amazi Meza Rwanda Water Supply Project For Schools,SweetSense Inc.,17758.0,0.0,GLD23187,https://registry.goldstandard.org/projects?q=gs23187
United States,Malawi,Unknown,Mbaula za Makono Banja la thanzi (Improved cookstoves a healthy family) project – Dowa District,Futures Inc.,0.0,0.0,GLD23186,https://registry.goldstandard.org/projects?q=gs23186
Local/Unknown,Ghana,Unknown,AquaCarbon Ghana VPA1,Element15 B.V,0.0,0.0,GLD23183,https://registry.goldstandard.org/projects?q=gs23183
Local/Unknown,Ghana,Clean Water,AquaCarbon Safe Water,Element15 B.V,0.0,0.0,GLD23182,https://registry.goldstandard.org/projects?q=gs23182
Australia,Zambia,Unknown,Community-based Landscape Restoration in Zambia (COLAREZA),World Vision Australia,0.0,0.0,GLD23181,https://registry.goldstandard.org/projects?q=gs23181
China,Uganda,Unknown,Uganda Green Cloud Improved Cookstove Project,Guangzhou Iceberg Environmental Consulting Services Co. Ltd.,0.0,0.0,GLD13064,https://registry.goldstandard.org/projects?q=gs13064
China,Tanzania,Unknown,Tanzania Jiko Pamoja Improved Cookstove Project,Guangzhou Iceberg Environmental Consulting Services Co. Ltd.,0.0,0.0,GLD12901,https://registry.goldstandard.org/projects?q=gs12901
Local/Unknown,Tanzania,Unknown,Clean Cooking in Tanzania: Pay-As-You-Go Smart Metering Solution,CIRCLE GAS LIMITED,0.0,0.0,GLD13111,https://registry.goldstandard.org/projects?q=gs13111
Local/Unknown,Gabon,Unknown,Ayémé solar PV plant,AERA Group,0.0,0.0,GLD12784,https://registry.goldstandard.org/projects?q=gs12784
United States,DR Congo,Clean Water,GS13143 VPA-1 Democratic Republic of the Congo Asili Mazingira Bora Safe Water,SweetSense Inc.,0.0,0.0,GLD13144,https://registry.goldstandard.org/projects?q=gs13144
United States,DR Congo,Clean Water,Asili Mazingira Bora Safe Water,SweetSense Inc.,0.0,0.0,GLD13143,https://registry.goldstandard.org/projects?q=gs13143
Local/Unknown,Benin,Unknown,GS12771 VPA-3 Sustainable Energy Generation through Biodigester systems in Benin,ERDA ILLUMINE LOW CARBON SOLUTIONS PRIVATE LIMITED,0.0,0.0,GLD13046,https://registry.goldstandard.org/projects?q=gs13046
Local/Unknown,Cote d'Ivoire,Unknown,GS 12778 PoA Solar Installations ,ERDA ILLUMINE LOW CARBON SOLUTIONS PRIVATE LIMITED,0.0,0.0,GLD12778,https://registry.goldstandard.org/projects?q=gs12778
Local/Unknown,Benin,Unknown,GS12693 VPA-4 Access to Clean Water in Benin,ERDA ILLUMINE LOW CARBON SOLUTIONS PRIVATE LIMITED,0.0,0.0,GLD13027,https://registry.goldstandard.org/projects?q=gs13027
European Union,Egypt,Wind,Masdar IPH Wind S.A.E. Ras Ghareb Onshore 200 MW Wind Farm,First Climate (Switzerland) AG,0.0,0.0,GLD13084,https://registry.goldstandard.org/projects?q=gs13084
India,Uganda,Unknown,Promotion of Improved and Efficient Cooking Practices in the host country of Uganda,PERSISTENTCLIMATE INDIA PRIVATE LIMITED,10714.0,0.0,GLD23170,https://registry.goldstandard.org/projects?q=gs23170
Local/Unknown,Malawi,Unknown,OYU - Clean Water for Malawian Communities,SHRI MAA MARKETING PRIVATE LIMITED,0.0,0.0,GLD23169,https://registry.goldstandard.org/projects?q=gs23169
Local/Unknown,Malawi,Unknown,OYU - Clean Water for Malawian Communities,SHRI MAA MARKETING PRIVATE LIMITED,0.0,0.0,GLD23168,https://registry.goldstandard.org/projects?q=gs23168
Local/Unknown,Malawi,Unknown,GS10789 GS10790 RVPA-101: Efficient and Clean Cooking for households in Malawi,ECOA Climate Capital,0.0,0.0,GLD12984,https://registry.goldstandard.org/projects?q=gs12984
European Union,Ethiopia,Afforestation + Reforestation,Sustainable Forestry in Gambella Ethiopia,EcoNetix GmbH,0.0,0.0,GLD13001,https://registry.goldstandard.org/projects?q=gs13001
European Union,Kenya,Clean Water,GS12345 GS12354 RVPA-6 Safe Water Supply Kilifi County,First Climate Markets AG,0.0,0.0,GLD13180,https://registry.goldstandard.org/projects?q=gs13180
European Union,Kenya,Clean Water,GS12345 GS12354 RVPA-5 Safe Water Supply Kilifi County,First Climate Markets AG,0.0,0.0,GLD13178,https://registry.goldstandard.org/projects?q=gs13178
European Union,Kenya,Clean Water,GS12345 GS12354 RVPA-4 Safe Water Supply Kilifi County  ,First Climate Markets AG,0.0,0.0,GLD13177,https://registry.goldstandard.org/projects?q=gs13177
European Union,Kenya,Clean Water,GS12345 GS12354 RVPA-1 Safe Water Supply Turkana County  ,First Climate Markets AG,0.0,0.0,GLD13174,https://registry.goldstandard.org/projects?q=gs13174
Local/Unknown,Uganda,Unknown,GS23149 Uganda Cook Bright  Initiative - VPA01,Impact Carbon,65746.0,0.0,GLD13107,https://registry.goldstandard.org/projects?q=gs13107
Local/Unknown,Uganda,Unknown,Uganda Cook Bright Initiative,Impact Carbon,0.0,0.0,GLD23149,https://registry.goldstandard.org/projects?q=gs23149
United Kingdom,Uganda,Unknown,Improved cooking solutions for West Nile households in Uganda,Equatoria Clean Cooking Ltd,0.0,0.0,GLD23148,https://registry.goldstandard.org/projects?q=gs23148
United Kingdom,Uganda,Unknown,Equatoria Clean Cooking Programme in Northern Uganda,Equatoria Clean Cooking Ltd,0.0,0.0,GLD23147,https://registry.goldstandard.org/projects?q=gs23147
United Kingdom,Madagascar,Unknown,GS12600 VPA-4 Clean Water: Madagascar,SANITAP LTD,0.0,0.0,GLD12808,https://registry.goldstandard.org/projects?q=gs12808
Local/Unknown,Botswana,Unknown,Tati Solar Project,Etavi Renewables Limited,0.0,0.0,GLD23144,https://registry.goldstandard.org/projects?q=gs23144
United Kingdom,Ethiopia,Unknown,Vita Green Impact Programme – Ethiopia Water Project,CO2balance UK ltd,0.0,0.0,GLD12975,https://registry.goldstandard.org/projects?q=gs12975
Local/Unknown,Egypt,Waste Heat Recovery,National Company for Maize Products (NCMP) - Combined Heat & Power Project ,Intro Utilities for Power Generation,0.0,0.0,GLD12990,https://registry.goldstandard.org/projects?q=gs12990
Local/Unknown,Malawi,Cookstove,OYU - Green Flames of Progress in Malawi VPA01,SHRI MAA MARKETING PRIVATE LIMITED,0.0,0.0,GLD13152,https://registry.goldstandard.org/projects?q=gs13152
Local/Unknown,Malawi,Cookstove,OYU - Green Flames of Progress in Malawi,SHRI MAA MARKETING PRIVATE LIMITED,0.0,0.0,GLD13151,https://registry.goldstandard.org/projects?q=gs13151
United Kingdom,Rwanda,Methane Biodigester,GS13147 HomeBiogas project in Rwanda-VPA1,HOMEBIOGAS LTD,0.0,0.0,GLD13148,https://registry.goldstandard.org/projects?q=gs13148
United Kingdom,Rwanda,Methane Biodigester,HomeBiogas project in Rwanda ,HOMEBIOGAS LTD,0.0,0.0,GLD13147,https://registry.goldstandard.org/projects?q=gs13147
United States,Kenya,Clean Water,GS13044 VPA-1 Kenya LifeStraw Give Back Program,SweetSense Inc.,12384.0,0.0,GLD13045,https://registry.goldstandard.org/projects?q=gs13045
United States,Kenya,Clean Water,LifeStraw Give Back Program,SweetSense Inc.,0.0,0.0,GLD13044,https://registry.goldstandard.org/projects?q=gs13044
Local/Unknown,Malawi,Cookstove,UpEnergy-Social and Climate Impact Programme- Cooking Devices VPA-45,UpEnergy Group,0.0,0.0,GLD13025,https://registry.goldstandard.org/projects?q=gs13025
Local/Unknown,Malawi,Cookstove,UpEnergy-Social and Climate Impact Programme- Cooking Devices VPA-44,UpEnergy Group,0.0,0.0,GLD13024,https://registry.goldstandard.org/projects?q=gs13024
Local/Unknown,Malawi,Cookstove,UpEnergy-Social and Climate Impact Programme- Cooking Devices VPA-43,UpEnergy Group,0.0,0.0,GLD13023,https://registry.goldstandard.org/projects?q=gs13023
Local/Unknown,Malawi,Cookstove,UpEnergy-Social and Climate Impact Programme- Cooking Devices VPA-42,UpEnergy Group,0.0,0.0,GLD13022,https://registry.goldstandard.org/projects?q=gs13022
Local/Unknown,Malawi,Cookstove,UpEnergy-Social and Climate Impact Programme- Cooking Devices VPA-41,UpEnergy Group,14729.0,0.0,GLD13021,https://registry.goldstandard.org/projects?q=gs13021
Local/Unknown,Malawi,Cookstove,UpEnergy-Social and Climate Impact Programme- Cooking Devices VPA-40,UpEnergy Group,16639.0,0.0,GLD13020,https://registry.goldstandard.org/projects?q=gs13020
Local/Unknown,Malawi,Wastewater Methane,Effluent Treatment Recycling and Energy Generation (ETREG) Plant Dwangwa,Ethanol Company Limited,0.0,0.0,GLD13115,https://registry.goldstandard.org/projects?q=gs13115
Local/Unknown,Malawi,Clean Water,Safe Water Programme in Southeast Africa - Malawi,Water Mission Verified Impact,0.0,0.0,GLD13042,https://registry.goldstandard.org/projects?q=gs13042
Local/Unknown,Kenya,Clean Water,Safe Water Programme in East Africa - Kenya,Water Mission Verified Impact,0.0,0.0,GLD13041,https://registry.goldstandard.org/projects?q=gs13041
Local/Unknown,Kenya,Clean Water,Safe Water Programme in East and Southeast Africa,Water Mission Verified Impact,0.0,0.0,GLD13040,https://registry.goldstandard.org/projects?q=gs13040
European Union,Tanzania,Compost,Composting Facilities for Organic Waste in East Africa,atmosfair gGmbH,0.0,0.0,GLD12907,https://registry.goldstandard.org/projects?q=gs12907
Local/Unknown,Kenya,Cookstove,Horn of Africa energy efficient technology distribution program of activity,Addis Ababa University - Horn of Africa Regional Environmental Center and Network (AAU-HoAREC&N),0.0,0.0,GLD12544,https://registry.goldstandard.org/projects?q=gs12544
European Union,Tanzania,Compost,Composting Facilities for Organic Waste in Tanzania – VPA1,atmosfair gGmbH,0.0,0.0,GLD12908,https://registry.goldstandard.org/projects?q=gs12908
European Union,Malawi,Cookstove,iRise Affordable Housing and Agriculture Limited,iRise Affordable Housing and Agriculture Limited,0.0,0.0,GLD12957,https://registry.goldstandard.org/projects?q=gs12957
Local/Unknown,Tanzania,Cookstove,OYU – Fuelling a Brighter Future in Tanzania VPA01,SHRI MAA MARKETING PRIVATE LIMITED,0.0,0.0,GLD13087,https://registry.goldstandard.org/projects?q=gs13087
United Kingdom,Rwanda,Clean Water,GS13116 VPA-2 Ecolinks Safe Water Project in Rwanda,EcoLinks Co. Ltd,0.0,0.0,GLD13118,https://registry.goldstandard.org/projects?q=gs13118
United Kingdom,Rwanda,Cookstove,GS13116 VPA-1 Ecolinks Clean Cooking Project in Rwanda,EcoLinks Co. Ltd,0.0,0.0,GLD13117,https://registry.goldstandard.org/projects?q=gs13117
United Kingdom,Rwanda,Clean Water,PoA EcoLinks Clean Cooking and Safe Water Programme in Rwanda,EcoLinks Co. Ltd,0.0,0.0,GLD13116,https://registry.goldstandard.org/projects?q=gs13116
Local/Unknown,Tanzania,Cookstove,OYU – Fuelling a Brighter Future in Tanzania,SHRI MAA MARKETING PRIVATE LIMITED,0.0,0.0,GLD13086,https://registry.goldstandard.org/projects?q=gs13086
United Kingdom,Uganda,Cookstove,Making Carbon Count - Improved Cooking in Uganda,PRO-SPHERA UK FINANCE LTD,0.0,0.0,GLD13031,https://registry.goldstandard.org/projects?q=gs13031
European Union,Uganda,Clean Water,Uganda WASH Initiative: Building Healthy Communities - Water Boreholes -VPA 1,EK ENTERPRISE MANAGEMENT LIMITED,0.0,0.0,GLD12978,https://registry.goldstandard.org/projects?q=gs12978
European Union,Uganda,Clean Water,Uganda WASH Initiative: Building Healthy Communities,EK ENTERPRISE MANAGEMENT LIMITED,0.0,0.0,GLD12963,https://registry.goldstandard.org/projects?q=gs12963
Local/Unknown,Tanzania,Cookstove,Clean Cooking for Communities in Kigoma,OFFGRIDSUN S.R.L.,0.0,0.0,GLD12919,https://registry.goldstandard.org/projects?q=gs12919
Local/Unknown,Angola,Cookstove,Promotion of Access to Improved Cookstoves in Uíge Province,Eni S.p.A.,0.0,0.0,GLD12939,https://registry.goldstandard.org/projects?q=gs12939
United Kingdom,Madagascar,Cookstove,GS12600 VPA-3 Improved Cooking: Madagascar,SANITAP LTD,0.0,0.0,GLD12851,https://registry.goldstandard.org/projects?q=gs12851
Local/Unknown,Nigeria,Cookstove,GS12943 VPA-1 OYU - Building Sustainable Nigerian Communities VPA01,SHRI MAA MARKETING PRIVATE LIMITED,0.0,0.0,GLD12944,https://registry.goldstandard.org/projects?q=gs12944
Local/Unknown,Nigeria,Cookstove,OYU - Building Sustainable Nigerian Communities,SHRI MAA MARKETING PRIVATE LIMITED,0.0,0.0,GLD12943,https://registry.goldstandard.org/projects?q=gs12943
Local/Unknown,Nigeria,Clean Water,GS12964 VPA-2 Clean Water and Beyond in Africa PoA- Nigeria,NET ZERO DANIŞMANLIK ANONİM ŞİRKETİ,0.0,0.0,GLD12966,https://registry.goldstandard.org/projects?q=gs12966
Local/Unknown,Uganda,Clean Water,GS12964 VPA-1 Clean Water and Beyond in Africa PoA- Uganda,NET ZERO DANIŞMANLIK ANONİM ŞİRKETİ,0.0,0.0,GLD12965,https://registry.goldstandard.org/projects?q=gs12965
Local/Unknown,Uganda,Clean Water,Clean Water and Beyond in Africa PoA,NET ZERO DANIŞMANLIK ANONİM ŞİRKETİ,0.0,0.0,GLD12964,https://registry.goldstandard.org/projects?q=gs12964
Local/Unknown,Zambia,Clean Water,Water Does Matter ,Infinite Environmental Solutions Limited,0.0,0.0,GLD12483,https://registry.goldstandard.org/projects?q=gs12483
Local/Unknown,Kenya,Cookstove,OYU - Building Sustainable Kenyan Communities,SHRI MAA MARKETING PRIVATE LIMITED,0.0,0.0,GLD12917,https://registry.goldstandard.org/projects?q=gs12917
Local/Unknown,Kenya,Cookstove,OYU - Building Sustainable Kenyan Communities VPA01,SHRI MAA MARKETING PRIVATE LIMITED,0.0,0.0,GLD12918,https://registry.goldstandard.org/projects?q=gs12918
Local/Unknown,Zambia,Clean Water,GS12483 VPA-1 Water Does Matter in Zambia by Global Empowers,Infinite Environmental Solutions Limited,0.0,0.0,GLD12485,https://registry.goldstandard.org/projects?q=gs12485
United Kingdom,Mali,Cookstove,High Impact Cookstoves Empowering Communities in Rural Mali,MANSA CARBON PTY LTD,0.0,0.0,GLD12891,https://registry.goldstandard.org/projects?q=gs12891
United Kingdom,Mali,Cookstove,GS12891 High Impact Cookstoves in Rural Mali VPA01,MANSA CARBON PTY LTD,0.0,0.0,GLD12892,https://registry.goldstandard.org/projects?q=gs12892
Local/Unknown,Kenya,Cookstove,Kitui Improved Cookstove Project,Nature Kenya—the East Africa Natural History Society (EANHS),0.0,0.0,GLD13003,https://registry.goldstandard.org/projects?q=gs13003
United Kingdom,Malawi,Cookstove,High Impact Cookstoves in Malawi by Ripple Africa  ,CONSERVATION CARBON MALAWI PTY LTD,0.0,0.0,GLD12151,https://registry.goldstandard.org/projects?q=gs12151
United Kingdom,Ghana,Cookstove,PoA - EcoLinks Ghana Woodfire and Charcoal ICS Program,EcoLinks Co. Ltd,0.0,0.0,GLD12870,https://registry.goldstandard.org/projects?q=gs12870
Local/Unknown,Ethiopia,Cookstove,Vita Green Impact Programme – Ethiopia Stove Project,VITA GREEN IMPACT PROGRAMME DESIGNATED ACTIVITY COMPANY,40199.0,0.0,GLD12476,https://registry.goldstandard.org/projects?q=gs12476
Local/Unknown,Tanzania,Clean Water,OYU - Clean Water for Future Leaders VPA01,SHRI MAA MARKETING PRIVATE LIMITED,0.0,0.0,GLD12981,https://registry.goldstandard.org/projects?q=gs12981
Local/Unknown,Tanzania,Clean Water,OYU - Clean Water for Future Leaders,SHRI MAA MARKETING PRIVATE LIMITED,0.0,0.0,GLD12980,https://registry.goldstandard.org/projects?q=gs12980
European Union,Kenya,Cookstove,GS11253 GS11790 Jiko Sawa Improved Cookstove Project,Schneider Electric France,0.0,0.0,GLD12854,https://registry.goldstandard.org/projects?q=gs12854
Local/Unknown,Mozambique,Clean Water,GS12953 VPA-1 Pungue Project,Removall,0.0,0.0,GLD12954,https://registry.goldstandard.org/projects?q=gs12954
Local/Unknown,Mozambique,Clean Water,PoA Pungue Project,Removall,0.0,0.0,GLD12953,https://registry.goldstandard.org/projects?q=gs12953
United Kingdom,Kenya,Cookstove,Changing Lives via Improved Cooking – Kenya 2,Envirofit International Ltd.,0.0,0.0,GLD12862,https://registry.goldstandard.org/projects?q=gs12862
United Kingdom,Nigeria,Cookstove,Changing Lives via Improved Cooking – Nigeria 1,Envirofit International Ltd.,0.0,0.0,GLD12867,https://registry.goldstandard.org/projects?q=gs12867
United Kingdom,Kenya,Cookstove,Changing Lives via Improved Cooking – Kenya 3,Envirofit International Ltd.,0.0,0.0,GLD12863,https://registry.goldstandard.org/projects?q=gs12863
United Kingdom,Ghana,Cookstove,Changing Lives via Improved Cooking – Ghana 1,Envirofit International Ltd.,0.0,0.0,GLD12864,https://registry.goldstandard.org/projects?q=gs12864
United Kingdom,Kenya,Cookstove,Changing Lives via Improved Cooking – Kenya 1,Envirofit International Ltd.,0.0,0.0,GLD12861,https://registry.goldstandard.org/projects?q=gs12861
United Kingdom,Nigeria,Cookstove,Changing Lives via Improved Cooking – Nigeria 3,Envirofit International Ltd.,0.0,0.0,GLD12869,https://registry.goldstandard.org/projects?q=gs12869
United Kingdom,Ghana,Cookstove,Changing Lives via Improved Cooking – Ghana 3,Envirofit International Ltd.,0.0,0.0,GLD12866,https://registry.goldstandard.org/projects?q=gs12866
United Kingdom,Nigeria,Cookstove,Changing Lives via Improved Cooking – Nigeria 2,Envirofit International Ltd.,0.0,0.0,GLD12868,https://registry.goldstandard.org/projects?q=gs12868
United Kingdom,Ghana,Cookstove,Changing Lives via Improved Cooking – Ghana 2,Envirofit International Ltd.,0.0,0.0,GLD12865,https://registry.goldstandard.org/projects?q=gs12865
United Kingdom,Ghana,Cookstove,Ecolinks Ghana Bioethanol Clean Cooking Initiative for Inclusive and Sustainable Development VPA1,EcoLinks Co. Ltd,0.0,0.0,GLD12941,https://registry.goldstandard.org/projects?q=gs12941
United Kingdom,Kenya,Clean Water,GS12877 VPA 1- eWATER Emission Reductions from Safe Drinking Water Supply and Accreditation of Water Benefit Certificates - Real case VPA Kenya,eWATERservices Ltd.,0.0,0.0,GLD12933,https://registry.goldstandard.org/projects?q=gs12933
United Kingdom,Gambia,Clean Water,GS12877 VPA 1- eWATER Emission Reductions from Safe Drinking Water Supply and Accreditation of Water Benefit Certificates - Real case VPA The Gambia,eWATERservices Ltd.,0.0,0.0,GLD12932,https://registry.goldstandard.org/projects?q=gs12932
United Kingdom,Tanzania,Clean Water,GS12877 VPA 1- eWATER Emission Reductions from Safe Drinking Water Supply and Accreditation of Water Benefit Certificates - Real case VPA Tanzania,eWATERservices Ltd.,0.0,0.0,GLD12931,https://registry.goldstandard.org/projects?q=gs12931
United Kingdom,Kenya,Clean Water,GS12877 eWATER SERVICES Emission Reduction from Safe Drinking Water Supply and Accreditation of Water Benefit Services – Tanzania The Gambia and Kenya,eWATERservices Ltd.,0.0,0.0,GLD12877,https://registry.goldstandard.org/projects?q=gs12877
Local/Unknown,DR Congo,Afforestation + Reforestation,Idiofa Lobi,CO2logic,0.0,0.0,GLD12447,https://registry.goldstandard.org/projects?q=gs12447
Local/Unknown,Kenya,Clean Water,Safe drinking water for Kenyan households and institutions (schools),Nazava,0.0,0.0,GLD12807,https://registry.goldstandard.org/projects?q=gs12807
United Kingdom,Zimbabwe,Cookstove,Southern Africa Clean Cookstove Initiative (SACCI) PoA,SACCI1 LTD,0.0,0.0,GLD12783,https://registry.goldstandard.org/projects?q=gs12783
European Union,Malawi,Brick Manufacturing,Sustainable Brick Production in Malawi,atmosfair gGmbH,0.0,0.0,GLD12171,https://registry.goldstandard.org/projects?q=gs12171
United Kingdom,Ghana,Cookstove,Commercial LPG Stoves for Ghana,Envirofit International Ltd.,0.0,0.0,GLD12888,https://registry.goldstandard.org/projects?q=gs12888
Local/Unknown,Nigeria,Clean Water,Crescendo Safe Water Supply 3,CRESCENDO AFFORESTATION FOUNDATION,0.0,0.0,GLD12962,https://registry.goldstandard.org/projects?q=gs12962
United Kingdom,Ghana,Cookstove,PoA Ecolinks Ghana Bioethanol Cooking Program,EcoLinks Co. Ltd,0.0,0.0,GLD12940,https://registry.goldstandard.org/projects?q=gs12940
United Kingdom,Zimbabwe,Cookstove,Southern Africa Clean Cookstove Initiative (SACCI) PoA: VPA01 in Zimbabwe,SACCI1 LTD,420504.0,420504.0,GLD12875,https://registry.goldstandard.org/projects?q=gs12875
United Kingdom,Ghana,Cookstove,VPA1 - Improved Charcoal Cookstove in Ashanti and Central Regions of Ghana by Ecolinks,EcoLinks Co. Ltd,0.0,0.0,GLD12871,https://registry.goldstandard.org/projects?q=gs12871
United Kingdom,Eritrea,Clean Water,VPA 68 Vita Green Impact Programme – Eritrea Safe Water Project,CO2balance UK ltd,0.0,0.0,GLD12855,https://registry.goldstandard.org/projects?q=gs12855
Local/Unknown,Ethiopia,Cookstove,Jima improved cook stove distribution project,Oromia Coffee Farmers Cooperative Union,0.0,0.0,GLD12498,https://registry.goldstandard.org/projects?q=gs12498
Local/Unknown,Ethiopia,Cookstove,Bunno Bedele and Ilu ababora improved cook stove distribution project,Oromia Coffee Farmers Cooperative Union,0.0,0.0,GLD12499,https://registry.goldstandard.org/projects?q=gs12499
Local/Unknown,Kenya,Cookstove,GS10789 GS10791 RVPA-25: Efficient and Clean Cooking for households in Kenya ,ECOA Climate Capital,0.0,0.0,GLD12880,https://registry.goldstandard.org/projects?q=gs12880
European Union,Malawi,Brick Manufacturing,Sustainable Brick Production in Malawi - VPA 1,atmosfair gGmbH,0.0,0.0,GLD12826,https://registry.goldstandard.org/projects?q=gs12826
United Kingdom,DR Congo,Cookstove,Clean Cooking Programme by Bidhaa Sasa,BIDHAA SASA UK LTD,0.0,0.0,GLD12577,https://registry.goldstandard.org/projects?q=gs12577
Local/Unknown,Tanzania,Clean Water,UpEnergy -Social and Climate Impact Programme -Safe Water Drinking Programme- VPA 39,UpEnergy Group,0.0,0.0,GLD12815,https://registry.goldstandard.org/projects?q=gs12815
Local/Unknown,Uganda,Waste Diversion,OYU Waste to Wealth in Uganda,SHRI MAA MARKETING PRIVATE LIMITED,0.0,0.0,GLD12813,https://registry.goldstandard.org/projects?q=gs12813
Local/Unknown,Uganda,Waste Diversion,OYU - Waste to Wealth in Uganda VPA01,SHRI MAA MARKETING PRIVATE LIMITED,0.0,0.0,GLD12814,https://registry.goldstandard.org/projects?q=gs12814
United Kingdom,Kenya,Cookstove,Electric Cooking Programme in Kenya by Bidhaa Sasa,BIDHAA SASA UK LTD,0.0,0.0,GLD12578,https://registry.goldstandard.org/projects?q=gs12578
Local/Unknown,Mozambique,Cookstove,Community Carbon Efficient Cooking Programme VPA-37,UpEnergy Group,0.0,0.0,GLD12662,https://registry.goldstandard.org/projects?q=gs12662
Local/Unknown,Mozambique,Cookstove,Community Carbon Efficient Cooking Programme VPA-36,UpEnergy Group,0.0,0.0,GLD12661,https://registry.goldstandard.org/projects?q=gs12661
Local/Unknown,Mozambique,Cookstove,Community Carbon Efficient Cooking Programme VPA-35,UpEnergy Group,0.0,0.0,GLD12660,https://registry.goldstandard.org/projects?q=gs12660
Local/Unknown,Mozambique,Cookstove,Community Carbon Efficient Cooking Programme VPA-34,UpEnergy Group,0.0,0.0,GLD12659,https://registry.goldstandard.org/projects?q=gs12659
Local/Unknown,Mozambique,Cookstove,Community Carbon Efficient Cooking Programme VPA-33,Community Carbon,0.0,0.0,GLD12658,https://registry.goldstandard.org/projects?q=gs12658
Local/Unknown,Mozambique,Cookstove,Community Carbon Efficient Cooking Programme VPA-32,Community Carbon,0.0,0.0,GLD12657,https://registry.goldstandard.org/projects?q=gs12657
Local/Unknown,Mozambique,Cookstove,Community Carbon Efficient Cooking Programme VPA-31,Community Carbon,0.0,0.0,GLD12656,https://registry.goldstandard.org/projects?q=gs12656
Local/Unknown,Mozambique,Cookstove,Community Carbon Efficient Cooking Programme VPA-30,Community Carbon,0.0,0.0,GLD12655,https://registry.goldstandard.org/projects?q=gs12655
Local/Unknown,Mozambique,Cookstove,Community Carbon Efficient Cooking Programme VPA-29,Community Carbon,0.0,0.0,GLD12654,https://registry.goldstandard.org/projects?q=gs12654
Local/Unknown,Mozambique,Cookstove,Community Carbon Efficient Cooking Programme VPA-28,Community Carbon,0.0,0.0,GLD12653,https://registry.goldstandard.org/projects?q=gs12653
Local/Unknown,Mozambique,Cookstove,Community Carbon Efficient Cooking Programme VPA-38,UpEnergy Group,0.0,0.0,GLD12663,https://registry.goldstandard.org/projects?q=gs12663
United Kingdom,Mozambique,Cookstove,GS7591 VPA 56 Mozambique Improved Cookstove Project,CO2balance UK ltd,0.0,0.0,GLD12534,https://registry.goldstandard.org/projects?q=gs12534
Local/Unknown,Ghana,Cookstove,GS10789 GS 10790 RVPA-75: Efficient and Clean Cooking for households in Ghana,ECOA Climate Capital,0.0,0.0,GLD12646,https://registry.goldstandard.org/projects?q=gs12646
European Union,Uganda,Clean Water,GS11638 GS11640 RVPA-4 SPOUTS Water Purifier Programme in Africa- WPS in Uganda by AERA- VPA 14,AGS Carbon Advisory,30472.0,0.0,GLD12801,https://registry.goldstandard.org/projects?q=gs12801
Local/Unknown,Kenya,Cookstove,GS12443 GS12444 RVPA-02: ECC_Multi-country Electric Clean Cooking Programme in Kenya,ECOA Climate Capital,0.0,0.0,GLD12839,https://registry.goldstandard.org/projects?q=gs12839
Local/Unknown,Uganda,Cookstove,GS12443 GS12492 RVPA-32: ECC_Multi-country Electric Clean Cooking Programme in Uganda,ECOA Climate Capital,0.0,0.0,GLD12841,https://registry.goldstandard.org/projects?q=gs12841
Local/Unknown,Zambia,Cookstove,GS12443 VPA 41: ECC_Multi-country Electric Clean Cooking Programme in Zambia,ECOA Climate Capital,0.0,0.0,GLD12842,https://registry.goldstandard.org/projects?q=gs12842
Local/Unknown,Tanzania,Cookstove,GS12443 GS12490 RVPA-12: ECC_Multi-country Electric Clean Cooking Programme in Tanzania,ECOA Climate Capital,0.0,0.0,GLD12843,https://registry.goldstandard.org/projects?q=gs12843
Local/Unknown,Mozambique,Cookstove,GS12443 VPA 51: ECC_Multi-country Electric Clean Cooking Programme in Mozambique,ECOA Climate Capital,0.0,0.0,GLD12845,https://registry.goldstandard.org/projects?q=gs12845
Local/Unknown,Ghana,Cookstove,GS12443 VPA 22: ECC_Multi-country Electric Clean Cooking Programme in Ghana,ECOA Climate Capital,0.0,0.0,GLD12859,https://registry.goldstandard.org/projects?q=gs12859
United Kingdom,South Africa,Afforestation + Reforestation,New Beginnings Afforestation project ,INITIIS NOVIS (PTY) LTD T/A New Beginnings,0.0,0.0,GLD12938,https://registry.goldstandard.org/projects?q=gs12938
United Kingdom,South Africa,Afforestation + Reforestation,New Beginnings,INITIIS NOVIS (PTY) LTD T/A New Beginnings,0.0,0.0,GLD12614,https://registry.goldstandard.org/projects?q=gs12614
United Kingdom,Togo,Clean Water,Water for Life: Empowering Communities with Safe Water in Togo VPA1 ,Carbon Kind Ltd,0.0,0.0,GLD12844,https://registry.goldstandard.org/projects?q=gs12844
Switzerland,Guinea,Afforestation + Reforestation,ArboRise Participative Reforestation in  Upper Guinea,South Pole Ltd,0.0,0.0,GLD12203,https://registry.goldstandard.org/projects?q=gs12203
Local/Unknown,Egypt,Wind,Red Sea Wind Energy Project,Red Sea Wind Energy SAE (RSWE),0.0,0.0,GLD12768,https://registry.goldstandard.org/projects?q=gs12768
Local/Unknown,Kenya,Cookstove,GS11574 GS11691 RVPA-1 CPA-KE-Kenya Samsung Project,GREEN DEVELOPMENT AS,0.0,0.0,GLD12812,https://registry.goldstandard.org/projects?q=gs12812
Local/Unknown,Madagascar,Cookstove,GS11574 GS11718 RVPA-1 CPA-MA-024-Madagascar,GREEN DEVELOPMENT AS,0.0,0.0,GLD12811,https://registry.goldstandard.org/projects?q=gs12811
Local/Unknown,Malawi,Clean Water,GS11574 GS11718 RVPA-1 CPA-MA-002-Malawi,GREEN DEVELOPMENT AS,0.0,0.0,GLD12810,https://registry.goldstandard.org/projects?q=gs12810
Local/Unknown,Nigeria,Clean Water,Safe Water Programme – Nigeria - VPA 104,Impact Carbon,0.0,0.0,GLD12420,https://registry.goldstandard.org/projects?q=gs12420
United Kingdom,Madagascar,Cookstove,GS12600 VPA-2 Clean Cooking: Madagascar,SANITAP LTD,0.0,0.0,GLD12619,https://registry.goldstandard.org/projects?q=gs12619
United Kingdom,Madagascar,Clean Water,GS12600 VPA-1 Clean Water: Madagascar,SANITAP LTD,0.0,0.0,GLD12601,https://registry.goldstandard.org/projects?q=gs12601
Local/Unknown,Madagascar,Clean Water,GS11574 VPA-1 Madagascar Water Project,GREEN DEVELOPMENT AS,0.0,0.0,GLD12799,https://registry.goldstandard.org/projects?q=gs12799
United Kingdom,Madagascar,Clean Water,Clean Water : Clean Cooking,SANITAP LTD,0.0,0.0,GLD12600,https://registry.goldstandard.org/projects?q=gs12600
Local/Unknown,Egypt,Recycling,Bariq Starlinger 215 PET Recycling Line,Bariq for Techno & Advances Infustries,0.0,0.0,GLD12672,https://registry.goldstandard.org/projects?q=gs12672
Local/Unknown,Nigeria,Cookstove,GS12602 VPA-1 Powerstove Multiple Fuel Project,EKI Energy Services Limited,0.0,0.0,GLD12677,https://registry.goldstandard.org/projects?q=gs12677
Local/Unknown,Nigeria,Cookstove,GS12602 PoA Powerstove Multiple Fuel Project,EKI Energy Services Limited,0.0,0.0,GLD12602,https://registry.goldstandard.org/projects?q=gs12602
United Kingdom,Malawi,Cookstove,Malawi Improved Cookstove Project,CLIMETREK LTD,0.0,0.0,GLD12340,https://registry.goldstandard.org/projects?q=gs12340
Local/Unknown,Kenya,Cookstove,CPA-KE-008-Kisumu,GREEN DEVELOPMENT AS,0.0,0.0,GLD11689,https://registry.goldstandard.org/projects?q=gs11689
Local/Unknown,Kenya,Cookstove,CPA-KE-009-Kenya,GREEN DEVELOPMENT AS,0.0,0.0,GLD11690,https://registry.goldstandard.org/projects?q=gs11690
Local/Unknown,Kenya,Cookstove,CPA - KE - 001 Kibera,GREEN DEVELOPMENT AS,0.0,0.0,GLD11688,https://registry.goldstandard.org/projects?q=gs11688
Local/Unknown,Mozambique,Cookstove,Community Carbon Efficient Cooking  Programme VPA-27,Community Carbon,919.0,0.0,GLD12638,https://registry.goldstandard.org/projects?q=gs12638
Local/Unknown,Rwanda,Clean Water,Jibu Rwanda Carbon Credit Program,Carbonsink (Carbonsink Group S.r.l.),0.0,0.0,GLD12567,https://registry.goldstandard.org/projects?q=gs12567
Local/Unknown,Benin,Cookstove,Distribution of improved cookstoves in Benin – Bissap project ,S2 Clean Cooking,0.0,0.0,GLD12589,https://registry.goldstandard.org/projects?q=gs12589
Local/Unknown,Tanzania,Cookstove,GS12443 VPA 11: ECC_Multi-country Electric Clean Cooking Programme in Tanzania,ECOA Climate Capital,0.0,0.0,GLD12490,https://registry.goldstandard.org/projects?q=gs12490
Local/Unknown,Tanzania,Cookstove,GS12591 VPA-1 Clean cooking: LPG to avoid deforestation in Mlimba district,Rashal Energies Limited,0.0,0.0,GLD12592,https://registry.goldstandard.org/projects?q=gs12592
Local/Unknown,Tanzania,Cookstove,Clean cooking: Fuel switching to avoid deforestation,Rashal Energies Limited,0.0,0.0,GLD12591,https://registry.goldstandard.org/projects?q=gs12591
European Union,Uganda,Afforestation + Reforestation,Bulindi Agroforestry and Chimpanzee  Conservation Project,DutchGreen Project Management B.V.,0.0,0.0,GLD12226,https://registry.goldstandard.org/projects?q=gs12226
Local/Unknown,Mozambique,Cookstove,GS12102 VPA-2 Production and sale of energy-efficient stoves in Inhambane province Mozambique,Carbonsink (Carbonsink Group S.r.l.),0.0,0.0,GLD12163,https://registry.goldstandard.org/projects?q=gs12163
European Union,DR Congo,Lighting,Uplifting communities through clean energy in the DRC - VPA 1,EcoNetix GmbH,75981.0,5752.0,GLD12470,https://registry.goldstandard.org/projects?q=gs12470
European Union,DR Congo,Cookstove,Uplifting communities through clean energy in the DRC - VPA 2,EcoNetix GmbH,0.0,0.0,GLD12620,https://registry.goldstandard.org/projects?q=gs12620
European Union,DR Congo,Lighting,Uplifting communities through clean energy in the DRC,EcoNetix GmbH,0.0,0.0,GLD12469,https://registry.goldstandard.org/projects?q=gs12469
Local/Unknown,Uganda,Cookstove,OYU - Building Sustainable Ugandan Communities VPA10,SHRI MAA MARKETING PRIVATE LIMITED,278230.0,39761.0,GLD12626,https://registry.goldstandard.org/projects?q=gs12626
Local/Unknown,Uganda,Cookstove,OYU - Building Sustainable Ugandan Communities VPA12,SHRI MAA MARKETING PRIVATE LIMITED,257911.0,35000.0,GLD12627,https://registry.goldstandard.org/projects?q=gs12627
Local/Unknown,Uganda,Cookstove,OYU - Building Sustainable Ugandan Communities ,SHRI MAA MARKETING PRIVATE LIMITED,0.0,0.0,GLD12605,https://registry.goldstandard.org/projects?q=gs12605
United Kingdom,Uganda,Clean Water,GS7591 VPA 62 Innovation: Africa Solar Water Pumping Projects - Uganda,CO2balance UK ltd,0.0,0.0,GLD12639,https://registry.goldstandard.org/projects?q=gs12639
United Kingdom,Malawi,Clean Water,GS7591 VPA 63 Innovation: Africa Solar Water Pumping Projects - Malawi,CO2balance UK ltd,0.0,0.0,GLD12640,https://registry.goldstandard.org/projects?q=gs12640
United Kingdom,Zambia,Clean Water,GS7591 VPA 64 Innovation: Africa Solar Water Pumping Projects - Zambia,CO2balance UK ltd,0.0,0.0,GLD12641,https://registry.goldstandard.org/projects?q=gs12641
United Kingdom,South Africa,Clean Water,GS7591 VPA 65 Innovation: Africa Solar Water Pumping Projects - South Africa,CO2balance UK ltd,0.0,0.0,GLD12642,https://registry.goldstandard.org/projects?q=gs12642
United Kingdom,Tanzania,Clean Water,GS7591 VPA 66 Innovation: Africa Solar Water Pumping Projects - Tanzania,CO2balance UK ltd,0.0,0.0,GLD12643,https://registry.goldstandard.org/projects?q=gs12643
United Kingdom,Cameroon,Clean Water,GS7591 VPA 67 Innovation: Africa Solar Water Pumping Projects - Cameroon,CO2balance UK ltd,0.0,0.0,GLD12644,https://registry.goldstandard.org/projects?q=gs12644
Local/Unknown,Nigeria,Clean Water,Crescendo Safe Water Supply 2,CRESCENDO AFFORESTATION FOUNDATION,0.0,0.0,GLD12665,https://registry.goldstandard.org/projects?q=gs12665
Local/Unknown,Mozambique,Clean Water,GS12102 VPA-3 Supply of safe water in rural areas of Tete province Mozambique,Carbonsink (Carbonsink Group S.r.l.),0.0,0.0,GLD12246,https://registry.goldstandard.org/projects?q=gs12246
Local/Unknown,Mozambique,Cookstove,GS12102 VPA-4 Improved cooking experience to reduce charcoal consumption in Tete Mozambique,Carbonsink (Carbonsink Group S.r.l.),3723.0,0.0,GLD12247,https://registry.goldstandard.org/projects?q=gs12247
Local/Unknown,Mozambique,Cookstove,PoA - Energy-Efficient Development for Africa,Carbonsink (Carbonsink Group S.r.l.),0.0,0.0,GLD12102,https://registry.goldstandard.org/projects?q=gs12102
United Kingdom,Rwanda,Cookstove,GS7591 VPA 61 Improved Cookstove Distribution in Kayonza Bugesera and Nyamasheke Districts of Rwanda (GS12618),CO2balance UK ltd,5860.0,104.0,GLD12618,https://registry.goldstandard.org/projects?q=gs12618
United Kingdom,Rwanda,Cookstove,GS7591 VPA 60 Improved Cookstove Distribution in Kayonza Bugesera and Nyamasheke Districts of Rwanda (GS12617),CO2balance UK ltd,44577.0,515.0,GLD12617,https://registry.goldstandard.org/projects?q=gs12617
United Kingdom,Rwanda,Cookstove,GS7591 VPA 59 Improved Cookstove Distribution in Kayonza Bugesera and Nyamasheke Districts of Rwanda (GS12616),CO2balance UK ltd,62567.0,0.0,GLD12616,https://registry.goldstandard.org/projects?q=gs12616
United Kingdom,DR Congo,Cookstove,GS10789 GS 10790 RVPA-33: Efficient and Clean Cooking for households in DRC,Global Cookstoves Ltd.,0.0,0.0,GLD12510,https://registry.goldstandard.org/projects?q=gs12510
United Kingdom,DR Congo,Cookstove,GS10789 GS 10790 RVPA-34: Efficient and Clean Cooking for households in DRC,Global Cookstoves Ltd.,0.0,0.0,GLD12511,https://registry.goldstandard.org/projects?q=gs12511
Local/Unknown,Egypt,Recycling,Bariq recoSTAR PET ART Recycling Line,Bariq for Techno & Advances Infustries,0.0,0.0,GLD12496,https://registry.goldstandard.org/projects?q=gs12496
Local/Unknown,Mozambique,Clean Water,Wells of Hope : improving Hygiene and empowering Women in Mozambique,KIASI ENERGIES,0.0,0.0,GLD12568,https://registry.goldstandard.org/projects?q=gs12568
Local/Unknown,Nigeria,Cookstove,GS10789 GS 11673 RVPA-69: Efficient and Clean Cooking for households in Nigeria,ECOA Climate Capital,0.0,0.0,GLD12506,https://registry.goldstandard.org/projects?q=gs12506
Local/Unknown,Cote d'Ivoire,Centralized Solar,Boundiali solar power plant,AERA Group,43395.0,0.0,GLD12486,https://registry.goldstandard.org/projects?q=gs12486
Local/Unknown,Ghana,Cookstove,GS12443 GS12859 RVPA-21: ECC_Multi-country Electric Clean Cooking Programme in Ghana,ECOA Climate Capital,0.0,0.0,GLD12491,https://registry.goldstandard.org/projects?q=gs12491
Local/Unknown,Nigeria,Cookstove,GS10789 GS 11673 RVPA-65: Efficient and Clean Cooking for households in Nigeria ,Global Cookstoves 2 Limited,0.0,0.0,GLD12505,https://registry.goldstandard.org/projects?q=gs12505
Local/Unknown,Kenya,Cookstove,GS10789 GS 10791 RVPA-24: Efficient and Clean Cooking for households in Kenya,ECOA Climate Capital,0.0,0.0,GLD12512,https://registry.goldstandard.org/projects?q=gs12512
Local/Unknown,Uganda,Cookstove,GS12443 VPA 31: ECC_Multi-country Electric Clean Cooking Programme in Uganda,ECOA Climate Capital,0.0,0.0,GLD12492,https://registry.goldstandard.org/projects?q=gs12492
Local/Unknown,Kenya,Cookstove,GS10789 GS10791 RVPA-23: Efficient and  Clean Cooking for households in Kenya,ECOA Climate Capital,0.0,0.0,GLD12351,https://registry.goldstandard.org/projects?q=gs12351
Local/Unknown,Mozambique,Cookstove,GS10789 GS10790 RVPA-12: Efficient and  Clean Cooking for households in Mozambique,ECOA Climate Capital,0.0,0.0,GLD12300,https://registry.goldstandard.org/projects?q=gs12300
Local/Unknown,Mozambique,Cookstove,GS10789 GS10790 RVPA-11: Efficient and Clean Cooking for households in Mozambique,Save Forest 2 Limited,0.0,0.0,GLD12299,https://registry.goldstandard.org/projects?q=gs12299
United States,Kenya,Clean Water,GS 12221 VPA-1 Millennium Water Alliance and Virridy Clean Drinking Water Supply Program in Kenya,SweetSense Inc.,0.0,0.0,GLD12223,https://registry.goldstandard.org/projects?q=gs12223
United States,Kenya,Clean Water,Millennium Water Alliance and Virridy Clean Drinking Water Supply Program in Kenya,SweetSense Inc.,0.0,0.0,GLD12221,https://registry.goldstandard.org/projects?q=gs12221
Local/Unknown,Uganda,Cookstove,PowerUP Smart Electric Stoves for Clean Air-Uganda-VPA10,PowerUp,0.0,0.0,GLD12536,https://registry.goldstandard.org/projects?q=gs12536
Local/Unknown,Kenya,Cookstove,GS12443 VPA 01: ECC_Multi-country Electric Clean Cooking Programme in Kenya,ECOA Climate Capital,0.0,0.0,GLD12444,https://registry.goldstandard.org/projects?q=gs12444
Local/Unknown,Ghana,Afforestation + Reforestation,Sankofa plantation in Ghana by Alliances for Action,GS Delta Orphan Account,0.0,0.0,GLD11569,https://registry.goldstandard.org/projects?q=gs11569
Local/Unknown,Mozambique,Cookstove,GS10789 GS 10790 RVPA-13: Efficient and Clean Cooking for households in Mozambique,Global Cookstoves 2 Limited,0.0,0.0,GLD12507,https://registry.goldstandard.org/projects?q=gs12507
Local/Unknown,DR Congo,Cookstove,GS10789 GS 10790 RVPA-32: Efficient and Clean Cooking for households in DRC,Global Cookstoves 2 Limited,0.0,0.0,GLD12509,https://registry.goldstandard.org/projects?q=gs12509
Local/Unknown,Somalia,Cookstove,GS10789 GS10790 RVPA-54 Efficient and Clean  cooking for Households in Somalia,ECOA Climate Capital,0.0,0.0,GLD12514,https://registry.goldstandard.org/projects?q=gs12514
Local/Unknown,Tanzania,Cookstove,GS10789 GS10790 RVPA-44: Efficient and Clean Cooking for households in Tanzania,Global Cookstoves 2 Limited,0.0,0.0,GLD12515,https://registry.goldstandard.org/projects?q=gs12515
Local/Unknown,Ghana,Cookstove,GS10789 GS10790 RVPA-73: Efficient and Clean Cooking for households in Ghana,ECOA Climate Capital,0.0,0.0,GLD12517,https://registry.goldstandard.org/projects?q=gs12517
Local/Unknown,Senegal,Cookstove,Diakolal Cookstove Project in Senegal by Removall - (REMSEN01),Removall,0.0,0.0,GLD12479,https://registry.goldstandard.org/projects?q=gs12479
United Kingdom,Mozambique,Cookstove,GS10789 GS10790 RVPA-15: Efficient and  Clean Cooking for households in Mozambique,Global Cookstoves Ltd.,0.0,0.0,GLD12440,https://registry.goldstandard.org/projects?q=gs12440
Local/Unknown,Kenya,Clean Water,Safe Water Programme – Kenya - VPA 71,Impact Carbon,0.0,0.0,GLD12273,https://registry.goldstandard.org/projects?q=gs12273
Local/Unknown,Kenya,Clean Water,Safe Water Programme – Kenya - VPA 62,Impact Carbon,0.0,0.0,GLD12264,https://registry.goldstandard.org/projects?q=gs12264
Local/Unknown,Kenya,Clean Water,Safe Water Programme – Kenya - VPA 53,Impact Carbon,83372.0,31857.0,GLD12255,https://registry.goldstandard.org/projects?q=gs12255
France,Senegal,Cookstove,FANS: Foyers Améliorés au Nord du Sénégal,LIVELIHOODS CARBON FUND SICAV-RAIF,0.0,0.0,GLD12435,https://registry.goldstandard.org/projects?q=gs12435
Local/Unknown,Tanzania,Cookstove,GS10789 GS10790 RVPA-43 Efficient and Clean  Cooking for households in Tanzania,ECOA Climate Capital,0.0,0.0,GLD12352,https://registry.goldstandard.org/projects?q=gs12352
Local/Unknown,Ghana,Cookstove,GS10789 GS10790 RVPA-72: Efficient and  Clean Cooking for households in Ghana,ECOA Climate Capital,0.0,0.0,GLD12353,https://registry.goldstandard.org/projects?q=gs12353
Local/Unknown,DR Congo,Cookstove,GS10789 GS10790 RVPA-31 : Efficient and  Clean Cooking for households in Democratic  Republic of the Congo (DRC),ECOA Climate Capital,0.0,0.0,GLD12348,https://registry.goldstandard.org/projects?q=gs12348
Local/Unknown,DR Congo,Cookstove,GS10789 GS10790 RVPA-30 : Efficient and Clean Cooking for households in Democratic Republic of the Congo (DRC),Save Forest 2 Limited,0.0,0.0,GLD12338,https://registry.goldstandard.org/projects?q=gs12338
Local/Unknown,Nigeria,Cookstove,GS10789 GS11673 RVPA-68: Efficient and  Clean Cooking for households in Nigeria,ECOA Climate Capital,0.0,0.0,GLD12296,https://registry.goldstandard.org/projects?q=gs12296
Local/Unknown,Nigeria,Cookstove,GS10789 GS11673 RVPA-67: Efficient and  Clean Cooking for households in Nigeria,Save Forest 2 Limited,111159.0,0.0,GLD12295,https://registry.goldstandard.org/projects?q=gs12295
Local/Unknown,Somalia,Cookstove,GS10789 GS10790 RVPA-53 Efficient and Clean  cooking for Households in Somalia,ECOA Climate Capital,0.0,0.0,GLD12286,https://registry.goldstandard.org/projects?q=gs12286
Local/Unknown,Nigeria,Cookstove,GS10789 GS11673 RVPA-64: Efficient and  Clean Cooking for households in Nigeria,ECOA Climate Capital,0.0,0.0,GLD12283,https://registry.goldstandard.org/projects?q=gs12283
Local/Unknown,Nigeria,Cookstove,GS10789 GS11673 RVPA-63: Efficient and  Clean Cooking for households in Nigeria,Save Forest 2 Limited,119441.0,0.0,GLD12282,https://registry.goldstandard.org/projects?q=gs12282
Local/Unknown,Nigeria,Clean Water,GS10789 GS11673 RVPA-62: Efficient and  Clean Cooking for households in Nigeria,ECOA Climate Capital,0.0,0.0,GLD12238,https://registry.goldstandard.org/projects?q=gs12238
Local/Unknown,Malawi,Cookstove,UpEnergy-Social and Climate Impact Programme- Cooking Devices VPA-26,UpEnergy Group,46185.0,0.0,GLD12474,https://registry.goldstandard.org/projects?q=gs12474
United States,Rwanda,Clean Water,GS 12239 VPA-1 Amazi Meza Rwanda Water Supply Project For Schools,SweetSense Inc.,23818.0,0.0,GLD12240,https://registry.goldstandard.org/projects?q=gs12240
United States,Rwanda,Clean Water,Amazi Meza Rwanda Water Supply Project For Schools - PoA,SweetSense Inc.,0.0,0.0,GLD12239,https://registry.goldstandard.org/projects?q=gs12239
Local/Unknown,DR Congo,Afforestation + Reforestation,N'situ pelende by Colruyt group,Colruyt group NV,0.0,0.0,GLD12214,https://registry.goldstandard.org/projects?q=gs12214
Local/Unknown,Ghana,Cookstove,GS1385 Man and Man Enterprise Improved Cooking Stoves Programme in Ghana - VPA005 (Volta region),Man and Man Enterprise,101335.0,0.0,GLD12462,https://registry.goldstandard.org/projects?q=gs12462
European Union,Togo,Centralized Solar,Grid-connected solar PV plants in Togo,atmosfair gGmbH,0.0,0.0,GLD12153,https://registry.goldstandard.org/projects?q=gs12153
Local/Unknown,Mali,Clean Water,Mali Safe Drinking Water Program,Lift Solution Limited,248876.0,0.0,GLD12441,https://registry.goldstandard.org/projects?q=gs12441
Local/Unknown,Burkina Faso,Cookstove,GS1340 - Efficient cookstoves in Burkina Faso – VPA- 69 – F3PA tiipaalga Bazega ,Tiipaalga,0.0,0.0,GLD12433,https://registry.goldstandard.org/projects?q=gs12433
Local/Unknown,Burkina Faso,Cookstove,GS1340 - Efficient cookstoves in Burkina Faso – VPA- 68 – F3PA tiipaalga Bazega ,Tiipaalga,0.0,0.0,GLD12432,https://registry.goldstandard.org/projects?q=gs12432
Local/Unknown,Burkina Faso,Cookstove,GS1340 - Efficient cookstoves in Burkina Faso – VPA- 67 – F3PA tiipaalga Bazega ,Tiipaalga,0.0,0.0,GLD12431,https://registry.goldstandard.org/projects?q=gs12431
Local/Unknown,Burkina Faso,Cookstove,GS1340 - Efficient cookstoves in Burkina Faso – VPA- 66 – F3PA tiipaalga Bazega ,Tiipaalga,0.0,0.0,GLD12430,https://registry.goldstandard.org/projects?q=gs12430
Local/Unknown,Burkina Faso,Cookstove,GS1340 - Efficient cookstoves in Burkina Faso – VPA- 65 – F3PA tiipaalga Bazega ,Tiipaalga,0.0,0.0,GLD12429,https://registry.goldstandard.org/projects?q=gs12429
Local/Unknown,Burkina Faso,Cookstove,GS1340 - Efficient cookstoves in Burkina Faso – VPA- 64 – F3PA tiipaalga Bazega ,Tiipaalga,0.0,0.0,GLD12428,https://registry.goldstandard.org/projects?q=gs12428
Local/Unknown,Burkina Faso,Cookstove,GS1340 - Efficient cookstoves in Burkina Faso – VPA- 63 – F3PA tiipaalga Bazega ,Tiipaalga,0.0,0.0,GLD12427,https://registry.goldstandard.org/projects?q=gs12427
Local/Unknown,Burkina Faso,Cookstove,GS1340 - Efficient cookstoves in Burkina Faso – VPA- 62 – F3PA tiipaalga Bazega ,Tiipaalga,0.0,0.0,GLD12426,https://registry.goldstandard.org/projects?q=gs12426
Local/Unknown,Burkina Faso,Cookstove,GS1340 - Efficient cookstoves in Burkina Faso – VPA- 61 – F3PA tiipaalga Bazega ,Tiipaalga,0.0,0.0,GLD12425,https://registry.goldstandard.org/projects?q=gs12425
Local/Unknown,Burkina Faso,Cookstove,GS1340 - Efficient cookstoves in Burkina Faso – VPA- 60 – F3PA tiipaalga Bazega ,Tiipaalga,0.0,0.0,GLD12424,https://registry.goldstandard.org/projects?q=gs12424
Local/Unknown,Cabo Verde,Centralized Solar,Sal and São Vicente Solar Project,APP SGPS S.A – (APP-SOCIEDADE CABOVERDIANA DE IMPULSO DE ÁGUA ENERGIA E PARTICIPAÇÕES),0.0,0.0,GLD12380,https://registry.goldstandard.org/projects?q=gs12380
Local/Unknown,Burkina Faso,Cookstove,GS1340 - Efficient cookstoves in Burkina Faso – VPA-56 - tiipaalga Beoong Neere,Tiipaalga,0.0,0.0,GLD12385,https://registry.goldstandard.org/projects?q=gs12385
Local/Unknown,Burkina Faso,Cookstove,GS1340 - Efficient cookstoves in Burkina Faso – VPA-57 - tiipaalga Beoong Neere,Tiipaalga,0.0,0.0,GLD12386,https://registry.goldstandard.org/projects?q=gs12386
Local/Unknown,Burkina Faso,Cookstove,GS1340 - Efficient cookstoves in Burkina Faso – VPA-58 - tiipaalga Beoong Neere,Tiipaalga,0.0,0.0,GLD12387,https://registry.goldstandard.org/projects?q=gs12387
Local/Unknown,Burkina Faso,Cookstove,GS1340 - Efficient cookstoves in Burkina Faso – VPA-59 - tiipaalga Beoong Neere,Tiipaalga,0.0,0.0,GLD12388,https://registry.goldstandard.org/projects?q=gs12388
United Kingdom,Kenya,Cookstove,GS10789 GS10791 RVPA-22: Efficient and  Clean Cooking for households in Kenya,Global Cookstoves Ltd.,163165.0,19500.0,GLD12350,https://registry.goldstandard.org/projects?q=gs12350
Local/Unknown,Tanzania,Clean Water,GS12102 VPA-1 Carbon Credit financing for sustainable rural water supply in Manyara Region,Carbonsink (Carbonsink Group S.r.l.),0.0,0.0,GLD12458,https://registry.goldstandard.org/projects?q=gs12458
Local/Unknown,Nigeria,Clean Water,Safe Water Programme – Nigeria - VPA 74,Impact Carbon,47160.0,0.0,GLD12390,https://registry.goldstandard.org/projects?q=gs12390
Local/Unknown,Nigeria,Clean Water, Safe Water Programme – Nigeria - VPA 75,Impact Carbon,45152.0,0.0,GLD12391,https://registry.goldstandard.org/projects?q=gs12391
Local/Unknown,Nigeria,Clean Water,Safe Water Programme – Nigeria - VPA 76,Impact Carbon,42976.0,0.0,GLD12392,https://registry.goldstandard.org/projects?q=gs12392
Local/Unknown,Nigeria,Clean Water,Safe Water Programme – Nigeria - VPA 77,Impact Carbon,43372.0,0.0,GLD12393,https://registry.goldstandard.org/projects?q=gs12393
Local/Unknown,Nigeria,Clean Water,Safe Water Programme – Nigeria - VPA 78,Impact Carbon,41290.0,0.0,GLD12394,https://registry.goldstandard.org/projects?q=gs12394
Local/Unknown,Nigeria,Clean Water,Safe Water Programme – Nigeria - VPA 79,Impact Carbon,35403.0,0.0,GLD12395,https://registry.goldstandard.org/projects?q=gs12395
Local/Unknown,Nigeria,Clean Water,Safe Water Programme – Nigeria - VPA 80,Impact Carbon,35834.0,0.0,GLD12396,https://registry.goldstandard.org/projects?q=gs12396
Local/Unknown,Nigeria,Clean Water,Safe Water Programme – Nigeria - VPA 81,Impact Carbon,31326.0,0.0,GLD12397,https://registry.goldstandard.org/projects?q=gs12397
Local/Unknown,Nigeria,Clean Water,Safe Water Programme – Nigeria - VPA 82,Impact Carbon,28707.0,0.0,GLD12398,https://registry.goldstandard.org/projects?q=gs12398
Local/Unknown,Nigeria,Clean Water,Safe Water Programme – Nigeria - VPA 83,Impact Carbon,27916.0,0.0,GLD12399,https://registry.goldstandard.org/projects?q=gs12399
Local/Unknown,Nigeria,Clean Water,Safe Water Programme – Nigeria - VPA 84,Impact Carbon,27657.0,0.0,GLD12400,https://registry.goldstandard.org/projects?q=gs12400
Local/Unknown,Nigeria,Clean Water, Safe Water Programme – Nigeria - VPA 85,Impact Carbon,28913.0,0.0,GLD12401,https://registry.goldstandard.org/projects?q=gs12401
Local/Unknown,Nigeria,Clean Water, Safe Water Programme – Nigeria - VPA 86,Impact Carbon,27601.0,0.0,GLD12402,https://registry.goldstandard.org/projects?q=gs12402
Local/Unknown,Nigeria,Clean Water, Safe Water Programme – Nigeria - VPA 87,Impact Carbon,26783.0,0.0,GLD12403,https://registry.goldstandard.org/projects?q=gs12403
Local/Unknown,Nigeria,Clean Water,Safe Water Programme – Nigeria - VPA 88,Impact Carbon,28210.0,0.0,GLD12404,https://registry.goldstandard.org/projects?q=gs12404
Local/Unknown,Nigeria,Clean Water,Safe Water Programme – Nigeria - VPA 89,Impact Carbon,28304.0,0.0,GLD12405,https://registry.goldstandard.org/projects?q=gs12405
Local/Unknown,Nigeria,Clean Water,Safe Water Programme – Nigeria - VPA 90,Impact Carbon,25904.0,0.0,GLD12406,https://registry.goldstandard.org/projects?q=gs12406
Local/Unknown,Nigeria,Clean Water,Safe Water Programme – Nigeria - VPA 91,Impact Carbon,25706.0,0.0,GLD12407,https://registry.goldstandard.org/projects?q=gs12407
Local/Unknown,Nigeria,Clean Water,Safe Water Programme – Nigeria - VPA 92,Impact Carbon,23338.0,0.0,GLD12408,https://registry.goldstandard.org/projects?q=gs12408
Local/Unknown,Nigeria,Clean Water,Safe Water Programme – Nigeria - VPA 93,Impact Carbon,20519.0,18000.0,GLD12409,https://registry.goldstandard.org/projects?q=gs12409
Local/Unknown,Nigeria,Clean Water, Safe Water Programme – Nigeria - VPA 94,Impact Carbon,18710.0,175.0,GLD12410,https://registry.goldstandard.org/projects?q=gs12410
Local/Unknown,Nigeria,Clean Water, Safe Water Programme – Nigeria - VPA 95,Impact Carbon,19228.0,0.0,GLD12411,https://registry.goldstandard.org/projects?q=gs12411
Local/Unknown,Nigeria,Clean Water,Safe Water Programme – Nigeria - VPA 96,Impact Carbon,18398.0,0.0,GLD12412,https://registry.goldstandard.org/projects?q=gs12412
Local/Unknown,Nigeria,Clean Water,Safe Water Programme – Nigeria - VPA 97,Impact Carbon,18648.0,0.0,GLD12413,https://registry.goldstandard.org/projects?q=gs12413
Local/Unknown,Nigeria,Clean Water,Safe Water Programme – Nigeria - VPA 98,Impact Carbon,17080.0,0.0,GLD12414,https://registry.goldstandard.org/projects?q=gs12414
Local/Unknown,Nigeria,Clean Water,Safe Water Programme – Nigeria - VPA 99,Impact Carbon,15330.0,0.0,GLD12415,https://registry.goldstandard.org/projects?q=gs12415
Local/Unknown,Nigeria,Clean Water,Safe Water Programme – Nigeria - VPA 100,Impact Carbon,15180.0,0.0,GLD12416,https://registry.goldstandard.org/projects?q=gs12416
Local/Unknown,Nigeria,Clean Water,Safe Water Programme – Nigeria - VPA 101,Impact Carbon,14750.0,0.0,GLD12417,https://registry.goldstandard.org/projects?q=gs12417
Local/Unknown,Nigeria,Clean Water,Safe Water Programme – Nigeria - VPA 102,Impact Carbon,10451.0,0.0,GLD12418,https://registry.goldstandard.org/projects?q=gs12418
Local/Unknown,Nigeria,Clean Water,Safe Water Programme – Nigeria - VPA 103,Impact Carbon,0.0,0.0,GLD12419,https://registry.goldstandard.org/projects?q=gs12419
Local/Unknown,Uganda,Clean Water,COMMUNITY CARBON SAFE WATER DRINKING PROGRAMME-VPA 20 ,Community Carbon,2095.0,0.0,GLD12342,https://registry.goldstandard.org/projects?q=gs12342
Local/Unknown,Uganda,Clean Water,COMMUNITY CARBON SAFE WATER DRINKING PROGRAMME-VPA 21,UpEnergy Group,0.0,0.0,GLD12343,https://registry.goldstandard.org/projects?q=gs12343
Local/Unknown,Uganda,Clean Water,COMMUNITY CARBON SAFE WATER DRINKING PROGRAMME-VPA 22,UpEnergy Group,0.0,0.0,GLD12344,https://registry.goldstandard.org/projects?q=gs12344
Local/Unknown,Malawi,Cookstove,UpEnergy-Social and Climate Impact Programme- Cooking Devices VPA-23,UpEnergy Group,95407.0,24472.0,GLD12357,https://registry.goldstandard.org/projects?q=gs12357
Local/Unknown,Malawi,Cookstove,UpEnergy-Social and Climate Impact Programme- Cooking Devices VPA-24,UpEnergy Group,93028.0,5537.0,GLD12358,https://registry.goldstandard.org/projects?q=gs12358
Local/Unknown,Zambia,Cookstove,UpEnergy – Social and Climate Impact Programme-Cooking Devices VPA-25,UpEnergy Group,24036.0,0.0,GLD12377,https://registry.goldstandard.org/projects?q=gs12377
Local/Unknown,Madagascar,Distributed Solar,Solar Power for Rural Villages in Madagascar,Tsanta Rabekoto,0.0,0.0,GLD12379,https://registry.goldstandard.org/projects?q=gs12379
Local/Unknown,Chad,Cookstove,Solar cooking in Chad Touloum (VPA2),FairClimateFund,29142.0,0.0,GLD12011,https://registry.goldstandard.org/projects?q=gs12011
European Union,Burundi,Clean Water,Maji Bora Multi-Country Small-Scale Safe Water Supply Programme of Activities (PoA),First Climate Markets GmbH,0.0,0.0,GLD12345,https://registry.goldstandard.org/projects?q=gs12345
European Union,Kenya,Clean Water,Safe Water Supply in Turkana County,First Climate Markets GmbH,0.0,0.0,GLD12354,https://registry.goldstandard.org/projects?q=gs12354
Local/Unknown,Cameroon,Cookstove,Better Cooking for a better Health in Northern Cameroon ,KIASI ENERGIES,0.0,0.0,GLD12210,https://registry.goldstandard.org/projects?q=gs12210
United Kingdom,Somalia,Cookstove,GS10789 GS10790 RVPA-52 Efficient and Clean  cooking for Households in Somalia,Global Cookstoves Ltd.,269440.0,259852.0,GLD12285,https://registry.goldstandard.org/projects?q=gs12285
Local/Unknown,Madagascar,Cookstove,CPA-MA-28-Madagascar Ethanol Stove Program,GREEN DEVELOPMENT AS,0.0,0.0,GLD11714,https://registry.goldstandard.org/projects?q=gs11714
Local/Unknown,Kenya,Manure Biodigester,GS 12204 - VPA 1 Sistema.bio Global Carbon Program ,Deactivated Projects,0.0,0.0,GLD12322,https://registry.goldstandard.org/projects?q=gs12322
United States,Kenya,Manure Biodigester,GS12204 RVPA-1 Sistema.bio Global Carbon Program: Biodigesters in Kenya 2023-4,SISTEMA.BIO INC.,0.0,0.0,GLD12078,https://registry.goldstandard.org/projects?q=gs12078
Local/Unknown,Tanzania,Cookstove,Beyond Biomass: UpEnergy Electric Cooking-VPA 9,UpEnergy Group,1401.0,0.0,GLD12082,https://registry.goldstandard.org/projects?q=gs12082
Local/Unknown,Kenya,Cookstove,CPA-KE-010-Kenya Samsung Mombasa Project,GREEN DEVELOPMENT AS,92919.0,0.0,GLD11691,https://registry.goldstandard.org/projects?q=gs11691
Local/Unknown,Kenya,Cookstove,CDM-KE-011 Kenya EcoEye Mombasa Project,GREEN DEVELOPMENT AS,27037.0,0.0,GLD11692,https://registry.goldstandard.org/projects?q=gs11692
Local/Unknown,Kenya,Cookstove,CPA-KE-012-Kenya Samsung Project,GREEN DEVELOPMENT AS,188273.0,0.0,GLD11693,https://registry.goldstandard.org/projects?q=gs11693
United Kingdom,Kenya,Cookstove,Empowering Kenya through Positive Impact Cooking by d.light,Climate Secure India Pvt. Ltd,472633.0,382331.0,GLD12307,https://registry.goldstandard.org/projects?q=gs12307
European Union,Egypt,Centralized Solar,15 MW solar plants to power COP27,First Climate (Switzerland) AG,28674.0,0.0,GLD12137,https://registry.goldstandard.org/projects?q=gs12137
European Union,Uganda,Cookstove,GS11319 GS11253 Otuke Improved Cookstove project,Schneider Electric France,0.0,0.0,GLD12218,https://registry.goldstandard.org/projects?q=gs12218
United Kingdom,Nigeria,Cookstove,GS7591 VPA 55 Clean Cooking in Nigeria,CO2balance UK ltd,0.0,0.0,GLD12304,https://registry.goldstandard.org/projects?q=gs12304
Local/Unknown,Kenya,Biomass,Biomass Briquettes in Tea Factories: Chebut Tombe Boito Itumbe Kapkoros & Tegat,TAMU DMCC,357.0,0.0,GLD12188,https://registry.goldstandard.org/projects?q=gs12188
Local/Unknown,Kenya,Biomass,Biomass Briquettes in Kenyan Manufacturing Facilities,TAMU DMCC,0.0,0.0,GLD12187,https://registry.goldstandard.org/projects?q=gs12187
Local/Unknown,Kenya,Clean Water, Safe Water Programme – Kenya - VPA 50,Impact Carbon,69600.0,2343.0,GLD12252,https://registry.goldstandard.org/projects?q=gs12252
Local/Unknown,Kenya,Clean Water,Safe Water Programme – Kenya - VPA 56,Impact Carbon,53065.0,279.0,GLD12258,https://registry.goldstandard.org/projects?q=gs12258
Local/Unknown,Kenya,Clean Water,Safe Water Programme – Kenya - VPA 54,Impact Carbon,91107.0,32759.0,GLD12256,https://registry.goldstandard.org/projects?q=gs12256
Local/Unknown,Kenya,Clean Water,Safe Water Programme – Kenya - VPA 55,Impact Carbon,79238.0,5790.0,GLD12257,https://registry.goldstandard.org/projects?q=gs12257
Local/Unknown,Kenya,Clean Water,Safe Water Programme – Kenya - VPA 61,Impact Carbon,48774.0,15257.0,GLD12263,https://registry.goldstandard.org/projects?q=gs12263
Local/Unknown,Kenya,Clean Water,Safe Water Programme – Kenya - VPA 64,Impact Carbon,0.0,0.0,GLD12266,https://registry.goldstandard.org/projects?q=gs12266
Local/Unknown,Kenya,Clean Water,Safe Water Programme – Kenya - VPA 65,Impact Carbon,0.0,0.0,GLD12267,https://registry.goldstandard.org/projects?q=gs12267
Local/Unknown,Kenya,Clean Water,Safe Water Programme – Kenya - VPA 67,Impact Carbon,0.0,0.0,GLD12269,https://registry.goldstandard.org/projects?q=gs12269
Local/Unknown,Kenya,Clean Water,Safe Water Programme – Kenya - VPA 51,Impact Carbon,84516.0,33365.0,GLD12253,https://registry.goldstandard.org/projects?q=gs12253
Local/Unknown,Kenya,Clean Water,Safe Water Programme – Kenya - VPA 52,Impact Carbon,81994.0,32199.0,GLD12254,https://registry.goldstandard.org/projects?q=gs12254
Local/Unknown,Kenya,Clean Water, Safe Water Programme – Kenya - VPA 66,Impact Carbon,0.0,0.0,GLD12268,https://registry.goldstandard.org/projects?q=gs12268
Local/Unknown,Kenya,Clean Water,Safe Water Programme – Kenya - VPA 58,Impact Carbon,63391.0,15706.0,GLD12260,https://registry.goldstandard.org/projects?q=gs12260
Local/Unknown,Kenya,Clean Water,Safe Water Programme – Kenya - VPA 59,Impact Carbon,55095.0,11822.0,GLD12261,https://registry.goldstandard.org/projects?q=gs12261
Local/Unknown,Kenya,Clean Water,Safe Water Programme – Kenya - VPA 63,Impact Carbon,0.0,0.0,GLD12265,https://registry.goldstandard.org/projects?q=gs12265
Local/Unknown,Kenya,Clean Water, Safe Water Programme – Kenya - VPA 68,Impact Carbon,0.0,0.0,GLD12270,https://registry.goldstandard.org/projects?q=gs12270
Local/Unknown,Kenya,Clean Water,Safe Water Programme – Kenya - VPA 60,Impact Carbon,56528.0,1979.0,GLD12262,https://registry.goldstandard.org/projects?q=gs12262
Local/Unknown,Kenya,Clean Water,Safe Water Programme – Kenya - VPA 49,Impact Carbon,79747.0,37828.0,GLD12251,https://registry.goldstandard.org/projects?q=gs12251
Local/Unknown,Kenya,Clean Water,Safe Water Programme – Kenya - VPA 57,Impact Carbon,57524.0,0.0,GLD12259,https://registry.goldstandard.org/projects?q=gs12259
Local/Unknown,Kenya,Clean Water,Safe Water Programme – Kenya - VPA 70,Impact Carbon,0.0,0.0,GLD12272,https://registry.goldstandard.org/projects?q=gs12272
Local/Unknown,Kenya,Clean Water,Safe Water Programme – Kenya - VPA 72,Impact Carbon,0.0,0.0,GLD12274,https://registry.goldstandard.org/projects?q=gs12274
Local/Unknown,Kenya,Clean Water,Safe Water Programme – Kenya - VPA 69,Impact Carbon,0.0,0.0,GLD12271,https://registry.goldstandard.org/projects?q=gs12271
Local/Unknown,Kenya,Clean Water,Safe Water Programme – Kenya - VPA 73,Impact Carbon,0.0,0.0,GLD12275,https://registry.goldstandard.org/projects?q=gs12275
European Union,Rwanda,Clean Water,GS11638 GS11639 RVPA-3 SPOUTS Water Purifier Programme in Africa- WPS in Rwanda- VPA 8,AGS Carbon Advisory,0.0,0.0,GLD12310,https://registry.goldstandard.org/projects?q=gs12310
European Union,Rwanda,Clean Water,GS11638 GS11639 RVPA-2 SPOUTS Water Purifier Programme in Africa- WPS in Rwanda- VPA 7,AGS Carbon Advisory,0.0,0.0,GLD12309,https://registry.goldstandard.org/projects?q=gs12309
European Union,Rwanda,Clean Water,GS11638 GS11639 RVPA-1 SPOUTS Water Purifier Programme in Africa- WPS in Rwanda-VPA 6,AGS Carbon Advisory,0.0,0.0,GLD12308,https://registry.goldstandard.org/projects?q=gs12308
United Kingdom,Malawi,Cookstove,GS12151 Ripple Africa high impact cookstoves VPA01 SA1,CONSERVATION CARBON MALAWI PTY LTD,0.0,0.0,GLD12208,https://registry.goldstandard.org/projects?q=gs12208
United Kingdom,Nigeria,Clean Water,GS7591 VPA 51 Safe Water Supply in Nigeria,CO2balance UK ltd,0.0,0.0,GLD12115,https://registry.goldstandard.org/projects?q=gs12115
Local/Unknown,Tanzania,Clean Water,GS 12030 VPA 1 Safe Water Project in Kigoma and Dodoma (Tanzania),WATER MISSIONS INTERNATIONAL,72398.0,0.0,GLD12031,https://registry.goldstandard.org/projects?q=gs12031
Local/Unknown,Tanzania,Clean Water,GS PoA Safe Water Programme by Water Mission in Tanzania,WATER MISSIONS INTERNATIONAL,0.0,0.0,GLD12030,https://registry.goldstandard.org/projects?q=gs12030
Local/Unknown,Madagascar,Clean Water,GS5658 VPA 42: Water is Life Madagascar,Madaprojects Srl SB,0.0,0.0,GLD11854,https://registry.goldstandard.org/projects?q=gs11854
United Kingdom,South Africa,Distributed Solar,Small-scale solar electrical programme South Africa – CPA-015,BLUE WORLD CARBON ASSET MANAGEMENT (PTY) LTD,15691.0,14297.0,GLD12010,https://registry.goldstandard.org/projects?q=gs12010
United Kingdom,South Africa,Distributed Solar,Small-scale solar electrical programme South Africa – CPA-014,BLUE WORLD CARBON ASSET MANAGEMENT (PTY) LTD,30714.0,30714.0,GLD12009,https://registry.goldstandard.org/projects?q=gs12009
United Kingdom,South Africa,Distributed Solar,Small-scale solar electrical programme South Africa – CPA-013,BLUE WORLD CARBON ASSET MANAGEMENT (PTY) LTD,33529.0,27678.0,GLD12008,https://registry.goldstandard.org/projects?q=gs12008
United Kingdom,South Africa,Distributed Solar,Small-scale solar electrical programme South Africa – CPA-012,BLUE WORLD CARBON ASSET MANAGEMENT (PTY) LTD,29351.0,29351.0,GLD12007,https://registry.goldstandard.org/projects?q=gs12007
United Kingdom,South Africa,Distributed Solar,Small-scale solar electrical programme South Africa – CPA-011,BLUE WORLD CARBON ASSET MANAGEMENT (PTY) LTD,33292.0,14737.0,GLD12006,https://registry.goldstandard.org/projects?q=gs12006
United Kingdom,South Africa,Distributed Solar,Small-scale solar electrical programme South Africa – CPA-010,BLUE WORLD CARBON ASSET MANAGEMENT (PTY) LTD,19438.0,8093.0,GLD12005,https://registry.goldstandard.org/projects?q=gs12005
United Kingdom,South Africa,Distributed Solar,Small-scale solar electrical programme South Africa – CPA-009,BLUE WORLD CARBON ASSET MANAGEMENT (PTY) LTD,34414.0,21404.0,GLD12004,https://registry.goldstandard.org/projects?q=gs12004
United Kingdom,South Africa,Distributed Solar,Small-scale solar electrical programme South Africa – CPA-008,BLUE WORLD CARBON ASSET MANAGEMENT (PTY) LTD,35031.0,35031.0,GLD12003,https://registry.goldstandard.org/projects?q=gs12003
United Kingdom,South Africa,Distributed Solar,Small-scale solar electrical programme South Africa – CPA-007,BLUE WORLD CARBON ASSET MANAGEMENT (PTY) LTD,36493.0,36493.0,GLD12002,https://registry.goldstandard.org/projects?q=gs12002
European Union,Mozambique,Cookstove,Clean Cooking with Biomass Gasification in Mozambique (VPA3),Emerging Cooking Solutions Sweden AB,0.0,0.0,GLD12190,https://registry.goldstandard.org/projects?q=gs12190
European Union,Malawi,Cookstove,Clean Cooking with Biomass Gasification in Malawi (VPA2),Emerging Cooking Solutions Sweden AB,0.0,0.0,GLD12189,https://registry.goldstandard.org/projects?q=gs12189
Local/Unknown,Ghana,Cookstove,GS1385 Man and Man Enterprise Improved Cooking Stoves Programme in Ghana - VPA004 (Central region),Man and Man Enterprise,229019.0,0.0,GLD12233,https://registry.goldstandard.org/projects?q=gs12233
United Kingdom,Rwanda,Cookstove,GS7591 VPA 54 Improved Cookstove Distribution in Kayonza Bugesera and Nyamasheke Districts of Rwanda (GS12228),CO2balance UK ltd,83773.0,2155.0,GLD12228,https://registry.goldstandard.org/projects?q=gs12228
United Kingdom,Rwanda,Cookstove,GS7591 VPA 53 Improved Cookstove Distribution in Kayonza Bugesera and Nyamasheke Districts of Rwanda (GS12227),CO2balance UK ltd,105552.0,7163.0,GLD12227,https://registry.goldstandard.org/projects?q=gs12227
European Union,Togo,Clean Water,GS10795-GS10796_RVPA1-Implementation  and Operation of water kiosks in Togo – VPA 3,atmosfair gGmbH,0.0,0.0,GLD12105,https://registry.goldstandard.org/projects?q=gs12105
Local/Unknown,Zimbabwe,Cookstove,GS12144 - TASC Clean Cooking PoA - VPA 7 Cicada Carbon (Zimbabwe),THE AFRICAN STOVE COMPANY LIMITED,668346.0,400374.0,GLD12144,https://registry.goldstandard.org/projects?q=gs12144
United Kingdom,Mauritius,Landfill,Mare Chicose Landfill Gas Project,Climate Secure India Pvt. Ltd,182360.0,132457.0,GLD12147,https://registry.goldstandard.org/projects?q=gs12147
United Kingdom,Uganda,Hydropower,Mpanga 18 MW Run-of-River Hydropower Project,Swiss Carbon Value Ltd.,0.0,0.0,GLD12164,https://registry.goldstandard.org/projects?q=gs12164
Local/Unknown,Nigeria,Clean Water,Crescendo Safe Water Supply,CRESCENDO AFFORESTATION FOUNDATION,0.0,0.0,GLD12213,https://registry.goldstandard.org/projects?q=gs12213
Local/Unknown,Uganda,Cookstove,Community Carbon Efficient Cooking Programme-VPA 19,Community Carbon,0.0,0.0,GLD12122,https://registry.goldstandard.org/projects?q=gs12122
Local/Unknown,Uganda,Cookstove,Community Carbon Efficient Cooking Programme-VPA 18,Community Carbon,0.0,0.0,GLD12121,https://registry.goldstandard.org/projects?q=gs12121
Local/Unknown,Uganda,Cookstove,Community Carbon Efficient Cooking Programme-VPA 17,Community Carbon,178795.0,0.0,GLD12120,https://registry.goldstandard.org/projects?q=gs12120
Local/Unknown,Uganda,Cookstove,Community Carbon Efficient Cooking Programme-VPA 16,Community Carbon,1399809.0,47862.0,GLD12119,https://registry.goldstandard.org/projects?q=gs12119
Local/Unknown,Zambia,Cookstove,TASC Clean Cooking PoA - VPA 6 (Zambia),THE AFRICAN STOVE COMPANY LIMITED,355037.0,0.0,GLD11901,https://registry.goldstandard.org/projects?q=gs11901
Local/Unknown,Mozambique,Cookstove,GS5562 VPA 4: Efficient and Clean Cooking for Mozambican Low-Income Households,Mozambique Carbon Initiative LDA,0.0,0.0,GLD12068,https://registry.goldstandard.org/projects?q=gs12068
Local/Unknown,Mozambique,Cookstove,GS5562 VPA 6: Efficient and Clean Cooking for Mozambican Low-Income Households,Mozambique Carbon Initiative LDA,0.0,0.0,GLD12195,https://registry.goldstandard.org/projects?q=gs12195
Local/Unknown,Mozambique,Cookstove,GS5562 VPA5: Efficient and Clean Cooking for Mozambican Low-Income Households,Mozambique Carbon Initiative LDA,0.0,0.0,GLD12194,https://registry.goldstandard.org/projects?q=gs12194
United Kingdom,Burkina Faso,Centralized Solar,AMEA Power Solar Farm in Burkina Faso,AMEA Power Ltd,0.0,0.0,GLD12173,https://registry.goldstandard.org/projects?q=gs12173
France,Kenya,Cookstove,Obomo Cookstove Project in Kenya by Ecoact  - VPA 008  ,EcoAct,0.0,0.0,GLD12148,https://registry.goldstandard.org/projects?q=gs12148
United Kingdom,South Africa,Distributed Solar,Small-scale solar electrical programme South Africa – CPA-003,BLUE WORLD CARBON ASSET MANAGEMENT (PTY) LTD,44825.0,44825.0,GLD11998,https://registry.goldstandard.org/projects?q=gs11998
United Kingdom,South Africa,Distributed Solar,Small-scale solar electrical programme South Africa – CPA-004,BLUE WORLD CARBON ASSET MANAGEMENT (PTY) LTD,37419.0,23734.0,GLD11999,https://registry.goldstandard.org/projects?q=gs11999
United Kingdom,South Africa,Distributed Solar,Small-scale solar electrical programme South Africa – CPA-005,BLUE WORLD CARBON ASSET MANAGEMENT (PTY) LTD,31069.0,31069.0,GLD12000,https://registry.goldstandard.org/projects?q=gs12000
United Kingdom,South Africa,Distributed Solar,Small-scale solar electrical programme South Africa – CPA-006,BLUE WORLD CARBON ASSET MANAGEMENT (PTY) LTD,29613.0,29613.0,GLD12001,https://registry.goldstandard.org/projects?q=gs12001
Local/Unknown,Tanzania,Cookstove,Green Tanzania Cookstove Programme,OFFGRIDSUN S.R.L.,0.0,0.0,GLD12118,https://registry.goldstandard.org/projects?q=gs12118
Local/Unknown,Tanzania,Cookstove,GS12118 Project the Environment Use Clean Cookstoves VPA-1,OFFGRIDSUN S.R.L.,0.0,0.0,GLD12138,https://registry.goldstandard.org/projects?q=gs12138
Local/Unknown,Uganda,Energy Efficiency,SCIF for Sustainable Living and Public Health Programme,SUSTAINABLE CLIMATE IMPACT FUND LIMITED,0.0,0.0,GLD12087,https://registry.goldstandard.org/projects?q=gs12087
Local/Unknown,Uganda,Clean Water,GS12087 VPA-1 Uganda Safe  Drinking Water Project,SUSTAINABLE CLIMATE IMPACT FUND LIMITED,10010.0,10000.0,GLD12088,https://registry.goldstandard.org/projects?q=gs12088
Local/Unknown,Ethiopia,Cookstove,West Wollega Multipurpose Cookstove Distribution Project,EECMY DASSC,0.0,0.0,GLD12134,https://registry.goldstandard.org/projects?q=gs12134
Local/Unknown,Kenya,Electric Vehicle,Deployment of Electric Buses in Kenya,BASIGO LIMITED,642.0,0.0,GLD12146,https://registry.goldstandard.org/projects?q=gs12146
Local/Unknown,Kenya,Electric Vehicle,Deployment of Electric Buses in Kenya,BASIGO LIMITED,0.0,0.0,GLD12053,https://registry.goldstandard.org/projects?q=gs12053
United Kingdom,Nigeria,Cookstove,GS7591 VPA 52 Clean Cooking in Nigeria,CO2balance UK ltd,0.0,0.0,GLD12116,https://registry.goldstandard.org/projects?q=gs12116
United Kingdom,South Africa,Distributed Solar,Small-scale solar electrical programme South Africa – CPA-002,BLUE WORLD CARBON ASSET MANAGEMENT (PTY) LTD,60191.0,60191.0,GLD11996,https://registry.goldstandard.org/projects?q=gs11996
United Kingdom,South Africa,Distributed Solar,Small-scale solar electrical programme South Africa,BLUE WORLD CARBON ASSET MANAGEMENT (PTY) LTD,0.0,0.0,GLD11949,https://registry.goldstandard.org/projects?q=gs11949
United Kingdom,Senegal,Clean Water,Access to safe drinking water project in Senegal ,PRIM0CARB0N PTE. LTD.,0.0,0.0,GLD12090,https://registry.goldstandard.org/projects?q=gs12090
European Union,South Africa,Afforestation + Reforestation,TERRAGRN – Land Regeneration through Agroforestry in Mpumalanga South Africa - VPA 01,TERRAGRN PRIVATE LIMITED,0.0,0.0,GLD12095,https://registry.goldstandard.org/projects?q=gs12095
European Union,South Africa,Afforestation + Reforestation,TERRAGRN – Land Regeneration through Agroforestry in Mpumalanga South Africa,TERRAGRN PRIVATE LIMITED,0.0,0.0,GLD12094,https://registry.goldstandard.org/projects?q=gs12094
Local/Unknown,Guinea,Clean Water,Household water purifier programme in Guinea,Lift Solution Limited,55000.0,0.0,GLD12143,https://registry.goldstandard.org/projects?q=gs12143
European Union,Burkina Faso,Clean Water,Implementation and operation of water kiosks in Burkina Faso - VPA 2,atmosfair gGmbH,0.0,0.0,GLD12081,https://registry.goldstandard.org/projects?q=gs12081
United Kingdom,Central African Republic,Clean Water,GS7591 VPA 50 Safe Water Supply in the Central African Republic,CO2balance UK ltd,0.0,0.0,GLD11866,https://registry.goldstandard.org/projects?q=gs11866
United Kingdom,Central African Republic,Clean Water,GS7591 VPA 49 Safe Water Supply in the Central African Republic,CO2balance UK ltd,0.0,0.0,GLD11865,https://registry.goldstandard.org/projects?q=gs11865
Local/Unknown,Lesotho,Lighting,GS10875 Namene Solar Lights Distribution Programme in Southern African Countries - Lesotho VPA 1 ,NAMENE CLIMATE INVESTMENT VEHICLE LIMITED,0.0,0.0,GLD12036,https://registry.goldstandard.org/projects?q=gs12036
Local/Unknown,Zambia,Lighting,GS10875 GS 10876 Namene Solar Lights Distribution Programme in Southern African Countries - Zambia R-VPA 1,NAMENE CLIMATE INVESTMENT VEHICLE LIMITED,0.0,0.0,GLD12117,https://registry.goldstandard.org/projects?q=gs12117
United Kingdom,Zimbabwe,Lighting,GS10875 GS 11343 Namene Solar Lights Distribution Programme in Southern African Countries - Zimbabwe R-VPA 1,Namene Solar Lights Ltd.,0.0,0.0,GLD12024,https://registry.goldstandard.org/projects?q=gs12024
Local/Unknown,Rwanda,Clean Water,INUMA Safe Water Project,Water Access Rwanda,0.0,0.0,GLD11873,https://registry.goldstandard.org/projects?q=gs11873
Local/Unknown,Ethiopia,Afforestation + Reforestation,Small scale community-based afforestation program in Ethiopia – Konea,Stiftung Menschen für Menschen,0.0,0.0,GLD11856,https://registry.goldstandard.org/projects?q=gs11856
Local/Unknown,Ethiopia,Afforestation + Reforestation,Small scale community-based afforestation program in Ethiopia,Deactivated Projects,0.0,0.0,GLD11798,https://registry.goldstandard.org/projects?q=gs11798
Local/Unknown,Burkina Faso,Cookstove,GS1340 - Efficient cookstoves in Burkina Faso - Solidagro F3PA cookstoves in Boulkiemdé - VPA-45  ,CO2logic,1441.0,1148.0,GLD11980,https://registry.goldstandard.org/projects?q=gs11980
Local/Unknown,Burkina Faso,Cookstove,GS1340 - Efficient cookstoves in Burkina Faso - Solidagro F3PA cookstoves in Boulkiemdé - VPA-44,CO2logic,9088.0,0.0,GLD11954,https://registry.goldstandard.org/projects?q=gs11954
Local/Unknown,Burkina Faso,Cookstove,GS1340 - Efficient cookstoves in Burkina Faso - Solidagro F3PA cookstoves in Boulkiemdé - VPA-42  ,CO2logic,11834.0,1834.0,GLD11952,https://registry.goldstandard.org/projects?q=gs11952
Local/Unknown,Burkina Faso,Cookstove,GS1340 - Efficient cookstoves in Burkina Faso - Solidagro F3PA cookstoves in Boulkiemdé - VPA-46  ,CO2logic,0.0,0.0,GLD11981,https://registry.goldstandard.org/projects?q=gs11981
Local/Unknown,Burkina Faso,Cookstove,GS1340 - Efficient cookstoves in Burkina Faso - Solidagro F3PA cookstoves in Boulkiemdé - VPA-41     ,CO2logic,20000.0,16603.0,GLD11951,https://registry.goldstandard.org/projects?q=gs11951
Local/Unknown,Burkina Faso,Cookstove,GS1340 - Efficient cookstoves in Burkina Faso - Solidagro F3PA cookstoves in Boulkiemdé - VPA-43   ,CO2logic,10000.0,0.0,GLD11953,https://registry.goldstandard.org/projects?q=gs11953
Local/Unknown,Burkina Faso,Cookstove,GS1340 - Efficient cookstoves in Burkina Faso - Solidagro F3PA cookstoves in Boulkiemdé - VPA-40  ,CO2logic,20000.0,19800.0,GLD11950,https://registry.goldstandard.org/projects?q=gs11950
Local/Unknown,Burkina Faso,Cookstove,GS1340 Efficient cookstoves in Burkina Faso – Solidagro F3PA cookstoves in Passoré - VPA 55  ,CO2logic,0.0,0.0,GLD12042,https://registry.goldstandard.org/projects?q=gs12042
Local/Unknown,Burkina Faso,Cookstove,GS1340 Efficient cookstoves in Burkina Faso – Solidagro F3PA cookstoves in Passoré - VPA 53 ,CO2logic,0.0,0.0,GLD12040,https://registry.goldstandard.org/projects?q=gs12040
Local/Unknown,Burkina Faso,Cookstove,GS1340 Efficient cookstoves in Burkina Faso – Solidagro F3PA cookstoves in Passoré - VPA 54  ,CO2logic,0.0,0.0,GLD12041,https://registry.goldstandard.org/projects?q=gs12041
Local/Unknown,Burkina Faso,Cookstove,GS1340 Efficient cookstoves in Burkina Faso – Solidagro F3PA cookstoves in Passoré - VPA 52  ,CO2logic,0.0,0.0,GLD12039,https://registry.goldstandard.org/projects?q=gs12039
Local/Unknown,Burkina Faso,Cookstove,GS1340 Efficient cookstoves in Burkina Faso – Solidagro F3PA cookstoves in Passoré - VPA 51  ,CO2logic,0.0,0.0,GLD12038,https://registry.goldstandard.org/projects?q=gs12038
Local/Unknown,Burkina Faso,Cookstove,GS1340 Efficient cookstoves in Burkina Faso – Solidagro F3PA cookstoves in Passoré - VPA 50  ,CO2logic,0.0,0.0,GLD12037,https://registry.goldstandard.org/projects?q=gs12037
Local/Unknown,Togo,Cookstove,Arborify Cookstoves Togo,Africa 4 Climate SA,6396.0,6396.0,GLD12069,https://registry.goldstandard.org/projects?q=gs12069
United States,Tanzania,Lighting,Unite to Light & Solar Sister Solar Lamp Project  -  Tanzania 2023,UNITE TO LIGHT INC.,0.0,0.0,GLD11995,https://registry.goldstandard.org/projects?q=gs11995
United Kingdom,Kenya,Methane Biodigester,HomeBiogas Programme in Kenya – VPA1,HOMEBIOGAS LTD,85064.0,11654.0,GLD12064,https://registry.goldstandard.org/projects?q=gs12064
United Kingdom,Kenya,Methane Biodigester,HomeBiogas Programme in Kenya ,HOMEBIOGAS LTD,0.0,0.0,GLD12063,https://registry.goldstandard.org/projects?q=gs12063
European Union,Egypt,Centralized Solar,Nabq Solar PV project 20 MW,First Climate (Switzerland) AG,24535.0,0.0,GLD12084,https://registry.goldstandard.org/projects?q=gs12084
Local/Unknown,Rwanda,Clean Water,INUMA Safe Water Project -VPA-001,Water Access Rwanda,0.0,0.0,GLD11874,https://registry.goldstandard.org/projects?q=gs11874
European Union,Uganda,Cookstove,GS11993 VPA1:  African Clean Energy for Cooking in Uganda ,African Clean Energy B.V.,6950.0,1570.0,GLD11994,https://registry.goldstandard.org/projects?q=gs11994
European Union,Uganda,Cookstove,African Clean Energy Carbon Offset Programme,African Clean Energy B.V.,0.0,0.0,GLD11993,https://registry.goldstandard.org/projects?q=gs11993
European Union,Kenya,Cookstove,Hongera Energy Efficient Cookstoves Project,DutchGreen Project Management B.V.,197846.0,18342.0,GLD12033,https://registry.goldstandard.org/projects?q=gs12033
Local/Unknown,Tanzania,Clean Water,Safe Water Purifier Project in Tanzania Western,Lift Solution Limited,0.0,0.0,GLD12035,https://registry.goldstandard.org/projects?q=gs12035
Local/Unknown,Tanzania,Clean Water,Safe Water Purifier Project in Tanzania Northern,Lift Solution Limited,0.0,0.0,GLD12034,https://registry.goldstandard.org/projects?q=gs12034
India,Ethiopia,Clean Water,Fair. Inclusive. Transparent. - FIT carbon project in Ethiopia to provide clean drinking water in rural communities,Fair Climate Fund India Private Limited,0.0,0.0,GLD11979,https://registry.goldstandard.org/projects?q=gs11979
Local/Unknown,Benin,Centralized Solar,Illoulofin PV Solar Plant - Defissol,REPUBLIQUE DU BENIN,15513.0,0.0,GLD12054,https://registry.goldstandard.org/projects?q=gs12054
European Union,Uganda,Clean Water,GS11638 GS11640 RVPA-2 SPOUTS Water Purifier Programme in Africa- WPS in Uganda by AERA- VPA 4,AGS Carbon Advisory,119111.0,7045.0,GLD12050,https://registry.goldstandard.org/projects?q=gs12050
European Union,Uganda,Clean Water,GS11638 GS11640 RVPA-3 SPOUTS Water Purifier Programme in Africa- WPS in Uganda by AERA- VPA 5,AGS Carbon Advisory,81096.0,4106.0,GLD12052,https://registry.goldstandard.org/projects?q=gs12052
United Kingdom,Eritrea,Clean Water,GS7591 VPA 47 GIF Gash-Barka Safe Water Project,CO2balance UK ltd,0.0,0.0,GLD11675,https://registry.goldstandard.org/projects?q=gs11675
United Kingdom,Mozambique,Centralized Solar,Cuamba Solar with Battery Storage Project,Monsoon Carbon Pte Ltd,0.0,0.0,GLD12026,https://registry.goldstandard.org/projects?q=gs12026
Local/Unknown,Burkina Faso,Cookstove,GS1340 - Efficient cookstoves in Burkina Faso – tiipaalga F3PA cookstoves in Center-South Protected Areas - VPA-49,Tiipaalga,0.0,0.0,GLD11991,https://registry.goldstandard.org/projects?q=gs11991
Local/Unknown,Burkina Faso,Cookstove,GS1340 - Efficient cookstoves in Burkina Faso – tiipaalga F3PA cookstoves in Center-South Protected Areas - VPA-47,Tiipaalga,0.0,0.0,GLD11989,https://registry.goldstandard.org/projects?q=gs11989
Local/Unknown,Burkina Faso,Cookstove,GS1340 - Efficient cookstoves in Burkina Faso – tiipaalga F3PA cookstoves in Center-South Protected Areas - VPA-48,Tiipaalga,0.0,0.0,GLD11990,https://registry.goldstandard.org/projects?q=gs11990
United States,Kenya,Cookstove,GS11191 GS11193 RVPA-1 Biolite  Improved Charcoal Stoves in Kenya VPA 2,BioLite Inc.,0.0,0.0,GLD11890,https://registry.goldstandard.org/projects?q=gs11890
United States,Kenya,Cookstove,CPA 066 – Charcoal Stoves in Kenya,BioLite Inc.,0.0,0.0,GLD11889,https://registry.goldstandard.org/projects?q=gs11889
United States,Kenya,Cookstove,CPA 065 – Charcoal Stoves in Kenya,BioLite Inc.,0.0,0.0,GLD11888,https://registry.goldstandard.org/projects?q=gs11888
United States,Kenya,Cookstove,CPA 064 – Charcoal Stoves in Kenya,BioLite Inc.,0.0,0.0,GLD11887,https://registry.goldstandard.org/projects?q=gs11887
United States,Kenya,Cookstove,CPA 063 – Charcoal Stoves in Kenya,BioLite Inc.,0.0,0.0,GLD11886,https://registry.goldstandard.org/projects?q=gs11886
United States,Kenya,Cookstove,CPA 062 – Charcoal Stoves in Kenya,BioLite Inc.,0.0,0.0,GLD11885,https://registry.goldstandard.org/projects?q=gs11885
United States,Kenya,Cookstove,CPA 061 – Charcoal Stoves in Kenya,BioLite Inc.,1214.0,0.0,GLD11884,https://registry.goldstandard.org/projects?q=gs11884
United States,Kenya,Cookstove,CPA 060 – Charcoal Stoves in Kenya,BioLite Inc.,18216.0,0.0,GLD11883,https://registry.goldstandard.org/projects?q=gs11883
United States,Kenya,Cookstove,CPA 059 – Charcoal Stoves in Kenya,BioLite Inc.,34684.0,26.0,GLD11882,https://registry.goldstandard.org/projects?q=gs11882
United States,Kenya,Cookstove,CPA 058 – Charcoal Stoves in Kenya,BioLite Inc.,58840.0,12197.0,GLD11881,https://registry.goldstandard.org/projects?q=gs11881
United States,Kenya,Cookstove,CPA 057 - Charcoal Stoves in Kenya,BioLite Inc.,69879.0,23167.0,GLD11880,https://registry.goldstandard.org/projects?q=gs11880
United States,Kenya,Cookstove,CPA 056 - Charcoal Stoves in Kenya,BioLite Inc.,79511.0,30230.0,GLD11879,https://registry.goldstandard.org/projects?q=gs11879
Local/Unknown,Malawi,Cookstove,GS11677 GS11902 Malawi Biomass Energy Conservation Programme CPA 37,Hestian Innovation,98268.0,579.0,GLD11932,https://registry.goldstandard.org/projects?q=gs11932
Local/Unknown,Malawi,Cookstove,GS11677 GS11902 Malawi Biomass Energy Conservation Programme CPA 17,Hestian Innovation,63934.0,39522.0,GLD11917,https://registry.goldstandard.org/projects?q=gs11917
Local/Unknown,Malawi,Cookstove,GS11677 GS11902 Malawi Biomass Energy Conservation Programme CPA 18,Hestian Innovation,63795.0,10478.0,GLD11918,https://registry.goldstandard.org/projects?q=gs11918
Local/Unknown,Malawi,Cookstove,GS11677 GS11902 Malawi Biomass Energy Conservation Programme CPA 19,Hestian Innovation,76990.0,0.0,GLD11919,https://registry.goldstandard.org/projects?q=gs11919
Local/Unknown,Malawi,Cookstove,GS11677 GS11902 Malawi Biomass Energy Conservation Programme CPA 20,Hestian Innovation,83288.0,0.0,GLD11920,https://registry.goldstandard.org/projects?q=gs11920
Local/Unknown,Malawi,Cookstove,GS11677 GS11902 Malawi Biomass Energy Conservation Programme CPA 21,Hestian Innovation,54712.0,2236.0,GLD11921,https://registry.goldstandard.org/projects?q=gs11921
Local/Unknown,Malawi,Cookstove,GS11677 GS11902 Malawi Biomass Energy Conservation Programme CPA 22,Hestian Innovation,83687.0,0.0,GLD11922,https://registry.goldstandard.org/projects?q=gs11922
Local/Unknown,Malawi,Cookstove,GS11677 GS11902 Malawi Biomass Energy Conservation Programme CPA 23,Hestian Innovation,89260.0,0.0,GLD11923,https://registry.goldstandard.org/projects?q=gs11923
Local/Unknown,Malawi,Cookstove,GS11677 GS11902 Malawi Biomass Energy Conservation Programme CPA 24,Hestian Innovation,97809.0,461.0,GLD11924,https://registry.goldstandard.org/projects?q=gs11924
Local/Unknown,Malawi,Cookstove,GS11677 GS11902 Malawi Biomass Energy Conservation Programme CPA 25,Hestian Innovation,7228.0,49.0,GLD11925,https://registry.goldstandard.org/projects?q=gs11925
Local/Unknown,Malawi,Cookstove,GS11677 GS11902 Malawi Biomass Energy Conservation Programme CPA 26,Hestian Innovation,99377.0,620.0,GLD11926,https://registry.goldstandard.org/projects?q=gs11926
Local/Unknown,Malawi,Cookstove,GS11677 GS11902 Malawi Biomass Energy Conservation Programme CPA 27,Hestian Innovation,63990.0,0.0,GLD11927,https://registry.goldstandard.org/projects?q=gs11927
Local/Unknown,Malawi,Cookstove,GS11677 GS11902 Malawi Biomass Energy Conservation Programme CPA 29,Hestian Innovation,17539.0,0.0,GLD11928,https://registry.goldstandard.org/projects?q=gs11928
Local/Unknown,Malawi,Cookstove,GS11677 GS11902 Malawi Biomass Energy Conservation Programme CPA 31,Hestian Innovation,44236.0,0.0,GLD11929,https://registry.goldstandard.org/projects?q=gs11929
Local/Unknown,Malawi,Cookstove,GS11677 GS11902 Malawi Biomass Energy Conservation Programme CPA 33,Hestian Innovation,103935.0,0.0,GLD11930,https://registry.goldstandard.org/projects?q=gs11930
Local/Unknown,Malawi,Cookstove,GS11677 GS11902 Malawi Biomass Energy Conservation Programme CPA 35,Hestian Innovation,103312.0,0.0,GLD11931,https://registry.goldstandard.org/projects?q=gs11931
Local/Unknown,Malawi,Cookstove,GS11677 GS11902 Malawi Biomass Energy Conservation Programme CPA 16,Hestian Innovation,77389.0,0.0,GLD11916,https://registry.goldstandard.org/projects?q=gs11916
Local/Unknown,Malawi,Cookstove,GS11677 GS11902 Malawi Biomass Energy Conservation Programme CPA 15,Hestian Innovation,73891.0,621.0,GLD11915,https://registry.goldstandard.org/projects?q=gs11915
Local/Unknown,Malawi,Cookstove,GS11677 GS11902 Malawi Biomass Energy Conservation Programme CPA 14,Hestian Innovation,52694.0,0.0,GLD11914,https://registry.goldstandard.org/projects?q=gs11914
Local/Unknown,Malawi,Cookstove,GS11677 GS11902 Malawi Biomass Energy Conservation Programme CPA 13,Hestian Innovation,63419.0,0.0,GLD11913,https://registry.goldstandard.org/projects?q=gs11913
Local/Unknown,Malawi,Cookstove,GS11677 GS11902 Malawi Biomass Energy Conservation Programme CPA 12,Hestian Innovation,60643.0,0.0,GLD11912,https://registry.goldstandard.org/projects?q=gs11912
Local/Unknown,Malawi,Cookstove,GS11677 GS11902 Malawi Biomass Energy Conservation Programme CPA 11,Hestian Innovation,54887.0,0.0,GLD11911,https://registry.goldstandard.org/projects?q=gs11911
Local/Unknown,Malawi,Cookstove,GS11677 GS11902 Malawi Biomass Energy Conservation Programme CPA 10,Hestian Innovation,53246.0,40063.0,GLD11910,https://registry.goldstandard.org/projects?q=gs11910
Local/Unknown,Malawi,Cookstove,GS11677 GS11902 Malawi Biomass Energy Conservation Programme CPA 9,Hestian Innovation,46471.0,39937.0,GLD11909,https://registry.goldstandard.org/projects?q=gs11909
Local/Unknown,Malawi,Cookstove,GS11677 GS11902 Malawi Biomass Energy Conservation Programme CPA 8,Hestian Innovation,20151.0,43.0,GLD11908,https://registry.goldstandard.org/projects?q=gs11908
Local/Unknown,Malawi,Cookstove,GS11677 GS11902 Malawi Biomass Energy Conservation Programme CPA 7,Hestian Innovation,46689.0,77.0,GLD11907,https://registry.goldstandard.org/projects?q=gs11907
Local/Unknown,Malawi,Cookstove,GS11677 GS11902 Malawi Biomass Energy Conservation Programme CPA 6,Hestian Innovation,41492.0,0.0,GLD11906,https://registry.goldstandard.org/projects?q=gs11906
Local/Unknown,Malawi,Cookstove,GS11677 GS11902 Malawi Biomass Energy Conservation Programme CPA 5,Hestian Innovation,14349.0,0.0,GLD11905,https://registry.goldstandard.org/projects?q=gs11905
Local/Unknown,Malawi,Cookstove,GS11677 GS11902 Malawi Biomass Energy Conservation Programme CPA 4,Hestian Innovation,856.0,0.0,GLD11904,https://registry.goldstandard.org/projects?q=gs11904
Local/Unknown,Malawi,Cookstove,GS11677 GS11902 Malawi Biomass Energy Conservation Programme CPA 3,Hestian Innovation,15246.0,0.0,GLD11903,https://registry.goldstandard.org/projects?q=gs11903
Local/Unknown,Malawi,Cookstove,GS11677 Malawi Biomass Energy Conservation Programme CPA 2,Hestian Innovation,5692.0,0.0,GLD11902,https://registry.goldstandard.org/projects?q=gs11902
Local/Unknown,Malawi,Cookstove,GS  Biomass Energy Conservation Programme,Hestian Innovation,0.0,0.0,GLD11677,https://registry.goldstandard.org/projects?q=gs11677
France,Guinea,Cookstove,Naafa Cookstove Project  ,EcoAct,0.0,0.0,GLD11992,https://registry.goldstandard.org/projects?q=gs11992
Local/Unknown,Kenya,Cookstove,Deployment of LPG cookstoves in Kenya VPA 1,PAYGO ENERGY INC,0.0,0.0,GLD11970,https://registry.goldstandard.org/projects?q=gs11970
Local/Unknown,Kenya,Cookstove,Deployment of LPG Cookstoves in Kenya POA,PAYGO ENERGY INC,0.0,0.0,GLD11725,https://registry.goldstandard.org/projects?q=gs11725
China,Tanzania,Clean Water,Safe drinking water project,Profit Carbon Environmental Energy Technology (Shanghai) Co. Ltd.,0.0,0.0,GLD12032,https://registry.goldstandard.org/projects?q=gs12032
Local/Unknown,Zambia,Clean Water,GS11955 VPA-1 Safe Water Supply in Zambia,Deactivated Projects,0.0,0.0,GLD11956,https://registry.goldstandard.org/projects?q=gs11956
Local/Unknown,Zambia,Energy Efficiency,GS11955 PoA Safe Water Supply in South Africa,Deactivated Projects,0.0,0.0,GLD11955,https://registry.goldstandard.org/projects?q=gs11955
United Kingdom,Togo,Clean Water,Togo household water purifier project  ,PRIM0CARB0N PTE. LTD.,506009.0,10000.0,GLD11972,https://registry.goldstandard.org/projects?q=gs11972
European Union,Egypt,Centralized Solar,NREA Zaafarana 50 MW Solar PV Park,First Climate (Switzerland) AG,0.0,0.0,GLD11636,https://registry.goldstandard.org/projects?q=gs11636
Local/Unknown,Uganda,Clean Water,Safe Water in Uganda,NET ZERO DANIŞMANLIK ANONİM ŞİRKETİ,37886.0,12676.0,GLD12015,https://registry.goldstandard.org/projects?q=gs12015
United Kingdom,Central African Republic,Clean Water,GS7591 VPA 48 Safe Water Supply in the Central African Republic,CO2balance UK ltd,0.0,0.0,GLD11864,https://registry.goldstandard.org/projects?q=gs11864
European Union,Nigeria,Distributed Solar,Solar Power for Rural Regions in Nigeria,atmosfair gGmbH,0.0,0.0,GLD11936,https://registry.goldstandard.org/projects?q=gs11936
Local/Unknown,Benin,Cookstove,Beyond Biomass: UpEnergy Electric Cooking,UpEnergy Group,0.0,0.0,GLD11578,https://registry.goldstandard.org/projects?q=gs11578
Local/Unknown,Burkina Faso,Cookstove,GS1340 - Efficient cookstoves in Burkina Faso -  tiipaalga F3PA cookstoves in Ganzourgou and Oubritenga - VPA-37,Tiipaalga,0.0,0.0,GLD11704,https://registry.goldstandard.org/projects?q=gs11704
Local/Unknown,Burkina Faso,Cookstove,GS1340 - Efficient cookstoves in Burkina Faso -  tiipaalga F3PA cookstoves in Ganzourgou and Oubritenga - VPA-36,Tiipaalga,0.0,0.0,GLD11703,https://registry.goldstandard.org/projects?q=gs11703
Local/Unknown,Burkina Faso,Cookstove,GS1340 - Efficient cookstoves in Burkina Faso -  tiipaalga F3PA cookstoves in Ganzourgou and Oubritenga - VPA-34,Tiipaalga,0.0,0.0,GLD11701,https://registry.goldstandard.org/projects?q=gs11701
Local/Unknown,Burkina Faso,Cookstove,GS1340 - Efficient cookstoves in Burkina Faso -  tiipaalga F3PA cookstoves in Ganzourgou and Oubritenga - VPA-39,Tiipaalga,0.0,0.0,GLD11706,https://registry.goldstandard.org/projects?q=gs11706
Local/Unknown,Burkina Faso,Cookstove,GS1340 - Efficient cookstoves in Burkina Faso -  tiipaalga F3PA cookstoves in Ganzourgou and Oubritenga - VPA-33,Tiipaalga,0.0,0.0,GLD11700,https://registry.goldstandard.org/projects?q=gs11700
Local/Unknown,Burkina Faso,Cookstove,GS1340 - Efficient cookstoves in Burkina Faso -  tiipaalga F3PA cookstoves in Ganzourgou and Oubritenga - VPA-38,Tiipaalga,0.0,0.0,GLD11705,https://registry.goldstandard.org/projects?q=gs11705
Local/Unknown,Burkina Faso,Cookstove,GS1340 - Efficient cookstoves in Burkina Faso -  tiipaalga F3PA cookstoves in Ganzourgou and Oubritenga - VPA-32,Tiipaalga,0.0,0.0,GLD11699,https://registry.goldstandard.org/projects?q=gs11699
Local/Unknown,Burkina Faso,Cookstove,GS1340 - Efficient cookstoves in Burkina Faso -  tiipaalga F3PA cookstoves in Ganzourgou and Oubritenga - VPA-35,Tiipaalga,0.0,0.0,GLD11702,https://registry.goldstandard.org/projects?q=gs11702
Local/Unknown,Burkina Faso,Cookstove,GS1340 - Efficient cookstoves in Burkina Faso -  tiipaalga F3PA cookstoves in Ganzourgou and Oubritenga - VPA-31,Tiipaalga,0.0,0.0,GLD11698,https://registry.goldstandard.org/projects?q=gs11698
Local/Unknown,Burkina Faso,Cookstove,GS1340 - Efficient cookstoves in Burkina Faso -  tiipaalga F3PA cookstoves in Ganzourgou and Oubritenga - VPA-30,Tiipaalga,0.0,0.0,GLD11697,https://registry.goldstandard.org/projects?q=gs11697
United Kingdom,Ghana,Cookstove,GS10789 VPA71: Efficient and Clean Cooking for households in Ghana ,Global Cookstoves Ltd.,0.0,0.0,GLD11672,https://registry.goldstandard.org/projects?q=gs11672
United Kingdom,Senegal,Cookstove,GS10789 VPA81: Efficient and Clean Cooking for households in Senegal ,Global Cookstoves Ltd.,57721.0,0.0,GLD11673,https://registry.goldstandard.org/projects?q=gs11673
United Kingdom,Benin,Clean Water,VCC Benin Water Purifier Project ,PRIM0CARB0N PTE. LTD.,500903.0,0.0,GLD11968,https://registry.goldstandard.org/projects?q=gs11968
United Kingdom,Egypt,Wind,Amunet Wind Power Project in Egypt,AMEA Power Ltd,0.0,0.0,GLD11875,https://registry.goldstandard.org/projects?q=gs11875
United Kingdom,DR Congo,Energy Efficiency,Distributed Emission Reductions by Bboxx Energy Solutions,BBOXX LTD,0.0,0.0,GLD11598,https://registry.goldstandard.org/projects?q=gs11598
United Kingdom,Rwanda,Cookstove,GS11598- VPA-2 Emission Reductions due to distributed energy solutions by Bboxx – Rwanda efficient stoves,BBOXX LTD,0.0,0.0,GLD11893,https://registry.goldstandard.org/projects?q=gs11893
Local/Unknown,Uganda,Cookstove,Mubende Stoves Improved Cook Stoves Enterprise,Mubende Stoves Limited,20176.0,0.0,GLD11694,https://registry.goldstandard.org/projects?q=gs11694
United Kingdom,Nigeria,Cookstove,GS10789 GS11671 VPA61: Efficient and Clean  Cooking for households in Nigeria,Global Cookstoves Ltd.,1598549.0,369390.0,GLD11671,https://registry.goldstandard.org/projects?q=gs11671
European Union,Kenya,Cookstove,Dziva Cookstove Project ,Schneider Electric France,0.0,0.0,GLD11790,https://registry.goldstandard.org/projects?q=gs11790
Local/Unknown,Uganda,Cookstove,Up Energy Improved Cookstoves Programme Uganda – CPA No 039 supported by Republic of Korea,UpEnergy Group,26422.0,26422.0,GLD11528,https://registry.goldstandard.org/projects?q=gs11528
Local/Unknown,Uganda,Cookstove,Up Energy Improved Cookstoves Programme Uganda – CPA No 045 supported by Republic of Korea,UpEnergy Group,23652.0,23652.0,GLD11534,https://registry.goldstandard.org/projects?q=gs11534
Local/Unknown,Uganda,Cookstove,Up Energy Improved Cookstoves Programme Uganda – CPA No 044 supported by Republic of Korea,UpEnergy Group,24215.0,24215.0,GLD11533,https://registry.goldstandard.org/projects?q=gs11533
Local/Unknown,Uganda,Cookstove,Up Energy Improved Cookstoves Programme Uganda – CPA No 043 supported by Republic of Korea,UpEnergy Group,24804.0,24804.0,GLD11532,https://registry.goldstandard.org/projects?q=gs11532
Local/Unknown,Uganda,Cookstove,Up Energy Improved Cookstoves Programme Uganda – CPA No 042 supported by Republic of Korea,UpEnergy Group,25565.0,25565.0,GLD11531,https://registry.goldstandard.org/projects?q=gs11531
Local/Unknown,Uganda,Cookstove,Up Energy Improved Cookstoves Programme Uganda – CPA No 041 supported by Republic of Korea,UpEnergy Group,26096.0,26096.0,GLD11530,https://registry.goldstandard.org/projects?q=gs11530
Local/Unknown,Uganda,Cookstove,Up Energy Improved Cookstoves Programme Uganda – CPA No 040 supported by Republic of Korea,UpEnergy Group,26307.0,26307.0,GLD11529,https://registry.goldstandard.org/projects?q=gs11529
Local/Unknown,Uganda,Cookstove,Up Energy Improved Cookstoves Programme Uganda – CPA No 038 supported by Republic of Korea,UpEnergy Group,26625.0,26625.0,GLD11527,https://registry.goldstandard.org/projects?q=gs11527
Local/Unknown,Uganda,Cookstove,Up Energy Improved Cookstoves Programme Uganda – CPA No 037 supported by Republic of Korea,UpEnergy Group,26869.0,26869.0,GLD11526,https://registry.goldstandard.org/projects?q=gs11526
Local/Unknown,Uganda,Cookstove,Up Energy Improved Cookstoves Programme Uganda – CPA No 036 supported by Republic of Korea,UpEnergy Group,27160.0,27160.0,GLD11525,https://registry.goldstandard.org/projects?q=gs11525
Local/Unknown,Uganda,Cookstove,Up Energy Improved Cookstoves Programme Uganda – CPA No 035 supported by Republic of Korea,UpEnergy Group,27402.0,27402.0,GLD11524,https://registry.goldstandard.org/projects?q=gs11524
Local/Unknown,Uganda,Cookstove,Up Energy Improved Cookstoves Programme Uganda – CPA No 034 supported by Republic of Korea,UpEnergy Group,27615.0,27615.0,GLD11523,https://registry.goldstandard.org/projects?q=gs11523
Local/Unknown,Uganda,Cookstove,Up Energy Improved Cookstoves Programme Uganda – CPA No 033 supported by Republic of Korea,UpEnergy Group,27825.0,27825.0,GLD11522,https://registry.goldstandard.org/projects?q=gs11522
Local/Unknown,Uganda,Cookstove,Up Energy Improved Cookstoves Programme Uganda – CPA No 032 supported by Republic of Korea,UpEnergy Group,27884.0,27884.0,GLD11521,https://registry.goldstandard.org/projects?q=gs11521
Local/Unknown,Uganda,Cookstove,Up Energy Improved Cookstoves Programme Uganda – CPA No 031 supported by Republic of Korea,UpEnergy Group,28063.0,28063.0,GLD11520,https://registry.goldstandard.org/projects?q=gs11520
Local/Unknown,Uganda,Cookstove,Up Energy Improved Cookstoves Programme Uganda – CPA No 030 supported by Republic of Korea,UpEnergy Group,28267.0,28267.0,GLD11519,https://registry.goldstandard.org/projects?q=gs11519
Local/Unknown,Uganda,Cookstove,Up Energy Improved Cookstoves Programme Uganda – CPA No 029 supported by Republic of Korea,UpEnergy Group,28529.0,28529.0,GLD11518,https://registry.goldstandard.org/projects?q=gs11518
Local/Unknown,Uganda,Cookstove,Up Energy Improved Cookstoves Programme Uganda – CPA No 028 supported by Republic of Korea,UpEnergy Group,28800.0,28800.0,GLD11517,https://registry.goldstandard.org/projects?q=gs11517
Local/Unknown,Uganda,Cookstove,Up Energy Improved Cookstoves Programme Uganda – CPA No 027 supported by Republic of Korea,UpEnergy Group,29165.0,29165.0,GLD11516,https://registry.goldstandard.org/projects?q=gs11516
Local/Unknown,Uganda,Cookstove,Up Energy Improved Cookstoves Programme Uganda – CPA No 026 supported by Republic of Korea,UpEnergy Group,29436.0,29436.0,GLD11515,https://registry.goldstandard.org/projects?q=gs11515
Local/Unknown,Uganda,Cookstove,Up Energy Improved Cookstoves Programme Uganda – CPA No 025 supported by Republic of Korea,UpEnergy Group,29844.0,29844.0,GLD11514,https://registry.goldstandard.org/projects?q=gs11514
Local/Unknown,Uganda,Cookstove,Up Energy Improved Cookstoves Programme Uganda – CPA No 024 supported by Republic of Korea,UpEnergy Group,30270.0,30270.0,GLD11513,https://registry.goldstandard.org/projects?q=gs11513
European Union,Uganda,Clean Water,GS11638 GS11640 RVPA-1 SPOUTS Water Purifier Programme in Africa- WPS in Uganda by TASC- VPA 3,AGS Carbon Advisory,66111.0,30143.0,GLD11861,https://registry.goldstandard.org/projects?q=gs11861
Local/Unknown,Rwanda,Distributed Solar,GS11598- VPA-1 Emission Reductions due to distributed energy solutions by Bboxx – Rwanda Solar Home Systems ,Laurent Van Houcker,0.0,0.0,GLD11600,https://registry.goldstandard.org/projects?q=gs11600
United Kingdom,Egypt,Centralized Solar,Abydos Solar Power Project in Egypt,AMEA Power Ltd,0.0,0.0,GLD11792,https://registry.goldstandard.org/projects?q=gs11792
European Union,Nigeria,Cookstove,Agasco Improved Cookstoves Nigeria,AGASCO Limited,38183.0,0.0,GLD11729,https://registry.goldstandard.org/projects?q=gs11729
Local/Unknown,Kenya,Energy Efficiency,PoA for the Reduction of emission non-renewable fuel from cooking at household level,GREEN DEVELOPMENT AS,0.0,0.0,GLD11574,https://registry.goldstandard.org/projects?q=gs11574
Local/Unknown,DR Congo,Cookstove,GS11324 - VPA004 - Congo (DRC) Improved Cook Stoves VPA004 -Kintambo ,Vitol SA,0.0,0.0,GLD11786,https://registry.goldstandard.org/projects?q=gs11786
Local/Unknown,DR Congo,Cookstove,Congo (DRC) Improved Cook Stoves VPA 005 – Bandalungwa,Vitol SA,0.0,0.0,GLD11787,https://registry.goldstandard.org/projects?q=gs11787
Local/Unknown,DR Congo,Cookstove,Congo (DRC) Improved Cook Stoves VPA 006 – Lemba,Vitol SA,0.0,0.0,GLD11788,https://registry.goldstandard.org/projects?q=gs11788
Local/Unknown,DR Congo,Cookstove, Congo (DRC) Improved Cook Stoves VPA 007 – Lingwala,Vitol SA,0.0,0.0,GLD11789,https://registry.goldstandard.org/projects?q=gs11789
United States,Uganda,Methane Biodigester,Uganda Dairy Biogas Program,SISTEMA.BIO INC.,6531.0,0.0,GLD11682,https://registry.goldstandard.org/projects?q=gs11682
Local/Unknown,Zambia,Clean Water,Chipangali Safe Water Access Project,OFFGRIDSUN S.R.L.,0.0,0.0,GLD11730,https://registry.goldstandard.org/projects?q=gs11730
United Kingdom,Tanzania,Cookstove,GS10789 GS 10790 RVPA 47: Efficient and Clean Cooking for households in Tanzania,Global Cookstoves Ltd.,65089.0,0.0,GLD11731,https://registry.goldstandard.org/projects?q=gs11731
Local/Unknown,Tanzania,Cookstove,GS10789 GS 10790 VPA42: Efficient and Clean  Cooking for households in Tanzania,ECOA Climate Capital,184500.0,51498.0,GLD11732,https://registry.goldstandard.org/projects?q=gs11732
Local/Unknown,Ghana,Cookstove,GS10789 VPA76: Efficient and Clean Cooking for households in Ghana,ECOA Climate Capital,0.0,0.0,GLD11739,https://registry.goldstandard.org/projects?q=gs11739
Local/Unknown,Senegal,Cookstove,GS10789 VP86: Efficient and Clean Cooking for households in Senegal ,ECOA Climate Capital,0.0,0.0,GLD11740,https://registry.goldstandard.org/projects?q=gs11740
United Kingdom,Nigeria,Cookstove,GS10789 VPA66: Efficient and Clean Cooking for households in Nigeria,Global Cookstoves Ltd.,69900.0,0.0,GLD11741,https://registry.goldstandard.org/projects?q=gs11741
European Union,Uganda,Clean Water,SPOUTS Water Purifier Programme in Africa,AGS Carbon Advisory,0.0,0.0,GLD11638,https://registry.goldstandard.org/projects?q=gs11638
Local/Unknown,Ghana,Cookstove,Improved Cookstoves and Sustainable Fuel Dissemination Program in Ghana,COOKCLEAN GHANA LIMITED,0.0,0.0,GLD11724,https://registry.goldstandard.org/projects?q=gs11724
Local/Unknown,Malawi,Cookstove,Beyond Biomass: UpEnergy Electric Cooking-VPA 8,UpEnergy Group,0.0,0.0,GLD11586,https://registry.goldstandard.org/projects?q=gs11586
Local/Unknown,Rwanda,Cookstove,Beyond Biomass: UpEnergy Electric Cooking-VPA 7,UpEnergy Group,0.0,0.0,GLD11585,https://registry.goldstandard.org/projects?q=gs11585
Local/Unknown,Ghana,Cookstove,Beyond Biomass: UpEnergy Electric Cooking-VPA 6,UpEnergy Group,0.0,0.0,GLD11584,https://registry.goldstandard.org/projects?q=gs11584
Local/Unknown,Nigeria,Cookstove,Beyond Biomass: UpEnergy Electric Cooking-VPA 5,UpEnergy Group,0.0,0.0,GLD11583,https://registry.goldstandard.org/projects?q=gs11583
Local/Unknown,Mozambique,Cookstove,Beyond Biomass: UpEnergy Electric Cooking-VPA 4,UpEnergy Group,0.0,0.0,GLD11582,https://registry.goldstandard.org/projects?q=gs11582
Local/Unknown,Cote d'Ivoire,Cookstove,Beyond Biomass: UpEnergy Electric Cooking-VPA 3,UpEnergy Group,0.0,0.0,GLD11581,https://registry.goldstandard.org/projects?q=gs11581
Local/Unknown,Zambia,Cookstove,Beyond Biomass: UpEnergy Electric Cooking-VPA 2,UpEnergy Group,0.0,0.0,GLD11580,https://registry.goldstandard.org/projects?q=gs11580
Local/Unknown,Uganda,Cookstove,Beyond Biomass: UpEnergy Electric Cooking-VPA 1,UpEnergy Group,637.0,0.0,GLD11579,https://registry.goldstandard.org/projects?q=gs11579
Local/Unknown,Kenya,Cookstove,Energy Efficient cookstove for sustainable development in rural south nyanza communities. ,myclimate Foundation,0.0,0.0,GLD11667,https://registry.goldstandard.org/projects?q=gs11667
Local/Unknown,Kenya,Cookstove,Top Third Ventures Stove Programme CPA KE0008 – BURN Efficient Cookstoves for Kenya supported by Republic of Korea,ECOA Climate Capital,408011.0,2758.0,GLD11614,https://registry.goldstandard.org/projects?q=gs11614
Local/Unknown,Kenya,Cookstove,Top Third Ventures Stove Programme CPA KE0007 – BURN Efficient Cookstoves for Kenya supported by Republic of Korea,ECOA Climate Capital,80929.0,2000.0,GLD11613,https://registry.goldstandard.org/projects?q=gs11613
Local/Unknown,Kenya,Cookstove,Top Third Ventures Stove Programme CPA KE0006 – BURN Efficient Cookstoves for Kenya supported by Republic of Korea,ECOA Climate Capital,109008.0,0.0,GLD11612,https://registry.goldstandard.org/projects?q=gs11612
Local/Unknown,Kenya,Cookstove,Top Third Ventures Stove Programme CPA KE0005 – BURN Efficient Cookstoves for Kenya supported by Republic of Korea,ECOA Climate Capital,107407.0,0.0,GLD11611,https://registry.goldstandard.org/projects?q=gs11611
Local/Unknown,Kenya,Cookstove,Top Third Ventures Stove Programme CPA KE0004 – BURN Efficient Cookstoves for Kenya supported by Republic of Korea,ECOA Climate Capital,107722.0,0.0,GLD11610,https://registry.goldstandard.org/projects?q=gs11610
Local/Unknown,Kenya,Cookstove,Top Third Ventures Stove Programme CPA KE0003 – BURN Efficient Cookstoves for Kenya supported by Republic of Korea,ECOA Climate Capital,108628.0,0.0,GLD11609,https://registry.goldstandard.org/projects?q=gs11609
Local/Unknown,Kenya,Cookstove,Top Third Ventures Stove Programme CPA KE0002 – BURN Efficient Cookstoves for Kenya supported by Republic of Korea,ECOA Climate Capital,107874.0,1573.0,GLD11608,https://registry.goldstandard.org/projects?q=gs11608
Local/Unknown,Kenya,Cookstove,Top Third Ventures Stove Programme ,ECOA Climate Capital,0.0,0.0,GLD11607,https://registry.goldstandard.org/projects?q=gs11607
United Kingdom,Ethiopia,Cookstove,VPA 01: Clean Cooking for Environmental Conservation in Ethiopia ,Henan Deneng Energy&Environmental Protection Technology Co.Ltd.,0.0,0.0,GLD11652,https://registry.goldstandard.org/projects?q=gs11652
Local/Unknown,Kenya,Cookstove,GS10789 VPA8: Efficient and Clean Cooking for households in Kenya,ECC- Talanton Trust,90894.0,77515.0,GLD11603,https://registry.goldstandard.org/projects?q=gs11603
United Kingdom,Mozambique,Cookstove,GS10789 VPA9: Efficient and Clean Cooking for households in Mozambique ,Global Cookstoves Ltd.,45113.0,0.0,GLD11605,https://registry.goldstandard.org/projects?q=gs11605
Local/Unknown,Mozambique,Cookstove,GS10789 GS10790 RVPA-10: Efficient and Clean Cooking for households in Mozambique,ECOA Climate Capital,110671.0,0.0,GLD11606,https://registry.goldstandard.org/projects?q=gs11606
Local/Unknown,Egypt,Wind,Ras Ghareb Wind Energy Project,Ras Ghareb Wind Energy SAE,2815970.0,25281.0,GLD11557,https://registry.goldstandard.org/projects?q=gs11557
Local/Unknown,Zambia,Cookstove,TASC Clean Cooking PoA – VPA 4 (Zambia),THE AFRICAN STOVE COMPANY LIMITED,14864.0,12467.0,GLD11604,https://registry.goldstandard.org/projects?q=gs11604
Switzerland,Cote d'Ivoire,Cookstove, Fuel-efficient cookstoves for cocoa-producing communities,South Pole Ltd,0.0,0.0,GLD11565,https://registry.goldstandard.org/projects?q=gs11565
Local/Unknown,Zambia,Cookstove,TASC Clean Cooking PoA – VPA 3 (Zambia),THE AFRICAN STOVE COMPANY LIMITED,1740737.0,542668.0,GLD11596,https://registry.goldstandard.org/projects?q=gs11596
Local/Unknown,Uganda,Cookstove,UpEnergy-Social and Climate Impact Programme- Cooking Devices VPA-15,UpEnergy Group,7732.0,0.0,GLD11647,https://registry.goldstandard.org/projects?q=gs11647
Local/Unknown,Tanzania,Cookstove,Clean Cooking to Combat Climate Change in Tanzania,OFFGRIDSUN S.R.L.,0.0,0.0,GLD11659,https://registry.goldstandard.org/projects?q=gs11659
European Union,Uganda,Clean Water,GS11638 VPA-2 SPOUTS Water Purifier Programme in Africa- WPS in Uganda by TASC- VPA 2,AGS Carbon Advisory,103869.0,63793.0,GLD11640,https://registry.goldstandard.org/projects?q=gs11640
European Union,Rwanda,Clean Water,GS11638 VPA-1 SPOUTS Water Purifier Programme in Africa- WPS in Rwanda- VPA 1,AGS Carbon Advisory,38702.0,0.0,GLD11639,https://registry.goldstandard.org/projects?q=gs11639
Local/Unknown,Kenya,Clean Water,Maji Safi Maisha Bora Project,OFFGRIDSUN S.R.L.,8296.0,0.0,GLD11544,https://registry.goldstandard.org/projects?q=gs11544
Local/Unknown,Zimbabwe,Cookstove,GS11551 - TASC Clean Cooking PoA – VPA 2 Cicada Carbon (Zimbabwe),THE AFRICAN STOVE COMPANY LIMITED,2084038.0,1280717.0,GLD11551,https://registry.goldstandard.org/projects?q=gs11551
Local/Unknown,Ghana,Cookstove,GS1385 Man and Man Enterprise Improved Cooking Stoves Programme in Ghana - VPA003,Man and Man Enterprise,413278.0,0.0,GLD11624,https://registry.goldstandard.org/projects?q=gs11624
European Union,Malawi,Cookstove,Clean Electric Cooking for Households in Malawi,atmosfair gGmbH,0.0,0.0,GLD11535,https://registry.goldstandard.org/projects?q=gs11535
Local/Unknown,Rwanda,Cookstove,GS11506 VPA1: Advanced Biomass Cooking Solutions by Biomassters in Rwanda,FairClimateFund,13361.0,11582.0,GLD11507,https://registry.goldstandard.org/projects?q=gs11507
Local/Unknown,Rwanda,Cookstove,Fair Climate Programme for Advanced Biomass Cooking Solutions (PoA),FairClimateFund,0.0,0.0,GLD11506,https://registry.goldstandard.org/projects?q=gs11506
France,Cameroon,Cookstove,S2 Cameroun (Noun and Mifi departments) Cookstove VPA 002 ,EcoAct,0.0,0.0,GLD11462,https://registry.goldstandard.org/projects?q=gs11462
Local/Unknown,Ghana,Cookstove,GS1385 Man and Man Enterprise Improved Cooking Stoves Programme in Ghana - VPA002 (Western Region),Man and Man Enterprise,418612.0,16440.0,GLD11564,https://registry.goldstandard.org/projects?q=gs11564
European Union,Zambia,Cookstove,Clean Cooking Programme for Biomass Gasification (PoA),Emerging Cooking Solutions Sweden AB,0.0,0.0,GLD11508,https://registry.goldstandard.org/projects?q=gs11508
European Union,Zambia,Cookstove,GS11508 VPA1: Clean Cooking with Biomass Gasification in Zambia,Emerging Cooking Solutions Sweden AB,0.0,0.0,GLD11509,https://registry.goldstandard.org/projects?q=gs11509
Local/Unknown,Malawi,Cookstove,Livelihoods Chitetezo Mbaula Project ,Deactivated Projects,0.0,0.0,GLD11471,https://registry.goldstandard.org/projects?q=gs11471
Local/Unknown,Burkina Faso,Cookstove,GS1340 Efficient cookstoves in Burkina Faso – VPA-25 – Solidagro F3PA cookstoves in Passoré ,CO2logic,27045.0,20513.0,GLD11070,https://registry.goldstandard.org/projects?q=gs11070
Local/Unknown,Kenya,Cookstove,GS10884 - KOKO Kenya - Ethanol Cookstoves Program - CPA-0002,KOKO Network limited,14941932.0,181520.0,GLD11440,https://registry.goldstandard.org/projects?q=gs11440
Local/Unknown,Kenya,Solar Water Heater,SOLVATTEN Solar Safe Water Heater Kenya,Solvatten AB,0.0,0.0,GLD11438,https://registry.goldstandard.org/projects?q=gs11438
United Kingdom,DR Congo,Cookstove,GS10789 VPA7: Efficient and Clean Cooking for households in the Democratic Republic of Congo (DRC) ,Global Cookstoves Ltd.,0.0,0.0,GLD11435,https://registry.goldstandard.org/projects?q=gs11435
Local/Unknown,Cote d'Ivoire,Cookstove,GS10789 VPA6: Efficient and Clean Cooking for households in Cote d’Ivoire ,ECOA Climate Capital,167252.0,68143.0,GLD11434,https://registry.goldstandard.org/projects?q=gs11434
Local/Unknown,DR Congo,Cookstove,GS10789 VPA5: Efficient and Clean Cooking for households in the Democratic Republic of Congo (DRC),ECOA Climate Capital,242877.0,8624.0,GLD11433,https://registry.goldstandard.org/projects?q=gs11433
Local/Unknown,Kenya,Cookstove,GS10789 GS10791 RVPA-4: Efficient and Clean Cooking for households in Kenya,ECOA Climate Capital,173154.0,169994.0,GLD11432,https://registry.goldstandard.org/projects?q=gs11432
Local/Unknown,Madagascar,Clean Water,GS5658 VPA 41: Water is Life Madagascar,Madaprojects Srl SB,0.0,0.0,GLD11425,https://registry.goldstandard.org/projects?q=gs11425
Local/Unknown,Kenya,Clean Water,Make Wells Live,WellBoring,0.0,0.0,GLD11422,https://registry.goldstandard.org/projects?q=gs11422
Local/Unknown,Tanzania,Clean Water,VPA 1: The MomCare Project,4Life Solutions ApS,0.0,0.0,GLD11412,https://registry.goldstandard.org/projects?q=gs11412
Local/Unknown,Tanzania,Clean Water,Sustainable Water Purification Programme,Deactivated Projects,0.0,0.0,GLD11411,https://registry.goldstandard.org/projects?q=gs11411
Local/Unknown,Morocco,Landfill,Greenlandfill_Meknès,Suez Atlas,0.0,0.0,GLD11410,https://registry.goldstandard.org/projects?q=gs11410
European Union,Nigeria,Distributed Solar,Solar systems for small businesses and households – CPA01,Access to Energy gGmbH (A2EI),0.0,0.0,GLD11408,https://registry.goldstandard.org/projects?q=gs11408
European Union,Nigeria,Distributed Solar,Solar systems for small businesses and households,Access to Energy gGmbH (A2EI),0.0,0.0,GLD11407,https://registry.goldstandard.org/projects?q=gs11407
Local/Unknown,Rwanda,Lighting,Biolite Solar Lighting Project in Rwanda,Biolite Inc,0.0,0.0,GLD11398,https://registry.goldstandard.org/projects?q=gs11398
United States,Malawi,Lighting,Biolite Solar Lighting Project in Malawi,BioLite Inc.,10836.0,1320.0,GLD11397,https://registry.goldstandard.org/projects?q=gs11397
United States,Malawi,Cookstove,Installation of High Efficiency Firewood Cookstoves in Malawi  ,C-Quest Capital Stoves Asia Ltd,0.0,0.0,GLD11359,https://registry.goldstandard.org/projects?q=gs11359
European Union,Nigeria,Cookstove,CPA # 6 Improved Cooking Stoves for Nigeria,atmosfair gGmbH,0.0,0.0,GLD11357,https://registry.goldstandard.org/projects?q=gs11357
United States,Uganda,Clean Water,VPA - Spouts 9,Believe Green LLC,0.0,0.0,GLD11355,https://registry.goldstandard.org/projects?q=gs11355
United States,Uganda,Clean Water,VPA - Spouts 8,Believe Green LLC,0.0,0.0,GLD11354,https://registry.goldstandard.org/projects?q=gs11354
United States,Uganda,Clean Water,VPA - Spouts 7,Believe Green LLC,0.0,0.0,GLD11353,https://registry.goldstandard.org/projects?q=gs11353
United States,Kenya,Cookstove,Kenya biomass gasification for clean cooking,Better Cooking Company Inc.,5200.0,5200.0,GLD11352,https://registry.goldstandard.org/projects?q=gs11352
Local/Unknown,Zimbabwe,Lighting,GS10875 Namene Solar Lights Distribution Programme in Southern African Countries - Zimbabwe VPA 1 (GS 11343),NAMENE CLIMATE INVESTMENT VEHICLE LIMITED,0.0,0.0,GLD11343,https://registry.goldstandard.org/projects?q=gs11343
Local/Unknown,Kenya,Cookstove,Circle Gas LPG Smart Meter Program in Kenya,CIRCLE GAS LIMITED,1649665.0,546938.0,GLD11331,https://registry.goldstandard.org/projects?q=gs11331
Local/Unknown,Kenya,Cookstove,Circle Gas LPG Smart Meter Program,CIRCLE GAS LIMITED,0.0,0.0,GLD11330,https://registry.goldstandard.org/projects?q=gs11330
Local/Unknown,DR Congo,Cookstove,Congo (DRC) Improved Cook Stoves VPA 003– Ngaliema,Vitol SA,98817.0,1305.0,GLD11327,https://registry.goldstandard.org/projects?q=gs11327
Local/Unknown,DR Congo,Cookstove,GS11324 - VPA002 - Congo (DRC) Improved Cook Stoves-Kinshasa,Vitol SA,108430.0,0.0,GLD11326,https://registry.goldstandard.org/projects?q=gs11326
Local/Unknown,DR Congo,Cookstove,Congo (DRC) Improved Cook Stoves VPA 001– Limete,Vitol SA,111365.0,17500.0,GLD11325,https://registry.goldstandard.org/projects?q=gs11325
Local/Unknown,DR Congo,Cookstove,Congo (DRC) Improved Cook Stoves Programme,Vitol SA,0.0,0.0,GLD11324,https://registry.goldstandard.org/projects?q=gs11324
Local/Unknown,Tanzania,Cookstove,UpEnergy-Social and Climate Impact Programme- Cooking Devices VPA-14,UpEnergy Group,0.0,0.0,GLD11323,https://registry.goldstandard.org/projects?q=gs11323
Local/Unknown,DR Congo,Cookstove,UpEnergy-Social and Climate Impact Programme- Cooking Devices VPA-13,UpEnergy Group,28005.0,0.0,GLD11322,https://registry.goldstandard.org/projects?q=gs11322
Local/Unknown,Mozambique,Clean Water,UpEnergy-Social and Climate Impact Programme- Safe Water VPA-12,UpEnergy Group,0.0,0.0,GLD11321,https://registry.goldstandard.org/projects?q=gs11321
Local/Unknown,Zambia,Clean Water,UpEnergy-Social and Climate Impact Programme- Safe Water VPA-11,Community Carbon,0.0,0.0,GLD11320,https://registry.goldstandard.org/projects?q=gs11320
European Union,Kenya,Cookstove,Enkima stoves ,Schneider Electric France,56041.0,0.0,GLD11319,https://registry.goldstandard.org/projects?q=gs11319
Local/Unknown,Nigeria,Cookstove,Improved Cookstove  Programme - Nigeria - VPA 48,Impact Carbon,321507.0,0.0,GLD11306,https://registry.goldstandard.org/projects?q=gs11306
Local/Unknown,Kenya,Clean Water,Safe Water Programme – Kenya – VPA 47,Impact Carbon,61237.0,14363.0,GLD11305,https://registry.goldstandard.org/projects?q=gs11305
Local/Unknown,Kenya,Clean Water, Safe Water Programme – Kenya – VPA 46,Impact Carbon,80811.0,20753.0,GLD11304,https://registry.goldstandard.org/projects?q=gs11304
Local/Unknown,Kenya,Clean Water,Safe Water Programme – Kenya – VPA 45,Impact Carbon,191210.0,80289.0,GLD11303,https://registry.goldstandard.org/projects?q=gs11303
Local/Unknown,Kenya,Clean Water,Safe Water Programme – Kenya – VPA 44,Impact Carbon,194965.0,54633.0,GLD11302,https://registry.goldstandard.org/projects?q=gs11302
Local/Unknown,Kenya,Clean Water,Safe Water Programme – Kenya – VPA 43,Impact Carbon,191318.0,49735.0,GLD11301,https://registry.goldstandard.org/projects?q=gs11301
Local/Unknown,Kenya,Clean Water,Safe Water Programme – Kenya – VPA 42,Impact Carbon,211213.0,55058.0,GLD11300,https://registry.goldstandard.org/projects?q=gs11300
Local/Unknown,Kenya,Clean Water,Safe Water Programme – Kenya – VPA 41,Impact Carbon,202209.0,57706.0,GLD11299,https://registry.goldstandard.org/projects?q=gs11299
Local/Unknown,Kenya,Clean Water,Safe Water Programme – Kenya – VPA 40,Impact Carbon,201471.0,121217.0,GLD11298,https://registry.goldstandard.org/projects?q=gs11298
Local/Unknown,Kenya,Clean Water, Safe Water Programme – Kenya – VPA 39,Impact Carbon,210075.0,50453.0,GLD11297,https://registry.goldstandard.org/projects?q=gs11297
Local/Unknown,Kenya,Clean Water,Safe Water Programme – Kenya – VPA 38,Impact Carbon,210142.0,105497.0,GLD11296,https://registry.goldstandard.org/projects?q=gs11296
Local/Unknown,Kenya,Clean Water,Safe Water Programme – Kenya – VPA 37,Impact Carbon,215011.0,106432.0,GLD11295,https://registry.goldstandard.org/projects?q=gs11295
Local/Unknown,Kenya,Clean Water,Safe Water Programme – Kenya – VPA 36,Impact Carbon,215000.0,76905.0,GLD11294,https://registry.goldstandard.org/projects?q=gs11294
Local/Unknown,Kenya,Clean Water,Safe Water Programme – Kenya – VPA 35,Impact Carbon,205602.0,68883.0,GLD11293,https://registry.goldstandard.org/projects?q=gs11293
Local/Unknown,Kenya,Clean Water,Safe Water Programme – Kenya – VPA 34,Impact Carbon,215678.0,79373.0,GLD11292,https://registry.goldstandard.org/projects?q=gs11292
Local/Unknown,Kenya,Clean Water,Safe Water Programme – Kenya – VPA 33,Impact Carbon,203512.0,101915.0,GLD11291,https://registry.goldstandard.org/projects?q=gs11291
Local/Unknown,Kenya,Clean Water, Safe Water Programme – Kenya – VPA 32,Impact Carbon,193362.0,72675.0,GLD11290,https://registry.goldstandard.org/projects?q=gs11290
Local/Unknown,Kenya,Clean Water,Safe Water Programme – Kenya – VPA 31,Impact Carbon,181632.0,75317.0,GLD11289,https://registry.goldstandard.org/projects?q=gs11289
Local/Unknown,Nigeria,Clean Water,Safe Water Programme – Nigeria – VPA 30 ,Impact Carbon,179958.0,70369.0,GLD11288,https://registry.goldstandard.org/projects?q=gs11288
Local/Unknown,Nigeria,Clean Water,Safe Water Programme – Nigeria – VPA 29 ,Impact Carbon,102741.0,18172.0,GLD11287,https://registry.goldstandard.org/projects?q=gs11287
Local/Unknown,Nigeria,Clean Water,Safe Water Programme – Nigeria – VPA 28 ,Impact Carbon,162796.0,68779.0,GLD11286,https://registry.goldstandard.org/projects?q=gs11286
Local/Unknown,Nigeria,Clean Water,Safe Water Programme – Nigeria – VPA 27 ,Impact Carbon,183236.0,103596.0,GLD11285,https://registry.goldstandard.org/projects?q=gs11285
Local/Unknown,Nigeria,Clean Water,Safe Water Programme – Nigeria – VPA 26 ,Impact Carbon,179357.0,102953.0,GLD11284,https://registry.goldstandard.org/projects?q=gs11284
Local/Unknown,Nigeria,Clean Water,Safe Water Programme – Nigeria – VPA 25 ,Impact Carbon,184667.0,106182.0,GLD11283,https://registry.goldstandard.org/projects?q=gs11283
Local/Unknown,Nigeria,Clean Water,Safe Water Programme – Nigeria – VPA 24 ,Impact Carbon,179250.0,96720.0,GLD11282,https://registry.goldstandard.org/projects?q=gs11282
Local/Unknown,Nigeria,Clean Water,Safe Water Programme – Nigeria – VPA 23 ,Impact Carbon,181682.0,71728.0,GLD11281,https://registry.goldstandard.org/projects?q=gs11281
Local/Unknown,Nigeria,Clean Water,Safe Water Programme – Nigeria – VPA 22,Impact Carbon,199836.0,65088.0,GLD11280,https://registry.goldstandard.org/projects?q=gs11280
Local/Unknown,Nigeria,Clean Water,Safe Water Programme – Nigeria – VPA 21,Impact Carbon,214642.0,53213.0,GLD11279,https://registry.goldstandard.org/projects?q=gs11279
Local/Unknown,Nigeria,Clean Water,Safe Water Programme – Nigeria – VPA 20 ,Impact Carbon,194728.0,44040.0,GLD11278,https://registry.goldstandard.org/projects?q=gs11278
Local/Unknown,Nigeria,Clean Water,Safe Water Programme – Nigeria – VPA 19 ,Impact Carbon,194957.0,76542.0,GLD11277,https://registry.goldstandard.org/projects?q=gs11277
Local/Unknown,Nigeria,Clean Water,Safe Water Programme – Nigeria – VPA 18 ,Impact Carbon,194259.0,69892.0,GLD11276,https://registry.goldstandard.org/projects?q=gs11276
Local/Unknown,Nigeria,Clean Water, Safe Water Programme – Nigeria – VPA 17,Impact Carbon,192852.0,93166.0,GLD11275,https://registry.goldstandard.org/projects?q=gs11275
Local/Unknown,Nigeria,Clean Water,Safe Water Programme – Nigeria – VPA 16,Impact Carbon,183111.0,96158.0,GLD11274,https://registry.goldstandard.org/projects?q=gs11274
Local/Unknown,Nigeria,Clean Water, Safe Water Programme – Nigeria – VPA 15,Impact Carbon,197852.0,122085.0,GLD11273,https://registry.goldstandard.org/projects?q=gs11273
Local/Unknown,Nigeria,Clean Water, Safe Water Programme – Nigeria – VPA 14,Impact Carbon,181300.0,135478.0,GLD11272,https://registry.goldstandard.org/projects?q=gs11272
Local/Unknown,Nigeria,Clean Water,Safe Water Programme – Nigeria – VPA 13,Impact Carbon,164004.0,87929.0,GLD11271,https://registry.goldstandard.org/projects?q=gs11271
Local/Unknown,Nigeria,Clean Water, Safe Water Programme – Nigeria – VPA 12,Impact Carbon,195408.0,77091.0,GLD11270,https://registry.goldstandard.org/projects?q=gs11270
Local/Unknown,Nigeria,Clean Water,Safe Water Programme – Nigeria – VPA 11,Impact Carbon,184898.0,69251.0,GLD11269,https://registry.goldstandard.org/projects?q=gs11269
Local/Unknown,Nigeria,Clean Water,Safe Water Programme – Nigeria – VPA 10,Impact Carbon,192742.0,84584.0,GLD11268,https://registry.goldstandard.org/projects?q=gs11268
Local/Unknown,Nigeria,Clean Water,Safe Water Programme – Nigeria – VPA 09,Impact Carbon,189471.0,82556.0,GLD11267,https://registry.goldstandard.org/projects?q=gs11267
Local/Unknown,Nigeria,Clean Water,Safe Water Programme – Nigeria – VPA 08,Impact Carbon,196011.0,84719.0,GLD11266,https://registry.goldstandard.org/projects?q=gs11266
Local/Unknown,Nigeria,Clean Water,Safe Water Programme – Nigeria – VPA 07,Impact Carbon,222723.0,123057.0,GLD11265,https://registry.goldstandard.org/projects?q=gs11265
Local/Unknown,Nigeria,Clean Water,Safe Water Programme – Nigeria – VPA 06,Impact Carbon,158406.0,120512.0,GLD11264,https://registry.goldstandard.org/projects?q=gs11264
Local/Unknown,Nigeria,Clean Water,Safe Water Programme – Nigeria – VPA 05,Impact Carbon,206234.0,129775.0,GLD11263,https://registry.goldstandard.org/projects?q=gs11263
Local/Unknown,Nigeria,Clean Water,Safe Water Programme – Nigeria – VPA 04,Impact Carbon,180766.0,142204.0,GLD11262,https://registry.goldstandard.org/projects?q=gs11262
Local/Unknown,Nigeria,Clean Water,Safe Water Programme – Nigeria – VPA 03,Impact Carbon,187834.0,145759.0,GLD11261,https://registry.goldstandard.org/projects?q=gs11261
Local/Unknown,Nigeria,Clean Water,Safe Water Programme – Nigeria – VPA 02,Impact Carbon,186474.0,143671.0,GLD11260,https://registry.goldstandard.org/projects?q=gs11260
Local/Unknown,Nigeria,Clean Water,Safe Water Programme – Nigeria – VPA 01,Impact Carbon,186752.0,152151.0,GLD11259,https://registry.goldstandard.org/projects?q=gs11259
European Union,Kenya,Energy Efficiency,Clean Cooking and Safe Water Supply in Africa by EcoAct ,Schneider Electric France,0.0,0.0,GLD11253,https://registry.goldstandard.org/projects?q=gs11253
European Union,Tanzania,Biomass,Renewable Power Generation on Mafia Island,atmosfair gGmbH,0.0,0.0,GLD11252,https://registry.goldstandard.org/projects?q=gs11252
Local/Unknown,Malawi,Clean Water,Community Carbon Safe Water Drinking Programme VPA10,Community Carbon,28553.0,11868.0,GLD11245,https://registry.goldstandard.org/projects?q=gs11245
United States,Uganda,Cookstove,BioLite Improved Cook stoves Programme - CPA 028 supported by Republic of Korea,BioLite Inc.,85566.0,41110.0,GLD11236,https://registry.goldstandard.org/projects?q=gs11236
United States,Uganda,Cookstove,BioLite Improved Cook stoves Programme - CPA 022 supported by Republic of Korea,BioLite Inc.,8891.0,1425.0,GLD11235,https://registry.goldstandard.org/projects?q=gs11235
United States,Uganda,Cookstove,BioLite Improved Cook stoves Programme - CPA 021 supported by Republic of Korea,BioLite Inc.,8441.0,3310.0,GLD11234,https://registry.goldstandard.org/projects?q=gs11234
United States,Uganda,Cookstove,BioLite Improved Cook stoves Programme - CPA 020 supported by Republic of Korea,BioLite Inc.,8761.0,3460.0,GLD11233,https://registry.goldstandard.org/projects?q=gs11233
United States,Uganda,Cookstove,BioLite Improved Cook stoves Programme - CPA 019 supported by Republic of Korea,BioLite Inc.,88029.0,28922.0,GLD11232,https://registry.goldstandard.org/projects?q=gs11232
United States,Uganda,Cookstove,BioLite Improved Cook stoves Programme - CPA 018 supported by Republic of Korea,BioLite Inc.,100145.0,51088.0,GLD11231,https://registry.goldstandard.org/projects?q=gs11231
United States,Uganda,Cookstove,BioLite Improved Cook stoves Programme - CPA 017 supported by Republic of Korea,BioLite Inc.,93068.0,47582.0,GLD11230,https://registry.goldstandard.org/projects?q=gs11230
United States,Uganda,Cookstove,BioLite Improved Cook stoves Programme - CPA 016 supported by Republic of Korea,BioLite Inc.,90432.0,46379.0,GLD11229,https://registry.goldstandard.org/projects?q=gs11229
United States,Uganda,Cookstove,BioLite Improved Cook stoves Programme - CPA 015 supported by Republic of Korea,BioLite Inc.,103014.0,53050.0,GLD11228,https://registry.goldstandard.org/projects?q=gs11228
United States,Uganda,Cookstove,BioLite Improved Cook stoves Programme - CPA 014 supported by Republic of Korea,BioLite Inc.,106682.0,55074.0,GLD11227,https://registry.goldstandard.org/projects?q=gs11227
Local/Unknown,Mozambique,Cookstove,Community Carbon Efficient Cooking Programme VPA-9,Community Carbon,61075.0,0.0,GLD11211,https://registry.goldstandard.org/projects?q=gs11211
Local/Unknown,Nigeria,Cookstove,UpEnergy-Social and Climate Impact Programme- Cooking Devices VPA-8,UpEnergy Group,0.0,0.0,GLD11210,https://registry.goldstandard.org/projects?q=gs11210
Local/Unknown,Mozambique,Cookstove,Production and sale of efficient cookstoves in the urban areas of Maputo Province,Carbonsink (Carbonsink Group S.r.l.),91830.0,91830.0,GLD11209,https://registry.goldstandard.org/projects?q=gs11209
China,Kenya,Clean Water,Multi-Layer Household Water Filtration System in Kenya,Profit Carbon Environmental Energy Technology (Shanghai) Co. Ltd.,1371752.0,191842.0,GLD11207,https://registry.goldstandard.org/projects?q=gs11207
United Kingdom,Malawi,Cookstove,GS7591 VPA 47 Malawi Improved Cookstove Project,CO2balance UK ltd,71161.0,0.0,GLD11206,https://registry.goldstandard.org/projects?q=gs11206
United Kingdom,Rwanda,Cookstove,GS7591 VPA 46 Improved Cookstove Distribution in Kayonza Bugesera and Nyamasheke Districts of Rwanda (GS11205),CO2balance UK ltd,149417.0,29492.0,GLD11205,https://registry.goldstandard.org/projects?q=gs11205
Local/Unknown,Uganda,Cookstove,CPA 007 – BioLite HomeStove in Uganda,Biolite Inc,0.0,0.0,GLD11204,https://registry.goldstandard.org/projects?q=gs11204
United States,Uganda,Clean Water,VPA - Spouts 6,Believe Green LLC,0.0,0.0,GLD11203,https://registry.goldstandard.org/projects?q=gs11203
Local/Unknown,Madagascar,Compost,Waste composting project in Madagascar ,GoodPlanet,3432.0,0.0,GLD11201,https://registry.goldstandard.org/projects?q=gs11201
United States,Kenya,Cookstove,GS11191 GS11193 RVPA-1 Biolite  Improved Charcoal Stoves in Kenya VPA 1 ,BioLite Inc.,91759.0,22380.0,GLD11200,https://registry.goldstandard.org/projects?q=gs11200
United States,Kenya,Cookstove,CPA 054 – Charcoal Stoves in Kenya,BioLite Inc.,129406.0,84158.0,GLD11199,https://registry.goldstandard.org/projects?q=gs11199
United States,Kenya,Cookstove,CPA 053 – Charcoal Stoves in Kenya,BioLite Inc.,134745.0,67087.0,GLD11198,https://registry.goldstandard.org/projects?q=gs11198
United States,Kenya,Cookstove,CPA 052 – Charcoal Stoves in Kenya,BioLite Inc.,66858.0,46358.0,GLD11197,https://registry.goldstandard.org/projects?q=gs11197
United States,Kenya,Cookstove,CPA 051 – Charcoal Stoves in Kenya,BioLite Inc.,85461.0,36180.0,GLD11196,https://registry.goldstandard.org/projects?q=gs11196
United States,Kenya,Cookstove,CPA 041 – BioLite HomeStove in Kenya,BioLite Inc.,2593.0,1582.0,GLD11195,https://registry.goldstandard.org/projects?q=gs11195
United States,Kenya,Cookstove,CPA 009 – Charcoal Stoves in Kenya,BioLite Inc.,129619.0,89648.0,GLD11194,https://registry.goldstandard.org/projects?q=gs11194
United States,Kenya,Cookstove,GS11191 VPA-1 Biolite Improved Charcoal  Stoves in Kenya,BioLite Inc.,121166.0,81575.0,GLD11193,https://registry.goldstandard.org/projects?q=gs11193
United States,Kenya,Cookstove,CPA 003 – BioLite HomeStove in Kenya,BioLite Inc.,69888.0,24376.0,GLD11192,https://registry.goldstandard.org/projects?q=gs11192
United States,Kenya,Cookstove,BioLite Improved Cook stoves Programme,BioLite Inc.,0.0,0.0,GLD11191,https://registry.goldstandard.org/projects?q=gs11191
Local/Unknown,Kenya,Energy Efficiency,Improved Cookstove and Safe Water Programme,Impact Carbon,0.0,0.0,GLD11189,https://registry.goldstandard.org/projects?q=gs11189
United Kingdom,Kenya,Cookstove,GS7591 VPA 45 Murang'a Improved Cookstove Project ,CO2balance UK ltd,1091.0,1091.0,GLD11188,https://registry.goldstandard.org/projects?q=gs11188
Local/Unknown,Ethiopia,Cookstove,West Guji Improved Cook Stove Distribution project,Oromia Coffee Farmers Cooperative Union,0.0,0.0,GLD11187,https://registry.goldstandard.org/projects?q=gs11187
Local/Unknown,Zambia,Cookstove,Afstor Solar Cooker,AFSTOR OY,0.0,0.0,GLD11186,https://registry.goldstandard.org/projects?q=gs11186
United Kingdom,Togo,Borehole,GS1247 VPA 310 - Togo Safe Water,CO2balance UK ltd,9122.0,0.0,GLD11183,https://registry.goldstandard.org/projects?q=gs11183
United Kingdom,Togo,Borehole,GS1247 VPA 309 - Togo Safe Water,CO2balance UK ltd,11316.0,0.0,GLD11182,https://registry.goldstandard.org/projects?q=gs11182
United Kingdom,Togo,Borehole,GS1247 VPA 308 - Togo Safe Water,CO2balance UK ltd,12721.0,0.0,GLD11181,https://registry.goldstandard.org/projects?q=gs11181
United Kingdom,Togo,Borehole,GS1247 VPA 307 - Togo Safe Water,CO2balance UK ltd,12020.0,0.0,GLD11180,https://registry.goldstandard.org/projects?q=gs11180
United Kingdom,Togo,Borehole,GS1247 VPA 306 - Togo Safe Water,CO2balance UK ltd,11649.0,0.0,GLD11179,https://registry.goldstandard.org/projects?q=gs11179
United Kingdom,Togo,Borehole,GS1247 VPA 305 - Togo Safe Water,CO2balance UK ltd,6739.0,0.0,GLD11178,https://registry.goldstandard.org/projects?q=gs11178
United Kingdom,Togo,Borehole,GS1247 VPA 304 - Togo Safe Water,CO2balance UK ltd,7575.0,0.0,GLD11177,https://registry.goldstandard.org/projects?q=gs11177
United Kingdom,Togo,Borehole,GS1247 VPA 303 - Togo Safe Water,CO2balance UK ltd,8786.0,0.0,GLD11176,https://registry.goldstandard.org/projects?q=gs11176
United Kingdom,Togo,Borehole,GS1247 VPA 302 - Togo Safe Water,CO2balance UK ltd,0.0,0.0,GLD11175,https://registry.goldstandard.org/projects?q=gs11175
United Kingdom,Togo,Borehole,GS1247 VPA 301 - Togo Safe Water,CO2balance UK ltd,0.0,0.0,GLD11174,https://registry.goldstandard.org/projects?q=gs11174
Switzerland,Kenya,Clean Water,Aqua Clara Safe Water Program,Climate Impact Partners Limited,61589.0,43601.0,GLD11169,https://registry.goldstandard.org/projects?q=gs11169
European Union,Mali,Distributed Solar,Solar Power for Rural Villages in Mali,atmosfair gGmbH,689.0,0.0,GLD11166,https://registry.goldstandard.org/projects?q=gs11166
Local/Unknown,Burundi,Cookstove,GS5658 VPA 40: Fuel-efficient cookstoves for the resilience of rural communities in Burundi,Carbonsink (Carbonsink Group S.r.l.),0.0,0.0,GLD11157,https://registry.goldstandard.org/projects?q=gs11157
Local/Unknown,Burundi,Cookstove,GS5658 VPA 39: Fuel-efficient cookstoves for the resilience of rural communities in Burundi,Carbonsink (Carbonsink Group S.r.l.),0.0,0.0,GLD11156,https://registry.goldstandard.org/projects?q=gs11156
Local/Unknown,Burundi,Cookstove,GS5658 VPA 38: Fuel-efficient cookstoves for the resilience of rural communities in Burundi,Carbonsink (Carbonsink Group S.r.l.),13349.0,10598.0,GLD11155,https://registry.goldstandard.org/projects?q=gs11155
United Kingdom,Ghana,Afforestation + Reforestation,JOil Jatropha plantation in Ghana ,JOIL (S) Pte. Ltd.,18752.0,8001.0,GLD11154,https://registry.goldstandard.org/projects?q=gs11154
Australia,Ethiopia,Cookstove,Energy Efficient Stoves Program - CPA 3,World Vision Australia,102921.0,60322.0,GLD11149,https://registry.goldstandard.org/projects?q=gs11149
Australia,Ethiopia,Cookstove,Energy Efficient Stoves Program - CPA 2,World Vision Australia,103527.0,52133.0,GLD11148,https://registry.goldstandard.org/projects?q=gs11148
Australia,Ethiopia,Cookstove,Energy Efficient Stoves Program - CPA1,World Vision Australia,99657.0,69908.0,GLD11147,https://registry.goldstandard.org/projects?q=gs11147
Australia,Ethiopia,Cookstove,Energy Efficient Stoves Program,World Vision Australia,0.0,0.0,GLD11146,https://registry.goldstandard.org/projects?q=gs11146
Local/Unknown,Zambia,Cookstove,TASC Clean Cooking PoA – VPA 1 (Zambia),THE AFRICAN STOVE COMPANY LIMITED,1429501.0,555181.0,GLD11145,https://registry.goldstandard.org/projects?q=gs11145
United States,Zambia,Cookstove,GS11143: VPA 1- Installation of High Efficiency Firewood Cookstoves in Zambia ,C-Quest Capital Stoves Asia Ltd,0.0,0.0,GLD11143,https://registry.goldstandard.org/projects?q=gs11143
United States,Malawi,Cookstove,Installation of High Efficiency Firewood Cookstoves in Sub-Saharan Africa,C-Quest Capital Stoves Asia Ltd,0.0,0.0,GLD11142,https://registry.goldstandard.org/projects?q=gs11142
Local/Unknown,Burundi,Cookstove,Improved biomass cookstoves for returnees in Burundi,AERA Group,2185104.0,561410.0,GLD11140,https://registry.goldstandard.org/projects?q=gs11140
United Kingdom,Rwanda,Clean Water,GS10959 VPA06 Safe Water Project in Rwanda VI,Iceberg Environment Pte. Ltd.,136214.0,0.0,GLD11137,https://registry.goldstandard.org/projects?q=gs11137
United Kingdom,Rwanda,Clean Water,GS10959 VPA05 Safe Water Project in Rwanda V,Iceberg Environment Pte. Ltd.,150947.0,4168.0,GLD11136,https://registry.goldstandard.org/projects?q=gs11136
United Kingdom,Rwanda,Clean Water,GS10959 VPA04 Safe Water Project in Rwanda IV,Iceberg Environment Pte. Ltd.,141311.0,29909.0,GLD11135,https://registry.goldstandard.org/projects?q=gs11135
United Kingdom,Rwanda,Clean Water,GS10959 VPA03 Safe Water Project in Rwanda III,Iceberg Environment Pte. Ltd.,147658.0,6614.0,GLD11134,https://registry.goldstandard.org/projects?q=gs11134
United Kingdom,Rwanda,Clean Water,GS10959 VPA02 Safe Water Project in Rwanda II,Iceberg Environment Pte. Ltd.,145015.0,15702.0,GLD11133,https://registry.goldstandard.org/projects?q=gs11133
United Kingdom,Rwanda,Clean Water,GS 10959 VPA01 Safe Water Project in Rwanda I,Iceberg Environment Pte. Ltd.,148329.0,20983.0,GLD11098,https://registry.goldstandard.org/projects?q=gs11098
United Kingdom,Burkina Faso,Clean Water,GS1247 VPA 300 - Burkina Faso Safe Water,CO2balance UK ltd,0.0,0.0,GLD11096,https://registry.goldstandard.org/projects?q=gs11096
United Kingdom,Burkina Faso,Clean Water,GS1247 VPA 299 - Burkina Faso Safe Water,CO2balance UK ltd,0.0,0.0,GLD11095,https://registry.goldstandard.org/projects?q=gs11095
United Kingdom,Burkina Faso,Clean Water,GS1247 VPA 298 - Burkina Faso Safe Water,CO2balance UK ltd,0.0,0.0,GLD11094,https://registry.goldstandard.org/projects?q=gs11094
United Kingdom,Burkina Faso,Clean Water,GS1247 VPA 297 - Burkina Faso Safe Water,CO2balance UK ltd,0.0,0.0,GLD11093,https://registry.goldstandard.org/projects?q=gs11093
United Kingdom,Burkina Faso,Clean Water,GS1247 VPA 296 - Burkina Faso Safe Water,CO2balance UK ltd,0.0,0.0,GLD11092,https://registry.goldstandard.org/projects?q=gs11092
United Kingdom,Burkina Faso,Clean Water,GS1247 VPA 295 - Burkina Faso Safe Water,CO2balance UK ltd,0.0,0.0,GLD11091,https://registry.goldstandard.org/projects?q=gs11091
United Kingdom,Burkina Faso,Clean Water,GS1247 VPA 294 - Burkina Faso Safe Water,CO2balance UK ltd,0.0,0.0,GLD11090,https://registry.goldstandard.org/projects?q=gs11090
United Kingdom,Burkina Faso,Clean Water,GS1247 VPA 293 - Burkina Faso Safe Water,CO2balance UK ltd,0.0,0.0,GLD11089,https://registry.goldstandard.org/projects?q=gs11089
United Kingdom,Burkina Faso,Clean Water,GS1247 VPA 292 - Burkina Faso Safe Water,CO2balance UK ltd,0.0,0.0,GLD11088,https://registry.goldstandard.org/projects?q=gs11088
United Kingdom,Burkina Faso,Clean Water,GS1247 VPA 291 - Burkina Faso Safe Water,CO2balance UK ltd,0.0,0.0,GLD11087,https://registry.goldstandard.org/projects?q=gs11087
United Kingdom,Burkina Faso,Clean Water,GS1247 VPA 290 - Burkina Faso Safe Water,CO2balance UK ltd,0.0,0.0,GLD11086,https://registry.goldstandard.org/projects?q=gs11086
United Kingdom,Burkina Faso,Clean Water,GS1247 VPA 289 - Burkina Faso Safe Water,CO2balance UK ltd,0.0,0.0,GLD11085,https://registry.goldstandard.org/projects?q=gs11085
United Kingdom,Burkina Faso,Clean Water,GS1247 VPA 288 - Burkina Faso Safe Water,CO2balance UK ltd,0.0,0.0,GLD11084,https://registry.goldstandard.org/projects?q=gs11084
United Kingdom,Burkina Faso,Clean Water,GS1247 VPA 287 - Burkina Faso Safe Water,CO2balance UK ltd,4744.0,0.0,GLD11083,https://registry.goldstandard.org/projects?q=gs11083
European Union,Uganda,Energy Efficiency,GS5047 VPA100 African Improved Cookstoves and Clean Water Programme: Albertine Rift Wildlife Corridor Cook Stove Project X,Likano Project Development GmbH,0.0,0.0,GLD11082,https://registry.goldstandard.org/projects?q=gs11082
European Union,Uganda,Energy Efficiency,GS5047 VPA99 African Improved Cookstoves and Clean Water Programme: Albertine Rift Wildlife Corridor Cook Stove Project IX,Likano Project Development GmbH,0.0,0.0,GLD11081,https://registry.goldstandard.org/projects?q=gs11081
European Union,Uganda,Energy Efficiency,GS5047 VPA98 African Improved Cookstoves and Clean Water Programme: Albertine Rift Wildlife Corridor Cook Stove Project VIII,Likano Project Development GmbH,0.0,0.0,GLD11080,https://registry.goldstandard.org/projects?q=gs11080
European Union,Uganda,Energy Efficiency,GS5047 VPA97 African Improved Cookstoves and Clean Water Programme: Albertine Rift Wildlife Corridor Cook Stove Project VII,Likano Project Development GmbH,0.0,0.0,GLD11079,https://registry.goldstandard.org/projects?q=gs11079
European Union,Uganda,Energy Efficiency,GS5047 VPA96 African Improved Cookstoves and Clean Water Programme: Albertine Rift Wildlife Corridor Cook Stove Project VI,Likano Project Development GmbH,0.0,0.0,GLD11078,https://registry.goldstandard.org/projects?q=gs11078
European Union,Uganda,Energy Efficiency,GS5047 VPA95 African Improved Cookstoves and Clean Water Programme: Albertine Rift Wildlife Corridor Cook Stove Project V,Likano Project Development GmbH,0.0,0.0,GLD11077,https://registry.goldstandard.org/projects?q=gs11077
European Union,Uganda,Energy Efficiency,GS5047 VPA94 African Improved Cookstoves and Clean Water Programme: Albertine Rift Wildlife Corridor Cook Stove Project IV,Likano Project Development GmbH,0.0,0.0,GLD11076,https://registry.goldstandard.org/projects?q=gs11076
Local/Unknown,Burkina Faso,Cookstove,GS1340 Efficient cookstoves in Burkina Faso - VPA-29 - Improved Cookstove F3PA project in Nahouri,Tiipaalga,22426.0,22030.0,GLD11074,https://registry.goldstandard.org/projects?q=gs11074
Local/Unknown,Burkina Faso,Cookstove,GS1340 Efficient cookstoves in Burkina Faso – VPA-28 – Solidagro F3PA cookstoves in Passoré ,CO2logic,10824.0,726.0,GLD11073,https://registry.goldstandard.org/projects?q=gs11073
Local/Unknown,Burkina Faso,Cookstove,GS1340 Efficient cookstoves in Burkina Faso – VPA-27 – Solidagro F3PA cookstoves in Passoré ,CO2logic,19134.0,9134.0,GLD11072,https://registry.goldstandard.org/projects?q=gs11072
Local/Unknown,Burkina Faso,Cookstove,GS1340 Efficient cookstoves in Burkina Faso – VPA-26 – Solidagro F3PA cookstoves in Passoré ,CO2logic,25413.0,15262.0,GLD11071,https://registry.goldstandard.org/projects?q=gs11071
United Kingdom,Malawi,Clean Water,GS1247 VPA 286 Malawi Safe Water Project,CO2balance UK ltd,0.0,0.0,GLD11067,https://registry.goldstandard.org/projects?q=gs11067
United Kingdom,Malawi,Clean Water,GS1247 VPA 285 Malawi Safe Water Project,CO2balance UK ltd,0.0,0.0,GLD11066,https://registry.goldstandard.org/projects?q=gs11066
United Kingdom,Malawi,Clean Water,GS1247 VPA 284 Malawi Safe Water Project,CO2balance UK ltd,0.0,0.0,GLD11065,https://registry.goldstandard.org/projects?q=gs11065
United Kingdom,Malawi,Clean Water,GS1247 VPA 283 Malawi Safe Water Project,CO2balance UK ltd,0.0,0.0,GLD11064,https://registry.goldstandard.org/projects?q=gs11064
United Kingdom,Malawi,Clean Water,GS1247 VPA 282 Malawi Safe Water Project,CO2balance UK ltd,0.0,0.0,GLD11063,https://registry.goldstandard.org/projects?q=gs11063
United Kingdom,Togo,Borehole,GS1247 VPA 281 Togo Safe Water,CO2balance UK ltd,0.0,0.0,GLD11062,https://registry.goldstandard.org/projects?q=gs11062
United Kingdom,Togo,Borehole,GS1247 VPA 280 - Togo Safe Water,CO2balance UK ltd,0.0,0.0,GLD11061,https://registry.goldstandard.org/projects?q=gs11061
United Kingdom,Togo,Borehole,GS1247 VPA 279 - Togo Safe Water,CO2balance UK ltd,0.0,0.0,GLD11060,https://registry.goldstandard.org/projects?q=gs11060
United Kingdom,Togo,Borehole,GS1247 VPA 278 - Togo Safe Water,CO2balance UK ltd,0.0,0.0,GLD11059,https://registry.goldstandard.org/projects?q=gs11059
United Kingdom,Togo,Borehole,GS1247 VPA 277 - Togo Safe Water,CO2balance UK ltd,0.0,0.0,GLD11058,https://registry.goldstandard.org/projects?q=gs11058
United Kingdom,Togo,Borehole,GS1247 VPA 276 - Togo Safe Water,CO2balance UK ltd,0.0,0.0,GLD11057,https://registry.goldstandard.org/projects?q=gs11057
United Kingdom,Togo,Borehole,GS1247 VPA 275 - Togo Safe Water,CO2balance UK ltd,0.0,0.0,GLD11056,https://registry.goldstandard.org/projects?q=gs11056
United Kingdom,Togo,Borehole,GS1247 VPA 274 - Togo Safe Water,CO2balance UK ltd,0.0,0.0,GLD11055,https://registry.goldstandard.org/projects?q=gs11055
United Kingdom,Togo,Borehole,GS1247 VPA 273 - Togo Safe Water,CO2balance UK ltd,0.0,0.0,GLD11054,https://registry.goldstandard.org/projects?q=gs11054
United Kingdom,Togo,Borehole,GS1247 VPA 272 - Togo Safe Water,CO2balance UK ltd,0.0,0.0,GLD11053,https://registry.goldstandard.org/projects?q=gs11053
European Union,Ethiopia,Unknown,Regenerate forest in Ethiopia: Support Carbon sequestration & wellbeing of families ,World Vision Finland,0.0,0.0,GLD11052,https://registry.goldstandard.org/projects?q=gs11052
United Kingdom,Burkina Faso,Clean Water,GS1247 VPA 271 - Burkina Faso Safe Water,CO2balance UK ltd,6568.0,0.0,GLD11051,https://registry.goldstandard.org/projects?q=gs11051
United Kingdom,Burkina Faso,Clean Water,GS1247 VPA 270 - Burkina Faso Safe Water,CO2balance UK ltd,8360.0,0.0,GLD11050,https://registry.goldstandard.org/projects?q=gs11050
United Kingdom,Burkina Faso,Clean Water,GS1247 VPA 269 - Burkina Faso Safe Water,CO2balance UK ltd,11167.0,26.0,GLD11049,https://registry.goldstandard.org/projects?q=gs11049
United Kingdom,Burkina Faso,Clean Water,GS1247 VPA 268 - Burkina Faso Safe Water,CO2balance UK ltd,11514.0,161.0,GLD11048,https://registry.goldstandard.org/projects?q=gs11048
United Kingdom,Burkina Faso,Clean Water,GS1247 VPA 267 - Burkina Faso Safe Water,CO2balance UK ltd,10584.0,1100.0,GLD11047,https://registry.goldstandard.org/projects?q=gs11047
United Kingdom,Burkina Faso,Clean Water,GS1247 VPA 266 - Burkina Faso Safe Water,CO2balance UK ltd,12215.0,100.0,GLD11046,https://registry.goldstandard.org/projects?q=gs11046
Local/Unknown,Uganda,Cookstove,GS5658 VPA 37: “Access to energy for local development and resilience building in Uganda”,Carbonsink (Carbonsink Group S.r.l.),10722.0,3690.0,GLD11044,https://registry.goldstandard.org/projects?q=gs11044
Local/Unknown,Uganda,Cookstove,GS5658 VPA 36: “Access to energy for local development and resilience building in Uganda”,Carbonsink (Carbonsink Group S.r.l.),17920.0,14672.0,GLD11043,https://registry.goldstandard.org/projects?q=gs11043
Local/Unknown,Uganda,Cookstove,GS5658 VPA 35: “Access to energy for local development and resilience building in Uganda”,Carbonsink (Carbonsink Group S.r.l.),14510.0,13035.0,GLD11042,https://registry.goldstandard.org/projects?q=gs11042
Local/Unknown,Uganda,Cookstove,GS5658 VPA 34: “Access to energy for local development and resilience building in Uganda”,Carbonsink (Carbonsink Group S.r.l.),18716.0,11700.0,GLD11041,https://registry.goldstandard.org/projects?q=gs11041
United Kingdom,Uganda,Clean Water,GS7591 VPA 42 Uganda Community Safe Water Project,CO2balance UK ltd,0.0,0.0,GLD11034,https://registry.goldstandard.org/projects?q=gs11034
United Kingdom,Rwanda,Clean Water,GS7591 VPA 41 Rwanda Community Safe Water Project,CO2balance UK ltd,0.0,0.0,GLD11033,https://registry.goldstandard.org/projects?q=gs11033
United Kingdom,Rwanda,Clean Water, GS7591 VPA 40 Rwanda Community Safe Water Project,CO2balance UK ltd,0.0,0.0,GLD11032,https://registry.goldstandard.org/projects?q=gs11032
United Kingdom,Malawi,Clean Water, GS7591 VPA 39 Malawi Community Safe Water Project,CO2balance UK ltd,0.0,0.0,GLD11031,https://registry.goldstandard.org/projects?q=gs11031
United Kingdom,Malawi,Clean Water,GS7591 VPA 38 Malawi Community Safe Water Project,CO2balance UK ltd,0.0,0.0,GLD11030,https://registry.goldstandard.org/projects?q=gs11030
Local/Unknown,Mozambique,Cookstove,GS5658 VPA 33: Access to energy for local development and women's empowerment in Cabo Delgado Province Mozambique,Carbonsink (Carbonsink Group S.r.l.),20769.0,13240.0,GLD11029,https://registry.goldstandard.org/projects?q=gs11029
European Union,Rwanda,Energy Efficiency,GS5047 VPA93 African Improved Cookstoves and Clean Water Programme: Gishwati – Mukura Forest Conservation Project XX,Likano Project Development GmbH,0.0,0.0,GLD11028,https://registry.goldstandard.org/projects?q=gs11028
European Union,Rwanda,Energy Efficiency,GS5047 VPA92 African Improved Cookstoves and Clean Water Programme: Gishwati – Mukura Forest Conservation Project XIX,Likano Project Development GmbH,0.0,0.0,GLD11027,https://registry.goldstandard.org/projects?q=gs11027
European Union,Rwanda,Energy Efficiency,GS5047 VPA91 African Improved Cookstoves and Clean Water Programme: Gishwati – Mukura Forest Conservation Project XVIII,Likano Project Development GmbH,420.0,0.0,GLD11026,https://registry.goldstandard.org/projects?q=gs11026
European Union,Rwanda,Energy Efficiency,GS5047 VPA90 African Improved Cookstoves and Clean Water Programme: Gishwati – Mukura Forest Conservation Project XVII,Likano Project Development GmbH,2314.0,0.0,GLD11025,https://registry.goldstandard.org/projects?q=gs11025
European Union,Rwanda,Energy Efficiency,GS5047 VPA89 African Improved Cookstoves and Clean Water Programme: Gishwati – Mukura Forest Conservation Project XVI,Likano Project Development GmbH,3987.0,0.0,GLD11024,https://registry.goldstandard.org/projects?q=gs11024
European Union,Rwanda,Energy Efficiency,GS5047 VPA87 African Improved Cookstoves and Clean Water Programme: Gishwati – Mukura Forest Conservation Project XV,Likano Project Development GmbH,4538.0,0.0,GLD11023,https://registry.goldstandard.org/projects?q=gs11023
European Union,Rwanda,Energy Efficiency,GS5047 VPA86 African Improved Cookstoves and Clean Water Programme: Gishwati – Mukura Forest Conservation Project XIV,Likano Project Development GmbH,5756.0,0.0,GLD11022,https://registry.goldstandard.org/projects?q=gs11022
European Union,Rwanda,Energy Efficiency,GS5047 VPA85 African Improved Cookstoves and Clean Water Programme: Gishwati – Mukura Forest Conservation Project XIII,Likano Project Development GmbH,6094.0,0.0,GLD11021,https://registry.goldstandard.org/projects?q=gs11021
European Union,Rwanda,Energy Efficiency,GS5047 VPA84 African Improved Cookstoves and Clean Water Programme: Gishwati – Mukura Forest Conservation Project XII,Likano Project Development GmbH,8749.0,0.0,GLD11020,https://registry.goldstandard.org/projects?q=gs11020
European Union,Rwanda,Energy Efficiency,GS5047 VPA83 African Improved Cookstoves and Clean Water Programme: Gishwati – Mukura Forest Conservation Project XI,Likano Project Development GmbH,9122.0,0.0,GLD11019,https://registry.goldstandard.org/projects?q=gs11019
European Union,Rwanda,Energy Efficiency,GS5047 VPA82 African Improved Cookstoves and Clean Water Programme: Gishwati – Mukura Forest Conservation Project X,Likano Project Development GmbH,11065.0,0.0,GLD11018,https://registry.goldstandard.org/projects?q=gs11018
European Union,Rwanda,Energy Efficiency,GS5047 VPA81 African Improved Cookstoves and Clean Water Programme: Gishwati – Mukura Forest Conservation Project IX,Likano Project Development GmbH,11490.0,0.0,GLD11017,https://registry.goldstandard.org/projects?q=gs11017
European Union,Rwanda,Energy Efficiency,GS5047 VPA80 African Improved Cookstoves and Clean Water Programme: Gishwati – Mukura Forest Conservation Project VIII,Likano Project Development GmbH,13763.0,13565.0,GLD11016,https://registry.goldstandard.org/projects?q=gs11016
European Union,Rwanda,Energy Efficiency,GS5047 VPA79 African Improved Cookstoves and Clean Water Programme: Gishwati – Mukura Forest Conservation Project VII,Likano Project Development GmbH,13714.0,13516.0,GLD11015,https://registry.goldstandard.org/projects?q=gs11015
European Union,Rwanda,Energy Efficiency,GS5047 VPA78 African Improved Cookstoves and Clean Water Programme: Gishwati – Mukura Forest Conservation Project VI,Likano Project Development GmbH,15236.0,15038.0,GLD11014,https://registry.goldstandard.org/projects?q=gs11014
European Union,Rwanda,Energy Efficiency,GS5047 VPA77 African Improved Cookstoves and Clean Water Programme: Gishwati – Mukura Forest Conservation Project V,Likano Project Development GmbH,17579.0,17381.0,GLD11013,https://registry.goldstandard.org/projects?q=gs11013
European Union,Rwanda,Energy Efficiency,GS5047 VPA76 African Improved Cookstoves and Clean Water Programme: Gishwati – Mukura Forest Conservation Project IV,Likano Project Development GmbH,18439.0,13614.0,GLD11012,https://registry.goldstandard.org/projects?q=gs11012
United Kingdom,Zambia,Clean Water,GS7591 VPA 38 Zambia Western Province Safe Water Project,CO2balance UK ltd,68254.0,20518.0,GLD11011,https://registry.goldstandard.org/projects?q=gs11011
United Kingdom,Zambia,Clean Water,GS7591 VPA 37 Zambia Western Province Safe Water Project,CO2balance UK ltd,173886.0,112081.0,GLD11010,https://registry.goldstandard.org/projects?q=gs11010
Local/Unknown,Zimbabwe,Cookstove,TASC Clean Cooking PoA,THE AFRICAN STOVE COMPANY LIMITED,0.0,0.0,GLD11009,https://registry.goldstandard.org/projects?q=gs11009
Local/Unknown,Zambia,Cookstove,UpEnergy – Social and Climate Impact Programme-Cooking Devices VPA-6,UpEnergy Group,76490.0,0.0,GLD11007,https://registry.goldstandard.org/projects?q=gs11007
European Union,Rwanda,Energy Efficiency,GS5047 VPA75 African Improved Cookstoves and Clean Water Programme: Ibanda – Makera Forest Cook Stove Project XX,Likano Project Development GmbH,0.0,0.0,GLD11006,https://registry.goldstandard.org/projects?q=gs11006
European Union,Rwanda,Energy Efficiency,GS5047 VPA74 African Improved Cookstoves and Clean Water Programme: Ibanda – Makera Forest Cook Stove Project XIX,Likano Project Development GmbH,0.0,0.0,GLD11005,https://registry.goldstandard.org/projects?q=gs11005
European Union,Rwanda,Energy Efficiency,GS5047 VPA73 African Improved Cookstoves and Clean Water Programme: Ibanda – Makera Forest Cook Stove Project XVIII,Likano Project Development GmbH,0.0,0.0,GLD11004,https://registry.goldstandard.org/projects?q=gs11004
European Union,Rwanda,Energy Efficiency,GS5047 VPA72 African Improved Cookstoves and Clean Water Programme: Ibanda – Makera Forest Cook Stove Project XVII,Likano Project Development GmbH,0.0,0.0,GLD11003,https://registry.goldstandard.org/projects?q=gs11003
European Union,Rwanda,Energy Efficiency,GS5047 VPA71 African Improved Cookstoves and Clean Water Programme: Ibanda – Makera Forest Cook Stove Project XVI,Likano Project Development GmbH,0.0,0.0,GLD11002,https://registry.goldstandard.org/projects?q=gs11002
European Union,Rwanda,Energy Efficiency,GS5047 VPA70 African Improved Cookstoves and Clean Water Programme: Ibanda – Makera Forest Cook Stove Project XV,Likano Project Development GmbH,0.0,0.0,GLD11001,https://registry.goldstandard.org/projects?q=gs11001
European Union,Rwanda,Cookstove,GS5047 VPA69 African Improved Cookstoves and Clean Water Programme: Ibanda – Makera Forest Cook Stove Project XIV,Likano Project Development GmbH,0.0,0.0,GLD11000,https://registry.goldstandard.org/projects?q=gs11000
European Union,Rwanda,Energy Efficiency,GS5047 VPA68 African Improved Cookstoves and Clean Water Programme: Ibanda – Makera Forest Cook Stove Project XIII,Likano Project Development GmbH,0.0,0.0,GLD10999,https://registry.goldstandard.org/projects?q=gs10999
European Union,Rwanda,Energy Efficiency,GS5047 VPA67 African Improved Cookstoves and Clean Water Programme: Ibanda – Makera Forest Cook Stove Project XII,Likano Project Development GmbH,0.0,0.0,GLD10998,https://registry.goldstandard.org/projects?q=gs10998
European Union,Rwanda,Energy Efficiency,GS5047 VPA66 African Improved Cookstoves and Clean Water Programme: Ibanda – Makera Forest Cook Stove Project XI,Likano Project Development GmbH,0.0,0.0,GLD10997,https://registry.goldstandard.org/projects?q=gs10997
European Union,Rwanda,Energy Efficiency,GS5047 VPA65 African Improved Cookstoves and Clean Water Programme: Ibanda – Makera Forest Cook Stove Project X,Likano Project Development GmbH,0.0,0.0,GLD10996,https://registry.goldstandard.org/projects?q=gs10996
European Union,Rwanda,Energy Efficiency,GS5047 VPA64 African Improved Cookstoves and Clean Water Programme: Ibanda – Makera Forest Cook Stove Project IX,Likano Project Development GmbH,1357.0,1347.0,GLD10995,https://registry.goldstandard.org/projects?q=gs10995
European Union,Rwanda,Energy Efficiency,GS5047 VPA63 African Improved Cookstoves and Clean Water Programme: Ibanda – Makera Forest Cook Stove Project VIII,Likano Project Development GmbH,4215.0,4201.0,GLD10994,https://registry.goldstandard.org/projects?q=gs10994
European Union,Rwanda,Energy Efficiency,GS5047 VPA62 African Improved Cookstoves and Clean Water Programme: Ibanda – Makera Forest Cook Stove Project VII,Likano Project Development GmbH,6703.0,2991.0,GLD10993,https://registry.goldstandard.org/projects?q=gs10993
European Union,Rwanda,Energy Efficiency,GS5047 VPA61 African Improved Cookstoves and Clean Water Programme: Ibanda – Makera Forest Cook Stove Project VI,Likano Project Development GmbH,7941.0,724.0,GLD10992,https://registry.goldstandard.org/projects?q=gs10992
European Union,Rwanda,Energy Efficiency,GS5047 VPA60 African Improved Cookstoves and Clean Water Programme: Ibanda – Makera Forest Cook Stove Project V,Likano Project Development GmbH,9460.0,9238.0,GLD10991,https://registry.goldstandard.org/projects?q=gs10991
European Union,Rwanda,Energy Efficiency,GS5047 VPA59 African Improved Cookstoves and Clean Water Programme: Ibanda – Makera Forest Cook Stove Project IV,Likano Project Development GmbH,11296.0,11101.0,GLD10990,https://registry.goldstandard.org/projects?q=gs10990
Local/Unknown,Ethiopia,Cookstove,GS5658 VPA 32: Improved Cookstoves for Environmental Conservation in Southern Ethiopia,Carbonsink (Carbonsink Group S.r.l.),22653.0,15075.0,GLD10989,https://registry.goldstandard.org/projects?q=gs10989
Local/Unknown,Ethiopia,Cookstove,GS5658 VPA 31: Improved Cookstoves for Environmental Conservation in Southern Ethiopia,Carbonsink (Carbonsink Group S.r.l.),25860.0,18384.0,GLD10988,https://registry.goldstandard.org/projects?q=gs10988
United Kingdom,Kenya,Clean Water,GivePower Kenya Solar Water Farms,CO2balance UK ltd,66385.0,27501.0,GLD10987,https://registry.goldstandard.org/projects?q=gs10987
European Union,Rwanda,Energy Efficiency,GS5047 VPA58 African Improved Cookstoves and Clean Water Programme: Busaga Natural Mountain Forest Cookstove Project VI,Likano Project Development GmbH,0.0,0.0,GLD10986,https://registry.goldstandard.org/projects?q=gs10986
European Union,Rwanda,Energy Efficiency,GS5047 VPA57 African Improved Cookstoves and Clean Water Programme: Busaga Natural Mountain Forest Cookstove Project V,Likano Project Development GmbH,0.0,0.0,GLD10985,https://registry.goldstandard.org/projects?q=gs10985
European Union,Rwanda,Energy Efficiency,GS5047 VPA56 African Improved Cookstoves and Clean Water Programme: Busaga Natural Mountain Forest Cookstove Project IV,Likano Project Development GmbH,0.0,0.0,GLD10984,https://registry.goldstandard.org/projects?q=gs10984
European Union,Ethiopia,Energy Efficiency,Little Sun Energy and Improved Living Programme of Activity: VPA 1,Carbonbay GmbH & Co. KG,0.0,0.0,GLD10972,https://registry.goldstandard.org/projects?q=gs10972
Local/Unknown,Malawi,Cookstove,UpEnergy-Social and Climate Impact Programme- Cooking Devices VPA-4,UpEnergy Group,146245.0,17692.0,GLD10970,https://registry.goldstandard.org/projects?q=gs10970
Local/Unknown,Madagascar,Cookstove,UpEnergy-Social and Climate Impact Programme- Cooking Devices VPA-3,UpEnergy Group,0.0,0.0,GLD10969,https://registry.goldstandard.org/projects?q=gs10969
Local/Unknown,Uganda,Clean Water,Community Carbon Safe Water Drinking Programme-VPA2,Community Carbon,109694.0,39039.0,GLD10968,https://registry.goldstandard.org/projects?q=gs10968
Local/Unknown,Uganda,Cookstove,Community Carbon Efficient Cooking Programme-VPA1,Community Carbon,1864126.0,1264976.0,GLD10967,https://registry.goldstandard.org/projects?q=gs10967
European Union,Rwanda,Energy Efficiency,GS5047 VPA55 African Improved Cookstoves and Clean Water Programme: Busaga Natural Mountain Forest Cookstove Project III,Likano Project Development GmbH,0.0,0.0,GLD10966,https://registry.goldstandard.org/projects?q=gs10966
European Union,Rwanda,Energy Efficiency,GS5047 VPA54 African Improved Cookstoves and Clean Water Programme: Busaga Natural Mountain Forest Cookstove Project II,Likano Project Development GmbH,0.0,0.0,GLD10965,https://registry.goldstandard.org/projects?q=gs10965
European Union,Rwanda,Energy Efficiency,GS5047 VPA53 African Improved Cookstoves and Clean Water Programme: Busaga Natural Mountain Forest Cookstove Project I,Likano Project Development GmbH,0.0,0.0,GLD10964,https://registry.goldstandard.org/projects?q=gs10964
Local/Unknown,Burkina Faso,Cookstove,GS1340 - Efficient cookstoves in Burkina Faso – tiipaalga F3PA cookstoves in Center-South Protected Areas - VPA-24,Tiipaalga,0.0,0.0,GLD10928,https://registry.goldstandard.org/projects?q=gs10928
Local/Unknown,Burkina Faso,Cookstove,GS1340 - Efficient cookstoves in Burkina Faso – tiipaalga F3PA cookstoves in Center-South Protected Areas - VPA-23,Tiipaalga,0.0,0.0,GLD10927,https://registry.goldstandard.org/projects?q=gs10927
Local/Unknown,Burkina Faso,Cookstove,GS1340 - Efficient cookstoves in Burkina Faso – tiipaalga F3PA cookstoves in Center-South Protected Areas - VPA-22,Tiipaalga,8363.0,0.0,GLD10926,https://registry.goldstandard.org/projects?q=gs10926
Local/Unknown,Burkina Faso,Cookstove,GS1340 - Efficient cookstoves in Burkina Faso – tiipaalga F3PA cookstoves in Center-South Protected Areas - VPA-21,Tiipaalga,8147.0,0.0,GLD10925,https://registry.goldstandard.org/projects?q=gs10925
Local/Unknown,Burkina Faso,Cookstove,GS1340 - Efficient cookstoves in Burkina Faso – tiipaalga F3PA cookstoves in Center-South Protected Areas - VPA-20,Tiipaalga,11599.0,2559.0,GLD10924,https://registry.goldstandard.org/projects?q=gs10924
Local/Unknown,Burkina Faso,Cookstove,GS1340 - Efficient cookstoves in Burkina Faso – tiipaalga F3PA cookstoves in Center-South Protected Areas - VPA-19,Tiipaalga,17264.0,7264.0,GLD10923,https://registry.goldstandard.org/projects?q=gs10923
Local/Unknown,Burkina Faso,Cookstove,GS1340 - Efficient cookstoves in Burkina Faso – tiipaalga F3PA cookstoves in Center-South Protected Areas - VPA-18,Tiipaalga,17461.0,7461.0,GLD10922,https://registry.goldstandard.org/projects?q=gs10922
Local/Unknown,Uganda,Cookstove,Up Energy Improved Cookstoves Programme Uganda – CPA No 023,UpEnergy Group,69927.0,34543.0,GLD10921,https://registry.goldstandard.org/projects?q=gs10921
Local/Unknown,Uganda,Cookstove,Up Energy Improved Cookstoves Programme Uganda – CPA No 022,UpEnergy Group,71574.0,41129.0,GLD10920,https://registry.goldstandard.org/projects?q=gs10920
Local/Unknown,Uganda,Cookstove,Up Energy Improved Cookstoves Programme Uganda – CPA No 021,UpEnergy Group,71574.0,41407.0,GLD10919,https://registry.goldstandard.org/projects?q=gs10919
Local/Unknown,Uganda,Cookstove,Up Energy Improved Cookstoves Programme Uganda – CPA No 020,UpEnergy Group,153378.0,83627.0,GLD10918,https://registry.goldstandard.org/projects?q=gs10918
Local/Unknown,Uganda,Cookstove,Up Energy Improved Cookstoves Programme Uganda – CPA No 019,UpEnergy Group,153378.0,55905.0,GLD10917,https://registry.goldstandard.org/projects?q=gs10917
Local/Unknown,Uganda,Cookstove,Up Energy Improved Cookstoves Programme Uganda – CPA No 018,UpEnergy Group,153378.0,79333.0,GLD10916,https://registry.goldstandard.org/projects?q=gs10916
Local/Unknown,Uganda,Cookstove,Up Energy Improved Cookstoves Programme Uganda – CPA No 017,UpEnergy Group,153378.0,79333.0,GLD10915,https://registry.goldstandard.org/projects?q=gs10915
Local/Unknown,Uganda,Cookstove,Up Energy Improved Cookstoves Programme Uganda – CPA No 016,UpEnergy Group,182185.0,74634.0,GLD10914,https://registry.goldstandard.org/projects?q=gs10914
Local/Unknown,Uganda,Cookstove,Up Energy Improved Cookstoves Programme Uganda – CPA No 015,UpEnergy Group,181569.0,76670.0,GLD10913,https://registry.goldstandard.org/projects?q=gs10913
Local/Unknown,Uganda,Cookstove,Up Energy Improved Cookstoves Programme Uganda – CPA No 014   ,UpEnergy Group,181400.0,89406.0,GLD10912,https://registry.goldstandard.org/projects?q=gs10912
Local/Unknown,Uganda,Cookstove,Up Energy Improved Cookstoves Programme Uganda – CPA No 013,UpEnergy Group,182122.0,90113.0,GLD10911,https://registry.goldstandard.org/projects?q=gs10911
Local/Unknown,Uganda,Cookstove,Up Energy Improved Cookstoves Programme Uganda – CPA No 012 ,UpEnergy Group,198583.0,92688.0,GLD10910,https://registry.goldstandard.org/projects?q=gs10910
Local/Unknown,Uganda,Cookstove,Up Energy Improved Cookstoves Programme Uganda – CPA No 011,UpEnergy Group,195526.0,93821.0,GLD10909,https://registry.goldstandard.org/projects?q=gs10909
Local/Unknown,Uganda,Cookstove,Up Energy Improved Cookstoves Programme Uganda – CPA No 010,UpEnergy Group,193833.0,64323.0,GLD10908,https://registry.goldstandard.org/projects?q=gs10908
Local/Unknown,Uganda,Cookstove,Up Energy Improved Cookstoves Programme Uganda – CPA No 009,UpEnergy Group,188646.0,64151.0,GLD10907,https://registry.goldstandard.org/projects?q=gs10907
Local/Unknown,Uganda,Cookstove,Up Energy Improved Cookstoves Programme Uganda – CPA No 008,UpEnergy Group,242066.0,101675.0,GLD10906,https://registry.goldstandard.org/projects?q=gs10906
Local/Unknown,Uganda,Cookstove,Up Energy Improved Cookstoves Programme Uganda – CPA No 007,UpEnergy Group,251458.0,160551.0,GLD10905,https://registry.goldstandard.org/projects?q=gs10905
Local/Unknown,Uganda,Cookstove,Up Energy Improved Cookstoves Programme Uganda – CPA No 006,UpEnergy Group,247530.0,115093.0,GLD10904,https://registry.goldstandard.org/projects?q=gs10904
Local/Unknown,Uganda,Cookstove,Up Energy Improved Cookstoves Programme Uganda – CPA No 005,UpEnergy Group,255977.0,139477.0,GLD10903,https://registry.goldstandard.org/projects?q=gs10903
Local/Unknown,Uganda,Cookstove,Up Energy Improved Cookstoves Programme Uganda – CPA No 003,UpEnergy Group,105650.0,68526.0,GLD10901,https://registry.goldstandard.org/projects?q=gs10901
Local/Unknown,Uganda,Cookstove,Up Energy Improved Cookstoves Programme Uganda – CPA No 004 ,UpEnergy Group,119078.0,96360.0,GLD10902,https://registry.goldstandard.org/projects?q=gs10902
Local/Unknown,Uganda,Cookstove,Up Energy Improved Cookstoves Programme Uganda – CPA No 002,UpEnergy Group,99430.0,66760.0,GLD10900,https://registry.goldstandard.org/projects?q=gs10900
Local/Unknown,Uganda,Cookstove,Up Energy Improved Cookstoves Programme Uganda – CPA No 001,UpEnergy Group,14578.0,10291.0,GLD10899,https://registry.goldstandard.org/projects?q=gs10899
Local/Unknown,Uganda,Cookstove,Up Energy Improved Cookstove Programme Uganda,UpEnergy Group,0.0,0.0,GLD10898,https://registry.goldstandard.org/projects?q=gs10898
China,Rwanda,Clean Water,Rwanda Kamonyi District Clean Water Project I,Guangzhou Iceberg Environmental Consulting Services Co. Ltd.,11449.0,2827.0,GLD10897,https://registry.goldstandard.org/projects?q=gs10897
European Union,Ethiopia,Energy Efficiency,Little Sun Energy and Improved Living Programme of Activity,Carbonbay GmbH & Co. KG,0.0,0.0,GLD10896,https://registry.goldstandard.org/projects?q=gs10896
European Union,Zambia,Cookstove,“Commonland African Improved Cookstove Programme – VPA 01 (Peace Parks and Simalaha Community Conservancy)”,Commonland B.V.,187306.0,153306.0,GLD10886,https://registry.goldstandard.org/projects?q=gs10886
Local/Unknown,Kenya,Cookstove,GS10884 - KOKO Kenya - Ethanol Cookstoves Program - CPA-0001,KOKO Network limited,263951.0,84.0,GLD10885,https://registry.goldstandard.org/projects?q=gs10885
Local/Unknown,Kenya,Cookstove,KOKO Kenya - Ethanol Cookstoves Program,KOKO Network limited,0.0,0.0,GLD10884,https://registry.goldstandard.org/projects?q=gs10884
United Kingdom,Malawi,Lighting,Namene Solar Lights Distribution Programme in Malawi - VPA2 ,Namene Solar Lights Ltd.,0.0,0.0,GLD10877,https://registry.goldstandard.org/projects?q=gs10877
Local/Unknown,Zambia,Lighting,GS10875 Namene Solar Lights Distribution Programme in Southern African Countries - Zambia VPA 1 (GS 10876),NAMENE CLIMATE INVESTMENT VEHICLE LIMITED,0.0,0.0,GLD10876,https://registry.goldstandard.org/projects?q=gs10876
United Kingdom,Botswana,Lighting,Namene Solar Lights Distribution Programme in Southern African Countries,Namene Solar Lights Ltd.,0.0,0.0,GLD10875,https://registry.goldstandard.org/projects?q=gs10875
European Union,Zambia,Cookstove,Commonland African Improved Cookstove Programme,Commonland B.V.,0.0,0.0,GLD10874,https://registry.goldstandard.org/projects?q=gs10874
Local/Unknown,Ethiopia,Cookstove,GS5658 VPA 30: Improved Cookstoves for Environmental Conservation in Southern Ethiopia ,Carbonsink (Carbonsink Group S.r.l.),31836.0,24966.0,GLD10873,https://registry.goldstandard.org/projects?q=gs10873
Local/Unknown,Ethiopia,Cookstove,GS5658 VPA 29: Improved Cookstoves for Environmental Conservation in Southern Ethiopia ,Carbonsink (Carbonsink Group S.r.l.),30988.0,24875.0,GLD10872,https://registry.goldstandard.org/projects?q=gs10872
Local/Unknown,Burkina Faso,Centralized Solar,Nagreongo solar PV,AERA Group,44878.0,0.0,GLD10869,https://registry.goldstandard.org/projects?q=gs10869
United Kingdom,Ethiopia,Lighting,Namene Solar Lights Distribution Programme in Ethiopia - VPA 1,Namene Solar Lights Ltd.,0.0,0.0,GLD10868,https://registry.goldstandard.org/projects?q=gs10868
European Union,Madagascar,Renewable Energy,Implementation and operation of Food & Energy Systems in Madagascar,atmosfair gGmbH,3133.0,1893.0,GLD10832,https://registry.goldstandard.org/projects?q=gs10832
United Kingdom,Ethiopia,Lighting,Namene Solar Lights Distribution Programme in Ethiopia,Namene Solar Lights Ltd.,0.0,0.0,GLD10831,https://registry.goldstandard.org/projects?q=gs10831
European Union,Rwanda,Cookstove,GS5047 VPA52 African Improved Cookstoves and Clean Water Programme: Ibanda – Makera Forest Cook Stove Project III,Likano Project Development GmbH,14182.0,13794.0,GLD10828,https://registry.goldstandard.org/projects?q=gs10828
European Union,Rwanda,Cookstove,GS5047 VPA51 African Improved Cookstoves and Clean Water Programme: Ibanda – Makera Forest Cook Stove Project II,Likano Project Development GmbH,16532.0,16300.0,GLD10827,https://registry.goldstandard.org/projects?q=gs10827
European Union,Rwanda,Cookstove,GS5047 VPA50 African Improved Cookstoves and Clean Water Programme: Ibanda – Makera Forest Cook Stove Project I,Likano Project Development GmbH,19331.0,9784.0,GLD10826,https://registry.goldstandard.org/projects?q=gs10826
United Kingdom,Ethiopia,Clean Water,Nazava Water Filter Project in Ethiopia,Swiss Carbon Value Ltd.,0.0,0.0,GLD10824,https://registry.goldstandard.org/projects?q=gs10824
European Union,Morocco,Distributed Solar,Solar Drip Irrigation for Smallholder Farmers in Morocco,atmosfair gGmbH,5510.0,288.0,GLD10823,https://registry.goldstandard.org/projects?q=gs10823
Local/Unknown,Senegal,Centralized Solar,Grid-connected Solar PV project in Kael,AERA Group,100586.0,37775.0,GLD10809,https://registry.goldstandard.org/projects?q=gs10809
Local/Unknown,Senegal,Centralized Solar,Grid-connected Solar PV project in Kahone,AERA Group,114433.0,32173.0,GLD10808,https://registry.goldstandard.org/projects?q=gs10808
Local/Unknown,Mozambique,Energy Efficiency,GS5658 VPA 26: Promoting energy efficiency & clean cooking in Pemba,Carbonsink (Carbonsink Group S.r.l.),25741.0,4279.0,GLD10807,https://registry.goldstandard.org/projects?q=gs10807
Local/Unknown,Mozambique,Energy Efficiency,GS5658 VPA 25: Promoting energy efficiency & clean cooking in Pemba,Carbonsink (Carbonsink Group S.r.l.),31970.0,12264.0,GLD10806,https://registry.goldstandard.org/projects?q=gs10806
United Kingdom,Malawi,Borehole,GS1247 VPA 265 Improved Kitchen Regimes Multi-Country PoA - Dowa Boreholes Malawi,CO2balance UK ltd,30856.0,15112.0,GLD10805,https://registry.goldstandard.org/projects?q=gs10805
United Kingdom,Malawi,Borehole,GS1247 VPA 264 Improved Kitchen Regimes Multi-Country PoA - Dowa Boreholes Malawi,CO2balance UK ltd,33997.0,16470.0,GLD10804,https://registry.goldstandard.org/projects?q=gs10804
United Kingdom,Malawi,Borehole,GS1247 VPA 263 Improved Kitchen Regimes Multi-Country PoA - Dowa Boreholes Malawi,CO2balance UK ltd,32463.0,18183.0,GLD10803,https://registry.goldstandard.org/projects?q=gs10803
United Kingdom,Malawi,Borehole,GS1247 VPA 262 Improved Kitchen Regimes Multi-Country PoA - Dowa Boreholes Malawi,CO2balance UK ltd,32727.0,17611.0,GLD10802,https://registry.goldstandard.org/projects?q=gs10802
United Kingdom,Malawi,Borehole,GS1247 VPA 261 Improved Kitchen Regimes Multi-Country PoA - Dowa Boreholes Malawi,CO2balance UK ltd,33170.0,17301.0,GLD10801,https://registry.goldstandard.org/projects?q=gs10801
United Kingdom,Malawi,Borehole,GS1247 VPA 260 Improved Kitchen Regimes Multi-Country PoA - Dowa Boreholes Malawi,CO2balance UK ltd,34016.0,15206.0,GLD10800,https://registry.goldstandard.org/projects?q=gs10800
United Kingdom,Malawi,Borehole,GS1247 VPA 259 Improved Kitchen Regimes Multi-Country PoA - Dowa Boreholes Malawi,CO2balance UK ltd,34788.0,18494.0,GLD10799,https://registry.goldstandard.org/projects?q=gs10799
European Union,Kenya,Clean Water,Implementation and operation of water kiosks in Kenya - VPA 1,atmosfair gGmbH,1783.0,1500.0,GLD10796,https://registry.goldstandard.org/projects?q=gs10796
European Union,Kenya,Clean Water,Implementation and operation of water kiosks - PoA ,atmosfair gGmbH,0.0,0.0,GLD10795,https://registry.goldstandard.org/projects?q=gs10795
Local/Unknown,Burkina Faso,Centralized Solar,Kodeni Solar,AERA Group,74836.0,0.0,GLD10793,https://registry.goldstandard.org/projects?q=gs10793
Local/Unknown,Kenya,Cookstove,GS10789 VPA3: Efficient and Clean Cooking for households in Kenya,ECC- Talanton Trust,423242.0,103.0,GLD10792,https://registry.goldstandard.org/projects?q=gs10792
Local/Unknown,Kenya,Cookstove,GS10789 VPA2: Efficient and Clean Cooking for households in Kenya,ABLE IMPACT,1264381.0,160200.0,GLD10791,https://registry.goldstandard.org/projects?q=gs10791
Local/Unknown,Somalia,Cookstove,GS10789 VPA1: Efficient and Clean Cooking for households in Somalia,ECOA Climate Capital,2902132.0,1487223.0,GLD10790,https://registry.goldstandard.org/projects?q=gs10790
United States,Kenya,Cookstove,Clean Impact Bond,SISTEMA.BIO INC.,0.0,0.0,GLD10785,https://registry.goldstandard.org/projects?q=gs10785
Local/Unknown,Madagascar,Clean Water,GS5658 VPA 24: Water is Life Madagascar,Madaprojects Srl SB,32705.0,25719.0,GLD10784,https://registry.goldstandard.org/projects?q=gs10784
Local/Unknown,Madagascar,Clean Water,GS5658 VPA 23: Water is Life Madagascar,Madaprojects Srl SB,34678.0,27350.0,GLD10783,https://registry.goldstandard.org/projects?q=gs10783
Local/Unknown,Burkina Faso,Cookstove,GS1340 Efficient cookstoves in Burkina Faso - VPA-17 - Improved Cookstove F3PA project in Nahouri,Tiipaalga,32239.0,31678.0,GLD10781,https://registry.goldstandard.org/projects?q=gs10781
Local/Unknown,Burkina Faso,Cookstove,GS1340 Efficient cookstoves in Burkina Faso - VPA-16 - Improved Cookstove F3PA project in Nahouri,Tiipaalga,39262.0,31977.0,GLD10780,https://registry.goldstandard.org/projects?q=gs10780
Local/Unknown,Burkina Faso,Cookstove, GS1340 Efficient cookstoves in Burkina Faso - VPA-15 - Improved Cookstove F3PA project in Nahouri,Tiipaalga,39156.0,35060.0,GLD10779,https://registry.goldstandard.org/projects?q=gs10779
Local/Unknown,Burkina Faso,Cookstove,GS1340 Efficient cookstoves in Burkina Faso - VPA-14 - Improved Cookstove F3PA project in Nahouri ,Tiipaalga,39324.0,38316.0,GLD10778,https://registry.goldstandard.org/projects?q=gs10778
Local/Unknown,Mozambique,Cookstove,GS5658 VPA 22: Production and sale of efficient cookstoves in the urban areas of Maputo Province,Carbonsink (Carbonsink Group S.r.l.),15206.0,8092.0,GLD10777,https://registry.goldstandard.org/projects?q=gs10777
Local/Unknown,Mozambique,Cookstove,GS5658 VPA 21: Access to energy for local development and women's empowerment in Cabo Delgado Province Mozambique,Carbonsink (Carbonsink Group S.r.l.),6238.0,5088.0,GLD10776,https://registry.goldstandard.org/projects?q=gs10776
European Union,Rwanda,Cookstove,GS5047 VPA49 African Improved Cookstoves and Clean Water Programme: Gishwati – Mukura Forest Conservation Project III,Likano Project Development GmbH,20313.0,11656.0,GLD10742,https://registry.goldstandard.org/projects?q=gs10742
European Union,Rwanda,Cookstove,GS5047 VPA48 African Improved Cookstoves and Clean Water Programme: Gishwati – Mukura Forest Conservation Project II,Likano Project Development GmbH,21507.0,16521.0,GLD10741,https://registry.goldstandard.org/projects?q=gs10741
European Union,Rwanda,Cookstove,GS5047 VPA47 African Improved Cookstoves and Clean Water Programme: Gishwati – Mukura Forest Conservation Project I,Likano Project Development GmbH,24227.0,13417.0,GLD10740,https://registry.goldstandard.org/projects?q=gs10740
Local/Unknown,Uganda,Clean Water,WADI - Innovation for Safe Water and Climate in Uganda,myclimate Foundation,76849.0,65684.0,GLD10738,https://registry.goldstandard.org/projects?q=gs10738
United Kingdom,Ethiopia,Clean Water,GS1247 VPA 258 Northern Ethiopia Community Protected Springs,CO2balance UK ltd,14187.0,0.0,GLD10737,https://registry.goldstandard.org/projects?q=gs10737
United Kingdom,Ethiopia,Clean Water,GS1247 VPA 257 Northern Ethiopia Community Protected Springs,CO2balance UK ltd,32763.0,3829.0,GLD10736,https://registry.goldstandard.org/projects?q=gs10736
United Kingdom,Ethiopia,Clean Water,GS1247 VPA 256 Northern Ethiopia Community Safe Water,CO2balance UK ltd,27915.0,2673.0,GLD10735,https://registry.goldstandard.org/projects?q=gs10735
United Kingdom,Uganda,Borehole,GS1247 VPA 255 Kaliro Safe Water,CO2balance UK ltd,0.0,0.0,GLD10734,https://registry.goldstandard.org/projects?q=gs10734
United Kingdom,Uganda,Borehole,GS1247 VPA 254 Kaliro Safe Water,CO2balance UK ltd,0.0,0.0,GLD10733,https://registry.goldstandard.org/projects?q=gs10733
United Kingdom,Uganda,Borehole,GS1247 VPA 253 Kaliro Safe Water,CO2balance UK ltd,0.0,0.0,GLD10732,https://registry.goldstandard.org/projects?q=gs10732
United Kingdom,Uganda,Borehole,GS1247 VPA 252 Kaliro Safe Water,CO2balance UK ltd,0.0,0.0,GLD10731,https://registry.goldstandard.org/projects?q=gs10731
United Kingdom,Uganda,Borehole,GS1247 VPA 251 Kaliro Safe Water,CO2balance UK ltd,0.0,0.0,GLD10730,https://registry.goldstandard.org/projects?q=gs10730
United Kingdom,Uganda,Borehole,GS1247 VPA 250 Kaliro Safe Water,CO2balance UK ltd,0.0,0.0,GLD10729,https://registry.goldstandard.org/projects?q=gs10729
United Kingdom,Uganda,Borehole,GS1247 VPA 249 Kaliro Safe Water,CO2balance UK ltd,0.0,0.0,GLD10728,https://registry.goldstandard.org/projects?q=gs10728
United Kingdom,Uganda,Borehole,GS1247 VPA 248 Kaliro Safe Water,CO2balance UK ltd,0.0,0.0,GLD10727,https://registry.goldstandard.org/projects?q=gs10727
United Kingdom,Uganda,Borehole,GS1247 VPA 247 Kaliro Safe Water,CO2balance UK ltd,38409.0,18344.0,GLD10726,https://registry.goldstandard.org/projects?q=gs10726
United Kingdom,Uganda,Borehole,GS1247 VPA 246 Kaliro Safe Water,CO2balance UK ltd,39196.0,19968.0,GLD10725,https://registry.goldstandard.org/projects?q=gs10725
European Union,Tanzania,Clean Water,Zaidi Bomba Maji Arusha,Anthesis B.V.,25788.0,2959.0,GLD10718,https://registry.goldstandard.org/projects?q=gs10718
European Union,Tanzania,Clean Water,Increased and improved access to safe drinking water in developing countries,Anthesis B.V.,0.0,0.0,GLD10715,https://registry.goldstandard.org/projects?q=gs10715
United Kingdom,Mozambique,Borehole,GS1247 VPA 245 Improved Kitchen Regimes Manica Province Safe Water (Mozambique) ,CO2balance UK ltd,0.0,0.0,GLD10714,https://registry.goldstandard.org/projects?q=gs10714
Local/Unknown,Mozambique,Cookstove, GS5562 VPA3: Efficient and Clean Cooking for Mozambican Low-Income Households ,Mozambique Carbon Initiative LDA,0.0,0.0,GLD10713,https://registry.goldstandard.org/projects?q=gs10713
Local/Unknown,Togo,Cookstove,MIVO Energie - Enabling LPG access for cooking in Togo,Entrepreneurs du Monde,197547.0,36171.0,GLD10712,https://registry.goldstandard.org/projects?q=gs10712
Local/Unknown,Mozambique,Cookstove,GS5562 VPA 2: Efficient and Clean Cooking for Mozambican Low-Income Households,Mozambique Carbon Initiative LDA,0.0,0.0,GLD10711,https://registry.goldstandard.org/projects?q=gs10711
United Kingdom,Zimbabwe,Borehole,GS1247 VPA 244 Manicaland Safe Water,CO2balance UK ltd,0.0,0.0,GLD10677,https://registry.goldstandard.org/projects?q=gs10677
United Kingdom,Zimbabwe,Borehole,GS1247 VPA 243 Manicaland Safe Water,CO2balance UK ltd,0.0,0.0,GLD10676,https://registry.goldstandard.org/projects?q=gs10676
United Kingdom,Zimbabwe,Borehole,GS1247 VPA 242 Manicaland Safe Water,CO2balance UK ltd,0.0,0.0,GLD10675,https://registry.goldstandard.org/projects?q=gs10675
United Kingdom,Zimbabwe,Borehole,GS1247 VPA 241 Manicaland Safe Water,CO2balance UK ltd,0.0,0.0,GLD10674,https://registry.goldstandard.org/projects?q=gs10674
United Kingdom,Sierra Leone,Borehole,GS1247 VPA 240 Sierra Leone Safe Water ,CO2balance UK ltd,0.0,0.0,GLD10672,https://registry.goldstandard.org/projects?q=gs10672
United Kingdom,Sierra Leone,Borehole,GS1247 VPA 239 Sierra Leone Safe Water,CO2balance UK ltd,0.0,0.0,GLD10671,https://registry.goldstandard.org/projects?q=gs10671
United Kingdom,Sierra Leone,Borehole,GS1247 VPA 238 Sierra Leone Safe Water,CO2balance UK ltd,0.0,0.0,GLD10670,https://registry.goldstandard.org/projects?q=gs10670
United Kingdom,Sierra Leone,Borehole,GS1247 VPA 237 Sierra Leone Safe Water ,CO2balance UK ltd,0.0,0.0,GLD10669,https://registry.goldstandard.org/projects?q=gs10669
United Kingdom,Sierra Leone,Borehole,GS1247 VPA 236 Sierra Leone Safe Water ,CO2balance UK ltd,0.0,0.0,GLD10668,https://registry.goldstandard.org/projects?q=gs10668
United Kingdom,Sierra Leone,Borehole,GS1247 VPA 235 Sierra Leone Safe Water ,CO2balance UK ltd,0.0,0.0,GLD10667,https://registry.goldstandard.org/projects?q=gs10667
United Kingdom,Sierra Leone,Borehole,GS1247 VPA 234 Sierra Leone Safe Water ,CO2balance UK ltd,0.0,0.0,GLD10666,https://registry.goldstandard.org/projects?q=gs10666
United Kingdom,Sierra Leone,Borehole,GS1247 VPA 233 Sierra Leone Safe Water,CO2balance UK ltd,6532.0,2986.0,GLD10665,https://registry.goldstandard.org/projects?q=gs10665
United Kingdom,Sierra Leone,Borehole,GS1247 VPA 232 Sierra Leone Safe Water,CO2balance UK ltd,8233.0,1844.0,GLD10664,https://registry.goldstandard.org/projects?q=gs10664
United Kingdom,Sierra Leone,Borehole,GS1247 VPA 231 Sierra Leone Safe Water ,CO2balance UK ltd,9498.0,5600.0,GLD10663,https://registry.goldstandard.org/projects?q=gs10663
Local/Unknown,Madagascar,Clean Water,GS5658 VPA 18: Water is Life Madagascar  ,Madaprojects Srl SB,42780.0,32905.0,GLD10659,https://registry.goldstandard.org/projects?q=gs10659
Local/Unknown,Madagascar,Clean Water,GS5658 VPA 17: Water is Life Madagascar  ,Madaprojects Srl SB,34387.0,26818.0,GLD10658,https://registry.goldstandard.org/projects?q=gs10658
Local/Unknown,Madagascar,Clean Water,GS5658 VPA 16: Water is Life Madagascar  ,Madaprojects Srl SB,42819.0,35223.0,GLD10657,https://registry.goldstandard.org/projects?q=gs10657
Local/Unknown,Namibia,Lighting,Namene Solar Light Company: Replacing Kerosene lights and paraffin candles by solar lights in Namibia ,NAMENE CLIMATE INVESTMENT VEHICLE LIMITED,11664.0,0.0,GLD7784,https://registry.goldstandard.org/projects?q=gs7784
European Union,Egypt,Wind,West Bakr Wind Farm Project,First Climate Markets GmbH,1405234.0,382840.0,GLD7739,https://registry.goldstandard.org/projects?q=gs7739
Switzerland,Kenya,Lighting,GS5304 MKOPA Solar Lighting Programme of Activities - Kenya VPA 6 by Natural Capital Partners by Natural Capital Partners ,Climate Impact Partners Limited,0.0,0.0,GLD7732,https://registry.goldstandard.org/projects?q=gs7732
Switzerland,Kenya,Lighting,GS5304 MKOPA Solar Lighting Programme of Activities - Kenya VPA 5 by Natural Capital Partners,Climate Impact Partners Limited,80518.0,24041.0,GLD7731,https://registry.goldstandard.org/projects?q=gs7731
United Kingdom,Kenya,Borehole,GS1366 VPA 52 Coastal Kenya Borehole Rehabilitation Project,CO2balance UK ltd,0.0,0.0,GLD7716,https://registry.goldstandard.org/projects?q=gs7716
United Kingdom,Kenya,Borehole,GS1366 VPA 51 Coastal Kenya Borehole Rehabilitation Project,CO2balance UK ltd,0.0,0.0,GLD7715,https://registry.goldstandard.org/projects?q=gs7715
United Kingdom,Kenya,Borehole,GS1366 VPA 50 Coastal Kenya Borehole Rehabilitation Project,CO2balance UK ltd,0.0,0.0,GLD7714,https://registry.goldstandard.org/projects?q=gs7714
United Kingdom,Kenya,Borehole,GS1366 VPA 49 Coastal Kenya Borehole Rehabilitation Project,CO2balance UK ltd,0.0,0.0,GLD7713,https://registry.goldstandard.org/projects?q=gs7713
United Kingdom,Kenya,Borehole,GS1366 VPA 48 Coastal Kenya Borehole Rehabilitation Project,CO2balance UK ltd,0.0,0.0,GLD7712,https://registry.goldstandard.org/projects?q=gs7712
United Kingdom,Kenya,Borehole,GS1366 VPA 47 Coastal Kenya Borehole Rehabilitation Project,CO2balance UK ltd,0.0,0.0,GLD7711,https://registry.goldstandard.org/projects?q=gs7711
United Kingdom,Kenya,Borehole,GS1366 VPA 46 Coastal Kenya Borehole Rehabilitation Project,CO2balance UK ltd,0.0,0.0,GLD7710,https://registry.goldstandard.org/projects?q=gs7710
United Kingdom,Kenya,Borehole,GS1366 VPA 45 Coastal Kenya Borehole Rehabilitation Project,CO2balance UK ltd,0.0,0.0,GLD7709,https://registry.goldstandard.org/projects?q=gs7709
United Kingdom,Kenya,Borehole,GS1366 VPA 44 Coastal Kenya Borehole Rehabilitation Project,CO2balance UK ltd,0.0,0.0,GLD7708,https://registry.goldstandard.org/projects?q=gs7708
United Kingdom,Kenya,Borehole,GS1366 VPA 43 Coastal Kenya Borehole Rehabilitation Project,CO2balance UK ltd,0.0,0.0,GLD7707,https://registry.goldstandard.org/projects?q=gs7707
United Kingdom,Kenya,Borehole,GS1366 VPA 42 Coastal Kenya Borehole Rehabilitation Project,CO2balance UK ltd,0.0,0.0,GLD7706,https://registry.goldstandard.org/projects?q=gs7706
United Kingdom,Kenya,Borehole,GS1366 VPA 41 Coastal Kenya Borehole Rehabilitation Project,CO2balance UK ltd,0.0,0.0,GLD7705,https://registry.goldstandard.org/projects?q=gs7705
United Kingdom,Kenya,Borehole,GS1366 VPA 40 Coastal Kenya Borehole Rehabilitation Project,CO2balance UK ltd,0.0,0.0,GLD7704,https://registry.goldstandard.org/projects?q=gs7704
United Kingdom,Kenya,Borehole,GS1366 VPA 39 Coastal Kenya Borehole Rehabilitation Project,CO2balance UK ltd,0.0,0.0,GLD7703,https://registry.goldstandard.org/projects?q=gs7703
United Kingdom,Kenya,Borehole,GS1366 VPA 38 Coastal Kenya Borehole Rehabilitation Project,CO2balance UK ltd,0.0,0.0,GLD7702,https://registry.goldstandard.org/projects?q=gs7702
United Kingdom,Kenya,Borehole,GS1366 VPA 37 Coastal Kenya Borehole Rehabilitation Project,CO2balance UK ltd,0.0,0.0,GLD7701,https://registry.goldstandard.org/projects?q=gs7701
United Kingdom,Kenya,Borehole,GS1366 VPA 36 Coastal Kenya Borehole Rehabilitation Project,CO2balance UK ltd,0.0,0.0,GLD7700,https://registry.goldstandard.org/projects?q=gs7700
United Kingdom,Kenya,Borehole,GS1366 VPA 35 Coastal Kenya Borehole Rehabilitation Project,CO2balance UK ltd,0.0,0.0,GLD7699,https://registry.goldstandard.org/projects?q=gs7699
United Kingdom,Kenya,Borehole,GS1366 VPA 34 Coastal Kenya Borehole Rehabilitation Project,CO2balance UK ltd,0.0,0.0,GLD7698,https://registry.goldstandard.org/projects?q=gs7698
United Kingdom,Kenya,Borehole,GS1366 VPA 33 Coastal Kenya Borehole Rehabilitation Project,CO2balance UK ltd,0.0,0.0,GLD7697,https://registry.goldstandard.org/projects?q=gs7697
United Kingdom,Kenya,Borehole,GS1366 VPA 32 Coastal Kenya Borehole Rehabilitation Project,CO2balance UK ltd,0.0,0.0,GLD7696,https://registry.goldstandard.org/projects?q=gs7696
United Kingdom,Kenya,Borehole,GS1366 VPA 31 Coastal Kenya Borehole Rehabilitation Project,CO2balance UK ltd,0.0,0.0,GLD7695,https://registry.goldstandard.org/projects?q=gs7695
United Kingdom,Kenya,Borehole,GS1366 VPA 30 Coastal Kenya Borehole Rehabilitation Project,CO2balance UK ltd,0.0,0.0,GLD7694,https://registry.goldstandard.org/projects?q=gs7694
United Kingdom,Kenya,Borehole,GS1366 VPA 29 Coastal Kenya Borehole Rehabilitation Project,CO2balance UK ltd,0.0,0.0,GLD7693,https://registry.goldstandard.org/projects?q=gs7693
United Kingdom,Kenya,Borehole,VPA 28 Coastal Kenya Borehole Rehabilitation Project,CO2balance UK ltd,123522.0,43591.0,GLD7692,https://registry.goldstandard.org/projects?q=gs7692
United Kingdom,Zambia,Clean Water,GS7591 VPA 36 Zambian Central Province Safe Water,CO2balance UK ltd,80750.0,0.0,GLD7691,https://registry.goldstandard.org/projects?q=gs7691
United Kingdom,Zambia,Clean Water,GS7591 VPA 35 Zambian Central Province Safe Water,CO2balance UK ltd,101376.0,687.0,GLD7690,https://registry.goldstandard.org/projects?q=gs7690
United Kingdom,Zambia,Clean Water,GS7591 VPA 34 Zambian Central Province Safe Water,CO2balance UK ltd,157419.0,15876.0,GLD7689,https://registry.goldstandard.org/projects?q=gs7689
United Kingdom,Zambia,Clean Water,GS7591 VPA 32 Zambian Central Province Safe Water,CO2balance UK ltd,225830.0,143541.0,GLD7687,https://registry.goldstandard.org/projects?q=gs7687
United Kingdom,Zambia,Clean Water,GS7591 VPA 33 Zambian Central Province Safe Water,CO2balance UK ltd,192197.0,114126.0,GLD7688,https://registry.goldstandard.org/projects?q=gs7688
Local/Unknown,Uganda,Clean Water,GS1247 VPA 223 Central and Western Uganda Safe Water Project,Quark,0.0,0.0,GLD7675,https://registry.goldstandard.org/projects?q=gs7675
Local/Unknown,Uganda,Clean Water,GS1247 VPA 222 Central and Western Uganda Safe Water Project,Quark,0.0,0.0,GLD7674,https://registry.goldstandard.org/projects?q=gs7674
Local/Unknown,Uganda,Clean Water,GS1247 VPA 221 Central and Western Uganda Safe Water Project,Quark,0.0,0.0,GLD7673,https://registry.goldstandard.org/projects?q=gs7673
United Kingdom,Uganda,Clean Water,GS1247 VPA 220 Central and Western Uganda Safe Water Project,CO2balance UK ltd,24092.0,5733.0,GLD7672,https://registry.goldstandard.org/projects?q=gs7672
United Kingdom,Uganda,Clean Water,GS1247 VPA 219 Central and Western Uganda Safe Water Project,CO2balance UK ltd,25610.0,9302.0,GLD7671,https://registry.goldstandard.org/projects?q=gs7671
United Kingdom,Mozambique,Clean Water,GS7591 VPA 31 Central Mozambique Safe Water Programme,CO2balance UK ltd,76211.0,32583.0,GLD7651,https://registry.goldstandard.org/projects?q=gs7651
United Kingdom,Mozambique,Clean Water,GS7591 VPA 30 Central Mozambique Safe Water Programme,CO2balance UK ltd,95450.0,94034.0,GLD7650,https://registry.goldstandard.org/projects?q=gs7650
United Kingdom,Mozambique,Clean Water,GS7591 VPA 29 Central Mozambique Safe Water Programme,CO2balance UK ltd,107251.0,105835.0,GLD7649,https://registry.goldstandard.org/projects?q=gs7649
United Kingdom,Mozambique,Clean Water,GS7591 VPA 28 Central Mozambique Safe Water Programme,CO2balance UK ltd,120062.0,118646.0,GLD7648,https://registry.goldstandard.org/projects?q=gs7648
United Kingdom,Mozambique,Clean Water,GS7591 VPA 27 Central Mozambique Safe Water Programme,CO2balance UK ltd,132883.0,106303.0,GLD7647,https://registry.goldstandard.org/projects?q=gs7647
United Kingdom,Mozambique,Clean Water,GS7591 VPA 26 Central Mozambique Safe Water Programme,CO2balance UK ltd,143577.0,121821.0,GLD7646,https://registry.goldstandard.org/projects?q=gs7646
United Kingdom,Mozambique,Clean Water,GS7591 VPA 25 Central Mozambique Safe Water Programme,CO2balance UK ltd,147881.0,96156.0,GLD7645,https://registry.goldstandard.org/projects?q=gs7645
United Kingdom,Mozambique,Clean Water,GS7591 VPA 24 Central Mozambique Safe Water Programme,CO2balance UK ltd,199924.0,125581.0,GLD7644,https://registry.goldstandard.org/projects?q=gs7644
United Kingdom,Mozambique,Clean Water,GS7591 VPA 23 Central Mozambique Safe Water Programme,CO2balance UK ltd,225602.0,140595.0,GLD7643,https://registry.goldstandard.org/projects?q=gs7643
United Kingdom,Mozambique,Clean Water,GS7591 VPA 22 Central Mozambique Safe Water Programme,CO2balance UK ltd,236401.0,162470.0,GLD7642,https://registry.goldstandard.org/projects?q=gs7642
United Kingdom,Mozambique,Clean Water,GS7591 VPA 21 Central Mozambique Safe Water Programme,CO2balance UK ltd,245653.0,204103.0,GLD7641,https://registry.goldstandard.org/projects?q=gs7641
United Kingdom,Mozambique,Clean Water,GS7591 VPA 20 Central Mozambique Safe Water Programme,CO2balance UK ltd,244147.0,155146.0,GLD7640,https://registry.goldstandard.org/projects?q=gs7640
United Kingdom,Mozambique,Clean Water,GS7591 VPA 19 Central Mozambique Safe Water Programme,CO2balance UK ltd,261632.0,233932.0,GLD7639,https://registry.goldstandard.org/projects?q=gs7639
United Kingdom,Mozambique,Clean Water,GS7591 VPA 18 Central Mozambique Safe Water Programme,CO2balance UK ltd,271694.0,228033.0,GLD7638,https://registry.goldstandard.org/projects?q=gs7638
United Kingdom,Mozambique,Clean Water,GS7591 VPA 17 Central Mozambique Safe Water Programme,CO2balance UK ltd,272134.0,174920.0,GLD7637,https://registry.goldstandard.org/projects?q=gs7637
European Union,Madagascar,Distributed Solar,Rural electrification program Madagascar,atmosfair gGmbH,1099.0,100.0,GLD7623,https://registry.goldstandard.org/projects?q=gs7623
Local/Unknown,Senegal,Electric Vehicle,EcoCar Solaire,myclimate Foundation,0.0,0.0,GLD7608,https://registry.goldstandard.org/projects?q=gs7608
United Kingdom,Uganda,Clean Water,GS7591 VPA 16 Northern Uganda Safe Water Project ,CO2balance UK ltd,0.0,0.0,GLD7601,https://registry.goldstandard.org/projects?q=gs7601
United Kingdom,Uganda,Clean Water,GS7591 VPA 15 Northern Uganda Safe Water Project ,CO2balance UK ltd,0.0,0.0,GLD7600,https://registry.goldstandard.org/projects?q=gs7600
United Kingdom,Uganda,Clean Water,GS7591 VPA 14 Northern Uganda Safe Water Project ,CO2balance UK ltd,0.0,0.0,GLD7599,https://registry.goldstandard.org/projects?q=gs7599
United Kingdom,Uganda,Clean Water,GS7591 VPA 13 Northern Uganda Safe Water Project ,CO2balance UK ltd,0.0,0.0,GLD7598,https://registry.goldstandard.org/projects?q=gs7598
United Kingdom,Uganda,Clean Water,GS7591 VPA 12 Northern Uganda Safe Water Project ,CO2balance UK ltd,0.0,0.0,GLD7597,https://registry.goldstandard.org/projects?q=gs7597
United Kingdom,Uganda,Clean Water,GS7591 VPA 11 Northern Uganda Safe Water Project,CO2balance UK ltd,56616.0,27407.0,GLD7596,https://registry.goldstandard.org/projects?q=gs7596
United Kingdom,Uganda,Clean Water,GS7591 VPA 10 Northern Uganda Safe Water Project,CO2balance UK ltd,87789.0,37370.0,GLD7595,https://registry.goldstandard.org/projects?q=gs7595
United Kingdom,Uganda,Clean Water,GS7591 VPA 9 Northern Uganda Safe Water Project,CO2balance UK ltd,153490.0,72457.0,GLD7594,https://registry.goldstandard.org/projects?q=gs7594
United Kingdom,Uganda,Clean Water,GS7591 VPA 8 Northern Uganda Safe Water Project,CO2balance UK ltd,202161.0,95507.0,GLD7593,https://registry.goldstandard.org/projects?q=gs7593
United Kingdom,Uganda,Clean Water,GS7591 VPA 7 Northern Uganda Safe Water Project,CO2balance UK ltd,238544.0,143428.0,GLD7592,https://registry.goldstandard.org/projects?q=gs7592
United Kingdom,Kenya,Energy Efficiency,International Programme for Safe Water Access and Efficient Cookstoves ,CO2balance UK ltd,0.0,0.0,GLD7591,https://registry.goldstandard.org/projects?q=gs7591
United States,Kenya,Methane Biodigester,Household and commercial biogas plants in Kenya,SISTEMA.BIO INC.,70224.0,60967.0,GLD7587,https://registry.goldstandard.org/projects?q=gs7587
United Kingdom,Gambia,Clean Water,GS1247 VPA 225 The Gambia Safe Water,CO2balance UK ltd,21730.0,10045.0,GLD7581,https://registry.goldstandard.org/projects?q=gs7581
United Kingdom,Gambia,Clean Water,GS1247 VPA 226 The Gambia Safe Water,CO2balance UK ltd,19193.0,10286.0,GLD7582,https://registry.goldstandard.org/projects?q=gs7582
United Kingdom,Gambia,Clean Water,GS1247 VPA 227 The Gambia Safe Water,CO2balance UK ltd,18159.0,11987.0,GLD7583,https://registry.goldstandard.org/projects?q=gs7583
United Kingdom,Gambia,Clean Water,GS1247 VPA 228 The Gambia Safe Water,CO2balance UK ltd,18900.0,12948.0,GLD7584,https://registry.goldstandard.org/projects?q=gs7584
United Kingdom,Gambia,Clean Water,GS1247 VPA 229 The Gambia Safe Water,CO2balance UK ltd,19252.0,13439.0,GLD7585,https://registry.goldstandard.org/projects?q=gs7585
United Kingdom,Gambia,Clean Water,GS1247 VPA 230 The Gambia Safe Water,CO2balance UK ltd,0.0,0.0,GLD7586,https://registry.goldstandard.org/projects?q=gs7586
United Kingdom,Gambia,Clean Water,GS1247 VPA 224 - The Gambia Safe Water,CO2balance UK ltd,20594.0,10827.0,GLD7580,https://registry.goldstandard.org/projects?q=gs7580
United States,Mozambique,Cookstove,Garner Mozambique - BioEthanol Cookstoves Project CPA1,Garner Advisors LLC,0.0,0.0,GLD7578,https://registry.goldstandard.org/projects?q=gs7578
United States,Mozambique,Cookstove,The Garner Sustainable Biomass and Renewable Energy Programme ,Garner Advisors LLC,0.0,0.0,GLD7577,https://registry.goldstandard.org/projects?q=gs7577
European Union,Madagascar,Centralized Solar,Toliara PV Plant,atmosfair gGmbH,9832.0,280.0,GLD7574,https://registry.goldstandard.org/projects?q=gs7574
United States,Uganda,Clean Water,VPA - Spouts-5 by Believe Green LLC,Believe Green LLC,19515.0,19411.0,GLD7571,https://registry.goldstandard.org/projects?q=gs7571
United States,Uganda,Clean Water,Spouts-4 by Believegreen LLC,Believe Green LLC,19515.0,19515.0,GLD7570,https://registry.goldstandard.org/projects?q=gs7570
Local/Unknown,Kenya,Energy Efficiency,PoA for the Reduction of Emission from Non-Renewable Fuel from Cooking at Household Level,ClimateCare Limited,0.0,0.0,GLD7569,https://registry.goldstandard.org/projects?q=gs7569
Local/Unknown,Madagascar,Clean Water,GS5658 VPA 13: Water is Life Madagascar,Madaprojects Srl SB,30812.0,23886.0,GLD7567,https://registry.goldstandard.org/projects?q=gs7567
Local/Unknown,Madagascar,Clean Water,Water is Life Madagascar ,Madaprojects Srl SB,42480.0,33332.0,GLD7566,https://registry.goldstandard.org/projects?q=gs7566
United Kingdom,Kenya,Borehole,GS1366 VPA 27 Kilifi Borehole Rehabilitation Project ,CO2balance UK ltd,0.0,0.0,GLD7562,https://registry.goldstandard.org/projects?q=gs7562
United Kingdom,Kenya,Borehole,GS7591 VPA 4 Central Kenya Borehole Rehabilitation Project,CO2balance UK ltd,0.0,0.0,GLD7560,https://registry.goldstandard.org/projects?q=gs7560
United Kingdom,Kenya,Borehole,GS7591 VPA 3 Central Kenya Borehole Rehabilitation Project,CO2balance UK ltd,0.0,0.0,GLD7559,https://registry.goldstandard.org/projects?q=gs7559
United Kingdom,Kenya,Borehole,GS7591 VPA 2 Rift Valley Safe Water Project,CO2balance UK ltd,0.0,0.0,GLD7558,https://registry.goldstandard.org/projects?q=gs7558
United Kingdom,Kenya,Borehole,GS7591 VPA 1 Western Kenya Borehole Rehabilitation Project,CO2balance UK ltd,160358.0,40949.0,GLD7557,https://registry.goldstandard.org/projects?q=gs7557
Local/Unknown,Ethiopia,Cookstove,GS5658 VPA 12: Improved Cookstoves for Environmental Conservation in Southern Ethiopia,Carbonsink (Carbonsink Group S.r.l.),35146.0,34494.0,GLD7556,https://registry.goldstandard.org/projects?q=gs7556
Local/Unknown,Morocco,Wind,Jbel Sendouq-Khalladi (“Khalladi”) wind farm project in Morocco (GS5073 CER to VER conversion),ACWA Khalladi,34439.0,34402.0,GLD10309,https://registry.goldstandard.org/projects?q=gs10309
European Union,Zambia,Cookstove,GS5047 VPA43 African Improved Cookstoves and Clean Water Programme: Lusaka Clean Cooking Project IV,Likano Project Development GmbH,0.0,0.0,GLD7543,https://registry.goldstandard.org/projects?q=gs7543
European Union,Uganda,Cookstove,GS5047 VPA46 African Improved Cookstoves and Clean Water Programme: Albertine Rift Wildlife Corridor Cook Stove Project II,Likano Project Development GmbH,0.0,0.0,GLD7542,https://registry.goldstandard.org/projects?q=gs7542
European Union,Uganda,Cookstove,GS5047 VPA45 African Improved Cookstoves and Clean Water Programme: Albertine Rift Wildlife Corridor Cook Stove Project II,Likano Project Development GmbH,7518.0,6998.0,GLD7541,https://registry.goldstandard.org/projects?q=gs7541
European Union,Uganda,Cookstove,GS5047 VPA44 African Improved Cookstoves and Clean Water Programme: Albertine Rift Wildlife Corridor Cook Stove Project I,Likano Project Development GmbH,12072.0,8702.0,GLD7540,https://registry.goldstandard.org/projects?q=gs7540
Switzerland,Malawi,Brick Manufacturing,Durabric Bricks Project by 14Trees in Malawi: VPA (01),Climate Impact Partners Limited,18210.0,18201.0,GLD7531,https://registry.goldstandard.org/projects?q=gs7531
Switzerland,Malawi,Brick Manufacturing,PoA for DURABRIC Bricks Project by 14Trees ,Climate Impact Partners Limited,0.0,0.0,GLD7530,https://registry.goldstandard.org/projects?q=gs7530
Local/Unknown,Mozambique,Cookstove,GS5658 VPA 11: Promoting energy efficiency & clean cooking in Pemba,Carbonsink (Carbonsink Group S.r.l.),37164.0,6404.0,GLD7524,https://registry.goldstandard.org/projects?q=gs7524
United Kingdom,Kenya,Borehole,GS1366 VPA 26 Kilifi Borehole Rehabilitation Project ,CO2balance UK ltd,0.0,0.0,GLD7523,https://registry.goldstandard.org/projects?q=gs7523
United Kingdom,Kenya,Borehole,GS1366 VPA 25 Kilifi Borehole Rehabilitation Project ,CO2balance UK ltd,0.0,0.0,GLD7522,https://registry.goldstandard.org/projects?q=gs7522
United Kingdom,Kenya,Borehole,GS1366 VPA 24 Kilifi Borehole Rehabilitation Project ,CO2balance UK ltd,0.0,0.0,GLD7521,https://registry.goldstandard.org/projects?q=gs7521
United Kingdom,Kenya,Borehole,GS1366 VPA 23 Kilifi Borehole Rehabilitation Project ,CO2balance UK ltd,0.0,0.0,GLD7520,https://registry.goldstandard.org/projects?q=gs7520
United Kingdom,Kenya,Borehole,GS1366 VPA 22 Kilifi Borehole Rehabilitation Project ,CO2balance UK ltd,0.0,0.0,GLD7519,https://registry.goldstandard.org/projects?q=gs7519
United Kingdom,Kenya,Borehole,GS1366 VPA 21 Kilifi Borehole Rehabilitation Project ,CO2balance UK ltd,0.0,0.0,GLD7518,https://registry.goldstandard.org/projects?q=gs7518
United Kingdom,Kenya,Borehole,GS1366 VPA 20 Kilifi Borehole Rehabilitation Project ,CO2balance UK ltd,0.0,0.0,GLD7517,https://registry.goldstandard.org/projects?q=gs7517
United Kingdom,Kenya,Borehole,GS1366 VPA 19 Kilifi Borehole Rehabilitation Project ,CO2balance UK ltd,0.0,0.0,GLD7516,https://registry.goldstandard.org/projects?q=gs7516
United Kingdom,Kenya,Borehole,GS1366 VPA 18 Kilifi Borehole Rehabilitation Project ,CO2balance UK ltd,0.0,0.0,GLD7515,https://registry.goldstandard.org/projects?q=gs7515
United Kingdom,Kenya,Borehole,GS1366 VPA 17 Kilifi Borehole Rehabilitation Project ,CO2balance UK ltd,0.0,0.0,GLD7514,https://registry.goldstandard.org/projects?q=gs7514
United Kingdom,Kenya,Borehole,VPA 16 Kilifi Borehole Rehabilitation Project ,CO2balance UK ltd,47502.0,18544.0,GLD7513,https://registry.goldstandard.org/projects?q=gs7513
Australia,Ethiopia,Afforestation + Reforestation,Humbo Ethiopia Assisted Natural Regeneration Project ,World Vision Australia,240371.0,226799.0,GLD10220,https://registry.goldstandard.org/projects?q=gs10220
Local/Unknown,Kenya,Methane Biodigester,CPA-KE-009 KENYA  ,ClimateCare Limited,133785.0,0.0,GLD7505,https://registry.goldstandard.org/projects?q=gs7505
Local/Unknown,Kenya,Methane Biodigester,CPA-KE-008 KISUMU ,ClimateCare Limited,37959.0,0.0,GLD7504,https://registry.goldstandard.org/projects?q=gs7504
European Union,Zambia,Cookstove,GS5047 VPA40 African Improved Cookstoves and Clean Water Programme: Lusaka Clean Cooking Project I,Likano Project Development GmbH,0.0,0.0,GLD7501,https://registry.goldstandard.org/projects?q=gs7501
European Union,Zambia,Cookstove,GS5047 VPA42 African Improved Cookstoves and Clean Water Programme: Lusaka Clean Cooking Project III,Likano Project Development GmbH,0.0,0.0,GLD7500,https://registry.goldstandard.org/projects?q=gs7500
European Union,Zambia,Cookstove,GS5047 VPA41 African Improved Cookstoves and Clean Water Programme: Lusaka Clean Cooking Project II,Likano Project Development GmbH,0.0,0.0,GLD7499,https://registry.goldstandard.org/projects?q=gs7499
Local/Unknown,Kenya,Methane Biodigester,CPA-KE-001 KIBERA,ClimateCare Limited,51227.0,0.0,GLD7498,https://registry.goldstandard.org/projects?q=gs7498
France,Kenya,Cookstove,Hifadhi-Livelihoods Improved Cookstove Project in Tharaka Nithi County Kenya,Livelihoods Fund SICAV SIF,455555.0,193812.0,GLD7495,https://registry.goldstandard.org/projects?q=gs7495
United Kingdom,Zimbabwe,Clean Water,GS1247 VPA 218 Manicaland Safe Water,CO2balance UK ltd,0.0,0.0,GLD7490,https://registry.goldstandard.org/projects?q=gs7490
United Kingdom,Zimbabwe,Clean Water,GS1247 VPA 217 Manicaland Safe Water,CO2balance UK ltd,0.0,0.0,GLD7489,https://registry.goldstandard.org/projects?q=gs7489
United Kingdom,Zimbabwe,Clean Water,GS1247 VPA 216 Manicaland Safe Water,CO2balance UK ltd,0.0,0.0,GLD7488,https://registry.goldstandard.org/projects?q=gs7488
United Kingdom,Zimbabwe,Clean Water,GS1247 VPA 215 Manicaland Safe Water,CO2balance UK ltd,0.0,0.0,GLD7487,https://registry.goldstandard.org/projects?q=gs7487
United Kingdom,Zimbabwe,Clean Water,GS1247 VPA 214 Manicaland Safe Water,CO2balance UK ltd,0.0,0.0,GLD7486,https://registry.goldstandard.org/projects?q=gs7486
United Kingdom,Zimbabwe,Clean Water,GS1247 VPA 213 Manicaland Safe Water,CO2balance UK ltd,0.0,0.0,GLD7485,https://registry.goldstandard.org/projects?q=gs7485
United Kingdom,Sierra Leone,Clean Water,GS1247 VPA 212 Sierra Leone Safe Water,CO2balance UK ltd,22918.0,18715.0,GLD7484,https://registry.goldstandard.org/projects?q=gs7484
United Kingdom,Sierra Leone,Clean Water,GS1247 VPA 211 Sierra Leone Safe Water,CO2balance UK ltd,22815.0,15781.0,GLD7483,https://registry.goldstandard.org/projects?q=gs7483
United Kingdom,Sierra Leone,Clean Water,GS1247 VPA 210 Sierra Leone Safe Water,CO2balance UK ltd,23446.0,16180.0,GLD7482,https://registry.goldstandard.org/projects?q=gs7482
United Kingdom,Sierra Leone,Clean Water,GS1247 VPA 209 Sierra Leone Safe Water,CO2balance UK ltd,21293.0,11510.0,GLD7481,https://registry.goldstandard.org/projects?q=gs7481
United Kingdom,Sierra Leone,Clean Water,GS1247 VPA 208 Sierra Leone Safe Water,CO2balance UK ltd,22100.0,16064.0,GLD7480,https://registry.goldstandard.org/projects?q=gs7480
United Kingdom,Sierra Leone,Clean Water,GS1247 VPA 207 Sierra Leone Safe Water,CO2balance UK ltd,23473.0,16905.0,GLD7479,https://registry.goldstandard.org/projects?q=gs7479
United Kingdom,Sierra Leone,Clean Water,GS1247 VPA 206 Sierra Leone Safe Water,CO2balance UK ltd,22562.0,15543.0,GLD7478,https://registry.goldstandard.org/projects?q=gs7478
United Kingdom,Sierra Leone,Clean Water,GS1247 VPA 205 Sierra Leone Safe Water,CO2balance UK ltd,24166.0,18617.0,GLD7477,https://registry.goldstandard.org/projects?q=gs7477
United Kingdom,Sierra Leone,Clean Water,GS1247 VPA 204 Sierra Leone Safe Water,CO2balance UK ltd,25143.0,20097.0,GLD7476,https://registry.goldstandard.org/projects?q=gs7476
United Kingdom,Sierra Leone,Clean Water,GS1247 VPA 203 Sierra Leone Safe Water,CO2balance UK ltd,24486.0,20924.0,GLD7475,https://registry.goldstandard.org/projects?q=gs7475
United Kingdom,Mozambique,Borehole,GS1247 VPA 202 Improved Kitchen Regimes Manica Province Safe Water (Mozambique),CO2balance UK ltd,38223.0,19885.0,GLD7474,https://registry.goldstandard.org/projects?q=gs7474
United Kingdom,Mozambique,Borehole,GS1247 VPA 201 Improved Kitchen Regimes Manica Province Safe Water (Mozambique),CO2balance UK ltd,34944.0,13249.0,GLD7473,https://registry.goldstandard.org/projects?q=gs7473
United Kingdom,Mozambique,Borehole,GS1247 VPA 200 Improved Kitchen Regimes Manica Province Safe Water (Mozambique),CO2balance UK ltd,34765.0,14959.0,GLD7472,https://registry.goldstandard.org/projects?q=gs7472
United Kingdom,Mozambique,Borehole,GS1247 VPA 199 Improved Kitchen Regimes Manica Province Safe Water (Mozambique),CO2balance UK ltd,35819.0,17868.0,GLD7471,https://registry.goldstandard.org/projects?q=gs7471
United Kingdom,Mozambique,Borehole,GS1247 VPA 198 Improved Kitchen Regimes Manica Province Safe Water (Mozambique),CO2balance UK ltd,34275.0,15816.0,GLD7470,https://registry.goldstandard.org/projects?q=gs7470
United Kingdom,Zambia,Clean Water,GS1247 VPA 197 Zambia Eastern Province Safe Water Project,CO2balance UK ltd,0.0,0.0,GLD7463,https://registry.goldstandard.org/projects?q=gs7463
United Kingdom,Zambia,Clean Water,GS1247 VPA 196 Zambia Eastern Province Safe Water Project,CO2balance UK ltd,0.0,0.0,GLD7462,https://registry.goldstandard.org/projects?q=gs7462
United Kingdom,Zambia,Clean Water,GS1247 VPA 195 Zambia Eastern Province Safe Water Project,CO2balance UK ltd,0.0,0.0,GLD7461,https://registry.goldstandard.org/projects?q=gs7461
United Kingdom,Zambia,Clean Water,GS1247 VPA 194 Zambia Eastern Province Safe Water Project,CO2balance UK ltd,12956.0,6658.0,GLD7460,https://registry.goldstandard.org/projects?q=gs7460
United Kingdom,Zambia,Clean Water,GS1247 VPA 193 Zambia Eastern Province Safe Water Project,CO2balance UK ltd,17246.0,12817.0,GLD7459,https://registry.goldstandard.org/projects?q=gs7459
United Kingdom,Zambia,Clean Water,GS1247 VPA 192 Zambia Eastern Province Safe Water Project,CO2balance UK ltd,14456.0,5905.0,GLD7458,https://registry.goldstandard.org/projects?q=gs7458
United Kingdom,Zambia,Clean Water,GS1247 VPA 191 Zambia Eastern Province Safe Water Project,CO2balance UK ltd,12521.0,6028.0,GLD7457,https://registry.goldstandard.org/projects?q=gs7457
United Kingdom,Zambia,Clean Water,GS1247 VPA 190 Zambia Eastern Province Safe Water Project,CO2balance UK ltd,15093.0,5473.0,GLD7456,https://registry.goldstandard.org/projects?q=gs7456
European Union,Rwanda,Cookstove,Improved Cook Stoves programme for Rwanda CPA 0008,atmosfair gGmbH,82278.0,0.0,GLD6264,https://registry.goldstandard.org/projects?q=gs6264
France,Kenya,Sustainable Agriculture,Sustainable Agroforestry Based Dairy Value Chain in Mount Elgon Kenya,Livelihoods Fund SICAV SIF,49065.0,6467.0,GLD6588,https://registry.goldstandard.org/projects?q=gs6588
Local/Unknown,Mali,Afforestation + Reforestation,ZANBAL ,Zanbal,0.0,0.0,GLD4731,https://registry.goldstandard.org/projects?q=gs4731
Local/Unknown,Togo,Afforestation + Reforestation,PROJECT TOGO,Unknown Project Developer,16867.0,5179.0,GLD3951,https://registry.goldstandard.org/projects?q=gs3951
United Kingdom,Uganda,Afforestation + Reforestation,Kikonda Forest Reserve ,Nile Fibreboard Ltd.,1354120.0,688211.0,GLD2990,https://registry.goldstandard.org/projects?q=gs2990
Local/Unknown,Uganda,Cookstove,Energy efficiency improvement  project leading to multiple sustainable development benefits,Pacific Engineering Services Limited,76182.0,3749.0,GLD6831,https://registry.goldstandard.org/projects?q=gs6831
Switzerland,Kenya,Afforestation + Reforestation,Lake Naivasha Basin Reforestation Project,South Pole Ltd SCV,0.0,0.0,GLD6504,https://registry.goldstandard.org/projects?q=gs6504
European Union,Rwanda,Cookstove,Improved Cook Stoves programme for Rwanda CPA 0010,atmosfair gGmbH,378.0,59.0,GLD6272,https://registry.goldstandard.org/projects?q=gs6272
European Union,Rwanda,Cookstove,Improved Cook Stoves programme for Rwanda CPA 0009,atmosfair gGmbH,183467.0,55054.0,GLD6271,https://registry.goldstandard.org/projects?q=gs6271
Local/Unknown,Zambia,Lighting,Namene Solar Light Company: Solar Lighting Project Zambia 1,NAMENE CLIMATE INVESTMENT VEHICLE LIMITED,87078.0,5107.0,GLD7002,https://registry.goldstandard.org/projects?q=gs7002
Local/Unknown,Uganda,Cookstove,Energy efficiency improvement project leading to multiple sustainable development impacts.,Pacific Engineering Services Limited,124469.0,82512.0,GLD6604,https://registry.goldstandard.org/projects?q=gs6604
European Union,Rwanda,Cookstove,GS5047 VPA20 African Improved Cookstoves and Clean Water Programme: Virunga Mountain Gorilla Cookstove Project Rubavu III,Likano Project Development GmbH,0.0,0.0,GLD6063,https://registry.goldstandard.org/projects?q=gs6063
Local/Unknown,Rwanda,Cookstove,Deactivated Projects,Deactivated Projects,0.0,0.0,GLD6061,https://registry.goldstandard.org/projects?q=gs6061
European Union,Rwanda,Cookstove,GS5047 VPA17 African Improved Cookstoves and Clean Water Programme: Virunga Mountain Gorilla Cookstove Project Burera VI,Likano Project Development GmbH,0.0,0.0,GLD6060,https://registry.goldstandard.org/projects?q=gs6060
European Union,Rwanda,Cookstove,GS5047 VPA16 African Improved Cookstoves and Clean Water Programme: Virunga Mountain Gorilla Cookstove Project Burera V,Likano Project Development GmbH,0.0,0.0,GLD6059,https://registry.goldstandard.org/projects?q=gs6059
European Union,Rwanda,Cookstove,GS5047 VPA15 African Improved Cookstoves and Clean Water Programme: Virunga Mountain Gorilla Cookstove Project Burera IV,Likano Project Development GmbH,0.0,0.0,GLD6058,https://registry.goldstandard.org/projects?q=gs6058
Local/Unknown,Rwanda,Cookstove,Deactivated Projects,Deactivated Projects,0.0,0.0,GLD6057,https://registry.goldstandard.org/projects?q=gs6057
European Union,Rwanda,Cookstove,GS5047 VPA13 African Improved Cookstoves and Clean Water Programme: Virunga Mountain Gorilla Cookstove Project Musanze VII,Likano Project Development GmbH,0.0,0.0,GLD6056,https://registry.goldstandard.org/projects?q=gs6056
European Union,Rwanda,Cookstove,GS5047 VPA12 African Improved Cookstoves and Clean Water Programme: Virunga Mountain Gorilla Cookstove Project Musanze VI,Likano Project Development GmbH,0.0,0.0,GLD6055,https://registry.goldstandard.org/projects?q=gs6055
European Union,Rwanda,Cookstove,GS5047 VPA11 African Improved Cookstoves and Clean Water Programme: Virunga Mountain Gorilla Cookstove Project Musanze V,Likano Project Development GmbH,0.0,0.0,GLD6054,https://registry.goldstandard.org/projects?q=gs6054
Local/Unknown,Egypt,Afforestation + Reforestation,SEKEM tree project ,SEKEM for Land Reclamation (SLR),1905.0,1520.0,GLD4894,https://registry.goldstandard.org/projects?q=gs4894
European Union,Lesotho,Lighting,Solar Lights and Solar Home Systems for Lesotho,atmosfair gGmbH,0.0,0.0,GLD6282,https://registry.goldstandard.org/projects?q=gs6282
Local/Unknown,DR Congo,Afforestation + Reforestation,EcoMakala Virunga Reforestation project ,CO2logic,663322.0,0.0,GLD5618,https://registry.goldstandard.org/projects?q=gs5618
Local/Unknown,Malawi,Lighting,*SolarAid Microsolar Lanterns Project for Malawi,Unknown Project Developer,35.0,35.0,GLD393,https://registry.goldstandard.org/projects?q=gs393
Switzerland,Zambia,Hydropower,*Zengamina Mini Hydro Scheme- Zambia,Climate Impact Partners Limited,3481.0,3481.0,GLD355,https://registry.goldstandard.org/projects?q=gs355
European Union,Tanzania,Compost,Mabwepande Composting Facility for Market Waste,atmosfair gGmbH,4509.0,4509.0,GLD5988,https://registry.goldstandard.org/projects?q=gs5988
European Union,South Africa,Energy Efficiency,Kuyasa low-cost urban housing energy upgrade project Khayelitsha (Cape Town; South Africa),atmosfair gGmbH,9341.0,0.0,GLD337,https://registry.goldstandard.org/projects?q=gs337
United States,Ethiopia,Clean Water,Native Energy Hydraid BioSand Water Filter Program East Africa,NativeEnergy Inc.,0.0,0.0,GLD1289,https://registry.goldstandard.org/projects?q=gs1289
Local/Unknown,Kenya,Cookstove,Ivakale,Ivakale,8576.0,3846.0,GLD3901,https://registry.goldstandard.org/projects?q=gs3901
Local/Unknown,Kenya,Methane Biodigester,African Biogas Carbon Programme (ABC) - Kenya - VPA006,AFRICA BIOENERGY PROGRAMS LIMITED,78495.0,61514.0,GLD5801,https://registry.goldstandard.org/projects?q=gs5801
Local/Unknown,Tanzania,Methane Biodigester,African Biogas Carbon Programme (ABC) – Tanzania – SimGas - VPA005,Deactivated Projects,0.0,0.0,GLD5124,https://registry.goldstandard.org/projects?q=gs5124
Local/Unknown,Tanzania,Methane Biodigester,African Biogas Carbon Programme (ABC) - Tanzania – CAMARTEC - VPA004,Deactivated Projects,0.0,0.0,GLD5123,https://registry.goldstandard.org/projects?q=gs5123
Local/Unknown,Uganda,Methane Biodigester,African Biogas Carbon Programme (ABC) - Uganda - VPA003,AFRICA BIOENERGY PROGRAMS LIMITED,175098.0,139298.0,GLD4236,https://registry.goldstandard.org/projects?q=gs4236
Local/Unknown,Tanzania,Methane Biodigester,African Biogas Carbon Programme (ABC) - Tanzania - CAMARTEC - VPA002,AFRICA BIOENERGY PROGRAMS LIMITED,142130.0,142010.0,GLD2751,https://registry.goldstandard.org/projects?q=gs2751
Local/Unknown,Kenya,Methane Biodigester,African Biogas Carbon Programme (ABC) - Kenya - VPA001,AFRICA BIOENERGY PROGRAMS LIMITED,206538.0,121322.0,GLD2750,https://registry.goldstandard.org/projects?q=gs2750
United States,Ethiopia,Clean Water,Believe Green Safe Drinking Water – Ethiopia-1 – GS7442,Believe Green LLC,0.0,0.0,GLD7442,https://registry.goldstandard.org/projects?q=gs7442
Local/Unknown,Kenya,Methane Biodigester,African Biogas Carbon Programme (ABC) PoA,AFRICA BIOENERGY PROGRAMS LIMITED,0.0,0.0,GLD2747,https://registry.goldstandard.org/projects?q=gs2747
European Union,Rwanda,Cookstove,GS5047 VPA39 African Improved Cookstoves and Clean Water Programme: Nyungwe Rainforest Cookstove Project VII,Likano Project Development GmbH,31926.0,17907.0,GLD7454,https://registry.goldstandard.org/projects?q=gs7454
European Union,Rwanda,Cookstove,GS5047 VPA33 African Improved Cookstoves and Clean Water Programme: Nyungwe Rainforest Cookstove Project I,Likano Project Development GmbH,29004.0,21015.0,GLD7448,https://registry.goldstandard.org/projects?q=gs7448
European Union,Rwanda,Cookstove,GS5047 VPA38 African Improved Cookstoves and Clean Water Programme: Nyungwe Rainforest Cookstove Project VI,Likano Project Development GmbH,31813.0,17401.0,GLD7453,https://registry.goldstandard.org/projects?q=gs7453
European Union,Rwanda,Cookstove,GS5047 VPA37 African Improved Cookstoves and Clean Water Programme: Nyungwe Rainforest Cookstove Project V,Likano Project Development GmbH,24444.0,16499.0,GLD7452,https://registry.goldstandard.org/projects?q=gs7452
European Union,Rwanda,Cookstove,GS5047 VPA36 African Improved Cookstoves and Clean Water Programme: Nyungwe Rainforest Cookstove Project IV,Likano Project Development GmbH,41384.0,27330.0,GLD7451,https://registry.goldstandard.org/projects?q=gs7451
European Union,Rwanda,Cookstove,GS5047 VPA35 African Improved Cookstoves and Clean Water Programme: Nyungwe Rainforest Cookstove Project III,Likano Project Development GmbH,43148.0,32815.0,GLD7450,https://registry.goldstandard.org/projects?q=gs7450
European Union,Rwanda,Cookstove,GS5047 VPA34 African Improved Cookstoves and Clean Water Programme: Nyungwe Rainforest Cookstove Project II,Likano Project Development GmbH,40418.0,24336.0,GLD7449,https://registry.goldstandard.org/projects?q=gs7449
Local/Unknown,Ethiopia,Clean Water,GS5658 VPA 10: Resilience with Safe drinking water in Drought Prone Areas of Bale Zone in Oromia (Ethiopia) phase II,Carbonsink (Carbonsink Group S.r.l.),23467.0,23429.0,GLD7436,https://registry.goldstandard.org/projects?q=gs7436
Local/Unknown,Togo,Compost,Composting of municipal organic waste in Lome ,GoodPlanet,8351.0,8351.0,GLD1147,https://registry.goldstandard.org/projects?q=gs1147
Local/Unknown,Chad,Cookstove,Solar cooking in Chad (PoA),FairClimateFund,0.0,0.0,GLD1075,https://registry.goldstandard.org/projects?q=gs1075
Local/Unknown,Chad,Cookstove,Solar cooking in Chad Iridimi (VPA1),FairClimateFund,102329.0,73333.0,GLD3445,https://registry.goldstandard.org/projects?q=gs3445
United Kingdom,Ethiopia,Cookstove,GS1247 VPA189 Southern Ethiopia Efficient Cook Stoves,CO2balance UK ltd,42124.0,28585.0,GLD7437,https://registry.goldstandard.org/projects?q=gs7437
Switzerland,Uganda,Cookstove,Improved Cookstove Project In Uganda,South Pole Ltd,199274.0,192191.0,GLD7438,https://registry.goldstandard.org/projects?q=gs7438
United Kingdom,Eritrea,Cookstove,GS1247 VPA 28 Improved Kitchen regimes: Improved stove in Zoba Anseba Eritrea,CO2balance UK ltd,76365.0,68748.0,GLD3262,https://registry.goldstandard.org/projects?q=gs3262
European Union,Rwanda,Borehole,GS5047 VPA26 African Improved Cookstoves and Clean Water Programme: Nyagatare Safe Water Project VI,Likano Project Development GmbH,33303.0,26151.0,GLD7395,https://registry.goldstandard.org/projects?q=gs7395
European Union,Rwanda,Borehole,GS5047 VPA25 African Improved Cookstoves and Clean Water Programme: Nyagatare Safe Water Project V,Likano Project Development GmbH,40031.0,30411.0,GLD7150,https://registry.goldstandard.org/projects?q=gs7150
European Union,Rwanda,Borehole,GS5047 VPA24 African Improved Cookstoves and Clean Water Programme: Nyagatare Safe Water Project IV,Likano Project Development GmbH,40285.0,28300.0,GLD7149,https://registry.goldstandard.org/projects?q=gs7149
European Union,Rwanda,Borehole,GS5047 VPA23 African Improved Cookstoves and Clean Water Programme: Nyagatare Safe Water Project III,Likano Project Development GmbH,40893.0,32095.0,GLD7148,https://registry.goldstandard.org/projects?q=gs7148
Local/Unknown,Kenya,Clean Water,Native Hydraid Water Filtration in Kenya,NATIVE A PUBLIC BENEFIT CORPORATION,77598.0,8838.0,GLD1124,https://registry.goldstandard.org/projects?q=gs1124
Local/Unknown,Ethiopia,Clean Water,GS1289: Native Hydraid BioSand Water Filter Programme East Africa: VPA (02) Ethiopia,NATIVE A PUBLIC BENEFIT CORPORATION,84318.0,5225.0,GLD3509,https://registry.goldstandard.org/projects?q=gs3509
European Union,Rwanda,Borehole,GS5047 VPA22 African Improved Cookstoves and Clean Water Programme: Nyagatare Safe Water Project II,Likano Project Development GmbH,38152.0,32438.0,GLD7147,https://registry.goldstandard.org/projects?q=gs7147
European Union,Rwanda,Borehole,GS5047 VPA32 African Improved Cookstoves and Clean Water Programme: Nyagatare Safe Water Project XII,Likano Project Development GmbH,35749.0,30796.0,GLD7401,https://registry.goldstandard.org/projects?q=gs7401
European Union,Rwanda,Borehole,GS5047 VPA31 African Improved Cookstoves and Clean Water Programme: Nyagatare Safe Water Project XI,Likano Project Development GmbH,35256.0,27571.0,GLD7400,https://registry.goldstandard.org/projects?q=gs7400
European Union,Rwanda,Borehole,GS5047 VPA30 African Improved Cookstoves and Clean Water Programme: Nyagatare Safe Water Project X,Likano Project Development GmbH,34834.0,27595.0,GLD7399,https://registry.goldstandard.org/projects?q=gs7399
European Union,Rwanda,Borehole,GS5047 VPA29 African Improved Cookstoves and Clean Water Programme: Nyagatare Safe Water Project IX,Likano Project Development GmbH,34622.0,29148.0,GLD7398,https://registry.goldstandard.org/projects?q=gs7398
European Union,Rwanda,Borehole,GS5047 VPA28 African Improved Cookstoves and Clean Water Programme: Nyagatare Safe Water Project VIII,Likano Project Development GmbH,35476.0,25501.0,GLD7397,https://registry.goldstandard.org/projects?q=gs7397
European Union,Rwanda,Borehole,GS5047 VPA27 African Improved Cookstoves and Clean Water Programme: Nyagatare Safe Water Project VII,Likano Project Development GmbH,35379.0,27427.0,GLD7396,https://registry.goldstandard.org/projects?q=gs7396
Local/Unknown,Ghana,Clean Water,GS1264: Native Clean Water Programme West Africa: VPA(01) Ghana,NATIVE A PUBLIC BENEFIT CORPORATION,82758.0,3450.0,GLD1294,https://registry.goldstandard.org/projects?q=gs1294
United Kingdom,Ethiopia,Cookstove,GS1247 VPA 188 Southern Ethiopia Efficient Cook Stoves,CO2balance UK ltd,47742.0,33143.0,GLD7391,https://registry.goldstandard.org/projects?q=gs7391
Local/Unknown,Uganda,Cookstove,PoA GS 973 - United Organic Coffee Growers (UOCG) CPA I,Uganda Carbon Bureau,0.0,0.0,GLD7392,https://registry.goldstandard.org/projects?q=gs7392
Local/Unknown,Ghana,Clean Water,GS1264: Native Clean Water Programme West Africa- VPA (03) Santrokofi Ghana,NATIVE A PUBLIC BENEFIT CORPORATION,27519.0,0.0,GLD5802,https://registry.goldstandard.org/projects?q=gs5802
Local/Unknown,Ghana,Clean Water,Native Energy Hydraid BioSand Water Filter Programme West Africa,NATIVE A PUBLIC BENEFIT CORPORATION,0.0,0.0,GLD1264,https://registry.goldstandard.org/projects?q=gs1264
United Kingdom,Kenya,Borehole,GS1366 VPA 15 Kilifi Borehole Rehabilitation Project ,CO2balance UK ltd,7616.0,7616.0,GLD7372,https://registry.goldstandard.org/projects?q=gs7372
United Kingdom,Kenya,Borehole,GS1366 VPA 14 Kilifi Borehole Rehabilitation Project ,CO2balance UK ltd,7589.0,7589.0,GLD7371,https://registry.goldstandard.org/projects?q=gs7371
United Kingdom,Kenya,Borehole,GS1366 VPA 13 Kilifi Borehole Rehabilitation Project ,CO2balance UK ltd,7671.0,7671.0,GLD7370,https://registry.goldstandard.org/projects?q=gs7370
United Kingdom,Kenya,Borehole,GS1366 VPA 12 Kilifi Borehole Rehabilitation Project ,CO2balance UK ltd,7699.0,7699.0,GLD7369,https://registry.goldstandard.org/projects?q=gs7369
United Kingdom,Kenya,Borehole,GS1366 VPA 11 Kilifi Borehole Rehabilitation Project ,CO2balance UK ltd,9616.0,9616.0,GLD7368,https://registry.goldstandard.org/projects?q=gs7368
United Kingdom,Kenya,Borehole,GS1366 VPA 10 Kilifi Borehole Rehabilitation Project ,CO2balance UK ltd,9534.0,9534.0,GLD7367,https://registry.goldstandard.org/projects?q=gs7367
Local/Unknown,Kenya,Cookstove,Burn Stoves Project in Kenya,ECOA Climate Capital,2866342.0,2785968.0,GLD5642,https://registry.goldstandard.org/projects?q=gs5642
Local/Unknown,DR Congo,Cookstove,EcoMakala Virunga Energy project,CO2logic,97331.0,1505.0,GLD5391,https://registry.goldstandard.org/projects?q=gs5391
United Kingdom,Uganda,Clean Water,GS1247 VPA 185 Lango Safe Water Project,CO2balance UK ltd,25077.0,13837.0,GLD7364,https://registry.goldstandard.org/projects?q=gs7364
United Kingdom,Uganda,Clean Water,GS1247 VPA 183 Lango Safe Water Project,CO2balance UK ltd,23017.0,11859.0,GLD7362,https://registry.goldstandard.org/projects?q=gs7362
Local/Unknown,Sudan,Cookstove,Darfur Efficient Cook-stove Project,Carbon Clear,329887.0,304869.0,GLD500,https://registry.goldstandard.org/projects?q=gs500
United Kingdom,Uganda,Clean Water,GS1247 VPA 187 Lango Safe Water Project,CO2balance UK ltd,22591.0,13085.0,GLD7366,https://registry.goldstandard.org/projects?q=gs7366
United Kingdom,Uganda,Clean Water,GS1247 VPA 186 Lango Safe Water Project,CO2balance UK ltd,22726.0,12055.0,GLD7365,https://registry.goldstandard.org/projects?q=gs7365
United Kingdom,Uganda,Clean Water,GS1247 VPA 184 Lango Safe Water Project,CO2balance UK ltd,23699.0,15750.0,GLD7363,https://registry.goldstandard.org/projects?q=gs7363
Local/Unknown,Benin,Cookstove,GS2489 Efficient cookstoves in Benin and Togo – VPA4 – EcoBenin – Women Soils and Energy,CO2logic,11788.0,3831.0,GLD7112,https://registry.goldstandard.org/projects?q=gs7112
Local/Unknown,Benin,Cookstove,GS2489 Efficient cookstoves in Benin and Togo – VPA3 – EcoBenin – Women Soils and Energy,CO2logic,27889.0,17495.0,GLD6998,https://registry.goldstandard.org/projects?q=gs6998
Local/Unknown,Uganda,Cookstove,PoA GS 973 - Ecological Christian Organisation (ECO) CPA 1 GS XXXX,Uganda Carbon Bureau,0.0,0.0,GLD7346,https://registry.goldstandard.org/projects?q=gs7346
United Kingdom,Eritrea,Cookstove,GS1247 VPA 40 Improved Kitchen Regimes: Dissemination of improved stove in Zoba Anseba Eritrea 2,CO2balance UK ltd,69277.0,58491.0,GLD4036,https://registry.goldstandard.org/projects?q=gs4036
Local/Unknown,Madagascar,Borehole,GS5658 VPA 1: Borehole project “Ease Water Madagascar”,Carbonsink (Carbonsink Group S.r.l.),38384.0,38383.0,GLD5230,https://registry.goldstandard.org/projects?q=gs5230
Local/Unknown,Rwanda,Clean Water,Water for Climate Rwanda Project,CO2logic,210154.0,42325.0,GLD6598,https://registry.goldstandard.org/projects?q=gs6598
United Kingdom,Eritrea,Borehole,GS1247 VPA 182 Zoba Debub Community Boreholes,CO2balance UK ltd,34035.0,26046.0,GLD7336,https://registry.goldstandard.org/projects?q=gs7336
United Kingdom,Eritrea,Borehole,GS1247 VPA 181 Zoba Debub Community Boreholes,CO2balance UK ltd,34762.0,26066.0,GLD7335,https://registry.goldstandard.org/projects?q=gs7335
United Kingdom,Eritrea,Borehole,GS1247 VPA 180 Zoba Debub Community Boreholes,CO2balance UK ltd,35854.0,23555.0,GLD7334,https://registry.goldstandard.org/projects?q=gs7334
United Kingdom,Eritrea,Borehole,GS1247 VPA 179 Zoba Debub Community Boreholes,CO2balance UK ltd,39548.0,30854.0,GLD7333,https://registry.goldstandard.org/projects?q=gs7333
United Kingdom,Eritrea,Borehole,GS1247 VPA 178 Zoba Debub Community Boreholes,CO2balance UK ltd,39583.0,31645.0,GLD7332,https://registry.goldstandard.org/projects?q=gs7332
United Kingdom,Eritrea,Borehole,GS1247 VPA 177 Zoba Debub Community Boreholes,CO2balance UK ltd,34344.0,24721.0,GLD7331,https://registry.goldstandard.org/projects?q=gs7331
United Kingdom,Eritrea,Borehole,GS1247 VPA 176 Zoba Debub Community Boreholes,CO2balance UK ltd,37271.0,26372.0,GLD7330,https://registry.goldstandard.org/projects?q=gs7330
United Kingdom,Eritrea,Borehole,GS1247 VPA 69 Zoba Debub Community Boreholes,CO2balance UK ltd,41429.0,33317.0,GLD5042,https://registry.goldstandard.org/projects?q=gs5042
United Kingdom,Eritrea,Borehole,GS1247 VPA 65 Zoba Debub Community Boreholes,CO2balance UK ltd,42976.0,36174.0,GLD5038,https://registry.goldstandard.org/projects?q=gs5038
United States,Uganda,Cookstove,VPA 175 EcoZoom Improved Stove Programme Uganda,BioLite Inc.,20689.0,11261.0,GLD7345,https://registry.goldstandard.org/projects?q=gs7345
United States,Uganda,Cookstove,VPA 174 EcoZoom Improved Stove Programme Uganda,BioLite Inc.,27072.0,18232.0,GLD7317,https://registry.goldstandard.org/projects?q=gs7317
Local/Unknown,Madagascar,Clean Water,GS5658 VPA 9: Water is Life - Phase II Madagascar,Madaprojects Srl SB,16843.0,16843.0,GLD7311,https://registry.goldstandard.org/projects?q=gs7311
Local/Unknown,Madagascar,Clean Water,GS5658 VPA 8: The Community Safe Water (Madagascar),Carbonsink (Carbonsink Group S.r.l.),40034.0,31865.0,GLD7090,https://registry.goldstandard.org/projects?q=gs7090
Local/Unknown,Madagascar,Clean Water,GS5658 VPA 7: Water is Life Madagascar,Madaprojects Srl SB,18978.0,16978.0,GLD6752,https://registry.goldstandard.org/projects?q=gs6752
Local/Unknown,Ethiopia,Clean Water,GS5658 VPA 6: Resilience with safe drinking water in Afar Regional State (Ethiopia),Carbonsink (Carbonsink Group S.r.l.),0.0,0.0,GLD6751,https://registry.goldstandard.org/projects?q=gs6751
Local/Unknown,Ethiopia,Clean Water,GS5658 VPA 5: Resilience with Safe drinking water in Somali Regional State (Ethiopia),Carbonsink (Carbonsink Group S.r.l.),16417.0,15099.0,GLD6750,https://registry.goldstandard.org/projects?q=gs6750
United States,Uganda,Cookstove,VPA 173 EcoZoom Improved Stove Programme Uganda,BioLite Inc.,47123.0,34421.0,GLD7318,https://registry.goldstandard.org/projects?q=gs7318
United Kingdom,Eritrea,Borehole,GS1247 VPA 84 Zoba Maekel Community Boreholes,CO2balance UK ltd,51987.0,39357.0,GLD5244,https://registry.goldstandard.org/projects?q=gs5244
United Kingdom,Eritrea,Borehole,GS1247 VPA 54 Eritrean District Boreholes,CO2balance UK ltd,51830.0,43353.0,GLD4797,https://registry.goldstandard.org/projects?q=gs4797
United Kingdom,Eritrea,Borehole,GS1247 VPA 47 Eritrean District Boreholes,CO2balance UK ltd,51726.0,43145.0,GLD4518,https://registry.goldstandard.org/projects?q=gs4518
Local/Unknown,Ethiopia,Clean Water,GS5658 VPA 4: Resilience with Safe Drinking Water in Drought Prone Areas of Bale Zone in Oromia (Ethiopia),Carbonsink (Carbonsink Group S.r.l.),23977.0,22146.0,GLD6749,https://registry.goldstandard.org/projects?q=gs6749
Local/Unknown,Rwanda,Borehole,GS1247 VPA 155 Improved Kitchen Regimes: Gatsibo District Borehole Project Rwanda,Deactivated Projects,29164.0,29164.0,GLD6790,https://registry.goldstandard.org/projects?q=gs6790
Local/Unknown,Rwanda,Borehole,GS1247 VPA 41 Gatsibo District Boreholes (GS4202),Deactivated Projects,45442.0,45423.0,GLD4202,https://registry.goldstandard.org/projects?q=gs4202
Local/Unknown,Rwanda,Borehole,GS1247 VPA 21 Improved Kitchen Regimes: Gatsibo District Borehole Project Rwanda,Deactivated Projects,44389.0,44009.0,GLD3432,https://registry.goldstandard.org/projects?q=gs3432
United Kingdom,Rwanda,Borehole,GS1247 VPA 19 Improved Kitchen Regimes: Gatsibo District Borehole Project Rwanda,CO2balance UK ltd,46730.0,46730.0,GLD3430,https://registry.goldstandard.org/projects?q=gs3430
United Kingdom,Rwanda,Borehole,GS1247 VPA 11 Improved Kitchen Regimes: Gatsibo District Borehole Project Rwanda,CO2balance UK ltd,51938.0,51938.0,GLD3306,https://registry.goldstandard.org/projects?q=gs3306
United Kingdom,Malawi,Borehole,GS1247 VPA 116 Improved Kitchen Regimes Multi-Country PoA - Dowa Boreholes Malawi,CO2balance UK ltd,53951.0,41334.0,GLD5441,https://registry.goldstandard.org/projects?q=gs5441
United Kingdom,Malawi,Borehole,GS1247 VPA 114 Improved Kitchen Regimes Multi-Country PoA - Dowa Boreholes Malawi,CO2balance UK ltd,59898.0,59382.0,GLD5439,https://registry.goldstandard.org/projects?q=gs5439
United Kingdom,Malawi,Borehole,GS1247 VPA 113 Improved Kitchen Regimes Multi-Country PoA - Dowa Boreholes Malawi,CO2balance UK ltd,58529.0,54595.0,GLD5438,https://registry.goldstandard.org/projects?q=gs5438
United Kingdom,Malawi,Borehole,GS1247 VPA 112 Improved Kitchen Regimes Multi-Country PoA - Dowa Boreholes Malawi,CO2balance UK ltd,58722.0,46854.0,GLD5437,https://registry.goldstandard.org/projects?q=gs5437
United Kingdom,Malawi,Borehole,GS1247 VPA 104 Improved Kitchen Regimes Multi-Country PoA - Kasungu Boreholes Malawi,CO2balance UK ltd,62737.0,60694.0,GLD5344,https://registry.goldstandard.org/projects?q=gs5344
United Kingdom,Malawi,Borehole,GS1247 VPA 103 Improved Kitchen Regimes Multi-Country PoA - Kasungu Boreholes Malawi,CO2balance UK ltd,62412.0,60006.0,GLD5343,https://registry.goldstandard.org/projects?q=gs5343
United Kingdom,Malawi,Borehole,GS1247 VPA 102 Improved Kitchen Regimes Multi-Country PoA - Kasungu Boreholes Malawi,CO2balance UK ltd,60034.0,53315.0,GLD5342,https://registry.goldstandard.org/projects?q=gs5342
United Kingdom,Malawi,Borehole,GS1247 VPA 100 Improved Kitchen Regimes Multi-Country PoA - Kasungu Boreholes Malawi,CO2balance UK ltd,68126.0,56456.0,GLD5340,https://registry.goldstandard.org/projects?q=gs5340
United Kingdom,Malawi,Borehole,GS1247 VPA 99 Improved Kitchen Regimes Multi-Country PoA - Kasungu Boreholes Malawi,CO2balance UK ltd,67225.0,54001.0,GLD5339,https://registry.goldstandard.org/projects?q=gs5339
United Kingdom,Malawi,Borehole,GS1247 VPA 98 Improved Kitchen Regimes Multi-Country PoA - Dowa Boreholes Malawi,CO2balance UK ltd,65662.0,51438.0,GLD5338,https://registry.goldstandard.org/projects?q=gs5338
United Kingdom,Malawi,Borehole,GS1247 VPA 96 Improved Kitchen Regimes Multi-Country PoA - Dowa & Kasungu Boreholes Malawi,CO2balance UK ltd,66780.0,45139.0,GLD5336,https://registry.goldstandard.org/projects?q=gs5336
United Kingdom,Malawi,Borehole,GS1247 VPA 95 Improved Kitchen Regimes Multi-Country PoA - Dowa & Kasungu Boreholes Malawi,CO2balance UK ltd,70082.0,58280.0,GLD5335,https://registry.goldstandard.org/projects?q=gs5335
United Kingdom,Malawi,Borehole,GS1247 VPA 94 Improved Kitchen Regimes Multi-Country PoA - Dowa & Kasungu Boreholes Malawi,CO2balance UK ltd,69525.0,51284.0,GLD5332,https://registry.goldstandard.org/projects?q=gs5332
Local/Unknown,Nigeria,Cookstove,Promoting Improved Cooking practices in Nigeria,Toyola Energy Services Limited,4358255.0,2854604.0,GLD7312,https://registry.goldstandard.org/projects?q=gs7312
United Kingdom,Malawi,Borehole,GS1247 VPA 92 Improved Kitchen Regimes Multi-Country PoA - Dowa & Kasungu Boreholes Malawi,CO2balance UK ltd,76650.0,60589.0,GLD5330,https://registry.goldstandard.org/projects?q=gs5330
United Kingdom,Malawi,Borehole,GS1247 VPA 91 Improved Kitchen Regimes Multi-Country PoA - Dowa & Kasungu Boreholes Malawi,CO2balance UK ltd,75054.0,56975.0,GLD5329,https://registry.goldstandard.org/projects?q=gs5329
United Kingdom,Ethiopia,Clean Water,GS1247 VPA 171 Southern Ethiopia Community Safe Water,CO2balance UK ltd,11582.0,6952.0,GLD7292,https://registry.goldstandard.org/projects?q=gs7292
United Kingdom,Ethiopia,Clean Water,GS1247 VPA 165 Southern Ethiopia Community Safe Water,CO2balance UK ltd,11296.0,6124.0,GLD7287,https://registry.goldstandard.org/projects?q=gs7287
United Kingdom,Eritrea,Borehole,GS1247 VPA 126 Zoba Anseba Community Safe Water,CO2balance UK ltd,39639.0,30637.0,GLD5955,https://registry.goldstandard.org/projects?q=gs5955
United Kingdom,Eritrea,Borehole,GS1247 VPA 122 Zoba Anseba Community Safe Water,CO2balance UK ltd,47503.0,29527.0,GLD5951,https://registry.goldstandard.org/projects?q=gs5951
United Kingdom,Malawi,Cookstove,Conserving the Mulanje Mountains Malawi - Saving forests and empowering mountain communities with improved cookstoves,Swiss Carbon Value Ltd.,0.0,0.0,GLD7142,https://registry.goldstandard.org/projects?q=gs7142
Local/Unknown,Rwanda,Borehole,GS1247 VPA 151 Improved Kitchen Regimes: Gatsibo District Borehole Project Rwanda,Deactivated Projects,29812.0,29812.0,GLD6786,https://registry.goldstandard.org/projects?q=gs6786
United Kingdom,Ethiopia,Cookstove,GS1247 VPA 172 Southern Ethiopia Efficient Cook Stoves ,CO2balance UK ltd,49791.0,39552.0,GLD7293,https://registry.goldstandard.org/projects?q=gs7293
United Kingdom,Ethiopia,Borehole,GS1247 VPA 149 Southern Ethiopia Community Safe Water,CO2balance UK ltd,31985.0,24424.0,GLD6783,https://registry.goldstandard.org/projects?q=gs6783
United Kingdom,Ethiopia,Clean Water,GS1247 VPA 156 Southern Ethiopia Community Protected Springs,CO2balance UK ltd,33901.0,24979.0,GLD6836,https://registry.goldstandard.org/projects?q=gs6836
United Kingdom,Ethiopia,Borehole,GS1247 VPA 150 Southern Ethiopia Community Safe Water,CO2balance UK ltd,33579.0,25077.0,GLD6784,https://registry.goldstandard.org/projects?q=gs6784
Local/Unknown,Rwanda,Borehole,GS1247 VPA 154 Improved Kitchen Regimes: Gatsibo District Borehole Project Rwanda,Deactivated Projects,28396.0,28396.0,GLD6789,https://registry.goldstandard.org/projects?q=gs6789
Local/Unknown,Rwanda,Borehole,GS1247 VPA 153 Improved Kitchen Regimes: Gatsibo District Borehole Project Rwanda,Deactivated Projects,28515.0,28515.0,GLD6788,https://registry.goldstandard.org/projects?q=gs6788
Local/Unknown,Rwanda,Borehole,GS1247 VPA 152 Improved Kitchen Regimes: Gatsibo District Borehole Project Rwanda,Deactivated Projects,26319.0,26319.0,GLD6787,https://registry.goldstandard.org/projects?q=gs6787
United Kingdom,Rwanda,Borehole,GS1247 VPA 157 Improved Kitchen Regimes: Kayonza District Borehole Project Rwanda,CO2balance UK ltd,25128.0,25128.0,GLD6837,https://registry.goldstandard.org/projects?q=gs6837
United Kingdom,Ethiopia,Clean Water,GS1247 VPA 170 Southern Ethiopia Community Safe Water ,CO2balance UK ltd,11457.0,6423.0,GLD7291,https://registry.goldstandard.org/projects?q=gs7291
United Kingdom,Ethiopia,Clean Water,GS1247 VPA 169 Southern Ethiopia Community Safe Water ,CO2balance UK ltd,11725.0,9249.0,GLD7290,https://registry.goldstandard.org/projects?q=gs7290
United Kingdom,Ethiopia,Clean Water,GS1247 VPA 168 Southern Ethiopia Community Safe Water,CO2balance UK ltd,11487.0,6304.0,GLD7289,https://registry.goldstandard.org/projects?q=gs7289
United Kingdom,Rwanda,Borehole,GS1247 VPA 158 Improved Kitchen Regimes: Kayonza District Borehole Project Rwanda,CO2balance UK ltd,23420.0,22965.0,GLD6838,https://registry.goldstandard.org/projects?q=gs6838
Local/Unknown,Uganda,Cookstove,GS1247 VPA 138 BioLite Improved Stove Programme Uganda,Erik Wurster,29110.0,23980.0,GLD6344,https://registry.goldstandard.org/projects?q=gs6344
Local/Unknown,Burkina Faso,Cookstove,GS1340 Efficient cookstoves in Burkina Faso - VPA-08 - tiipaalga F3PA cookstoves in Bam and Loroum,Tiipaalga,56893.0,30990.0,GLD3522,https://registry.goldstandard.org/projects?q=gs3522
Local/Unknown,Burkina Faso,Cookstove,Efficient Cookstoves in Burkina Faso (PoA),Tiipaalga,0.0,0.0,GLD1340,https://registry.goldstandard.org/projects?q=gs1340
United Kingdom,Ethiopia,Clean Water,GS1247 VPA 166 Southern Ethiopia Community Safe Water ,CO2balance UK ltd,11441.0,6258.0,GLD7288,https://registry.goldstandard.org/projects?q=gs7288
United Kingdom,Ethiopia,Borehole,GS1247 VPA 127 Southern Ethiopia Community Boreholes,CO2balance UK ltd,29828.0,27880.0,GLD6037,https://registry.goldstandard.org/projects?q=gs6037
United Kingdom,Ethiopia,Borehole,GS1247 VPA 88 Southern Ethiopia Community Boreholes,CO2balance UK ltd,28599.0,28074.0,GLD5324,https://registry.goldstandard.org/projects?q=gs5324
United Kingdom,Mozambique,Borehole,GS1247 VPA 159 Improved Kitchen Regimes Manica Province Safe Water (Mozambique) ,CO2balance UK ltd,41705.0,16789.0,GLD7132,https://registry.goldstandard.org/projects?q=gs7132
United States,Uganda,Cookstove,GS1247 VPA 164 EcoZoom Improved Stove Programme Uganda,BioLite Inc.,53934.0,41656.0,GLD7153,https://registry.goldstandard.org/projects?q=gs7153
United Kingdom,Mozambique,Borehole,GS1247 VPA 163 Improved Kitchen Regimes Manica Province Safe Water (Mozambique) ,CO2balance UK ltd,35931.0,14207.0,GLD7136,https://registry.goldstandard.org/projects?q=gs7136
United Kingdom,Mozambique,Borehole,GS1247 VPA 162 Improved Kitchen Regimes Manica Province Safe Water (Mozambique) ,CO2balance UK ltd,37418.0,15237.0,GLD7135,https://registry.goldstandard.org/projects?q=gs7135
United Kingdom,Mozambique,Borehole,GS1247 VPA 161 Improved Kitchen Regimes Manica Province Safe Water (Mozambique) ,CO2balance UK ltd,42692.0,18307.0,GLD7134,https://registry.goldstandard.org/projects?q=gs7134
United Kingdom,Mozambique,Borehole,GS1247 VPA 160 Improved Kitchen Regimes Manica Province Safe Water (Mozambique) ,CO2balance UK ltd,42759.0,14796.0,GLD7133,https://registry.goldstandard.org/projects?q=gs7133
United Kingdom,Kenya,Borehole,GS1366 VPA 9 Kilifi Borehole Rehabilitation Project,CO2balance UK ltd,10395.0,10395.0,GLD7131,https://registry.goldstandard.org/projects?q=gs7131
United Kingdom,Kenya,Borehole,GS1366 VPA 8 Kilifi Borehole Rehabilitation Project,CO2balance UK ltd,10623.0,10623.0,GLD7130,https://registry.goldstandard.org/projects?q=gs7130
United Kingdom,Kenya,Borehole,GS1366 VPA 7 Kilifi Borehole Rehabilitation Project,CO2balance UK ltd,11055.0,11055.0,GLD7129,https://registry.goldstandard.org/projects?q=gs7129
United Kingdom,Ethiopia,Borehole,GS1247 VPA 86 Southern Ethiopia Community Boreholes,CO2balance UK ltd,30463.0,29938.0,GLD5322,https://registry.goldstandard.org/projects?q=gs5322
United Kingdom,Kenya,Borehole,VPA 6 Kilifi Borehole Rehabilitation Project,CO2balance UK ltd,65315.0,38847.0,GLD7128,https://registry.goldstandard.org/projects?q=gs7128
Local/Unknown,Burkina Faso,Cookstove,GS1340 Efficient cookstoves in Burkina Faso – VPA-12 - tiipaalga F3PA cookstoves in Kourwéogo,Tiipaalga,35611.0,18325.0,GLD6419,https://registry.goldstandard.org/projects?q=gs6419
Local/Unknown,Burkina Faso,Cookstove,GS1340 Efficient cookstoves in Burkina Faso – VPA-11 - tiipaalga F3PA cookstoves in Kourwéogo,Tiipaalga,44300.0,35250.0,GLD6152,https://registry.goldstandard.org/projects?q=gs6152
Local/Unknown,Burkina Faso,Cookstove,GS1340 Efficient cookstoves in Burkina Faso - VPA-02 - tiipaalga F3PA cookstoves in Bam and Loroum,Tiipaalga,50781.0,30962.0,GLD3516,https://registry.goldstandard.org/projects?q=gs3516
Local/Unknown,Burkina Faso,Cookstove,GS1340 Efficient cookstoves in Burkina Faso - VPA-01 - tiipaalga F3PA cookstoves in Bam and Loroum,Tiipaalga,56318.0,23869.0,GLD2456,https://registry.goldstandard.org/projects?q=gs2456
Local/Unknown,Ethiopia,Lighting,Solar Lighting in Rural Ethiopia - VPA 1,myclimate Foundation,51159.0,36749.0,GLD922,https://registry.goldstandard.org/projects?q=gs922
Local/Unknown,Ethiopia,Lighting,Solar Lighting in Rural Areas PoA,myclimate Foundation,0.0,0.0,GLD911,https://registry.goldstandard.org/projects?q=gs911
United Kingdom,Rwanda,Borehole,GS1247 VPA 109 Improved Kitchen Regimes: Kayonza District Borehole Project Rwanda,CO2balance UK ltd,35426.0,33719.0,GLD5395,https://registry.goldstandard.org/projects?q=gs5395
Local/Unknown,South Africa,Centralized Solar,Bokpoort CSP (Concentrating Solar Power) Project South Africa,ACWA Power Solafrica Bokpoort CSP Power,0.0,0.0,GLD5929,https://registry.goldstandard.org/projects?q=gs5929
Switzerland,Kenya,Lighting,GS5304 MKOPA Solar Lighting Programme of Activities – Kenya VPA 4,Climate Impact Partners Limited,319685.0,142460.0,GLD5317,https://registry.goldstandard.org/projects?q=gs5317
Local/Unknown,Tanzania,Lighting,GS5304 MKOPA Solar Lighting Programme of Activities – Tanzania VPA 3,Natural Capital Partners,0.0,0.0,GLD5316,https://registry.goldstandard.org/projects?q=gs5316
Switzerland,Uganda,Lighting,GS5304 MKOPA Solar Lighting Programme of Activities - Uganda VPA 2,Climate Impact Partners Limited,82368.0,46850.0,GLD5315,https://registry.goldstandard.org/projects?q=gs5315
Switzerland,Kenya,Lighting,GS5304 MKOPA Solar Lighting Programme of Activities - Kenya VPA 1,Climate Impact Partners Limited,347991.0,262893.0,GLD5314,https://registry.goldstandard.org/projects?q=gs5314
Switzerland,Kenya,Lighting,M-KOPA Solar Lighting PoA,Climate Impact Partners Limited,0.0,0.0,GLD5304,https://registry.goldstandard.org/projects?q=gs5304
Local/Unknown,Senegal,Centralized Solar,Grid-connected Solar PV project in Mérina Dakhar,AERA Group,216081.0,52440.0,GLD5228,https://registry.goldstandard.org/projects?q=gs5228
Local/Unknown,Senegal,Centralized Solar,Grid-connected Solar PV project in Méouane,AERA Group,224058.0,72513.0,GLD4799,https://registry.goldstandard.org/projects?q=gs4799
European Union,Ethiopia,Distributed Solar,Pico Solar Home Systems Ethiopia,atmosfair gGmbH,0.0,0.0,GLD4217,https://registry.goldstandard.org/projects?q=gs4217
Local/Unknown,Kenya,Lighting,Solar Lighting in Rural Kenya - VPA 2,myclimate Foundation,48235.0,35812.0,GLD3626,https://registry.goldstandard.org/projects?q=gs3626
Local/Unknown,Rwanda,Centralized Solar,ASYV 8.5MW Solar PV Project (CPA-001),Gigawatt Global Cooperatief U.A.,45930.0,0.0,GLD3606,https://registry.goldstandard.org/projects?q=gs3606
Local/Unknown,Rwanda,Centralized Solar,Gigawatt Global Programme of Activities,Gigawatt Global Cooperatief U.A.,0.0,0.0,GLD3587,https://registry.goldstandard.org/projects?q=gs3587
Local/Unknown,Tanzania,Distributed Solar,GS2527 - Mobisol Solar Home Systems in Tanzania – VPA 1,Mobisol,45447.0,41862.0,GLD2528,https://registry.goldstandard.org/projects?q=gs2528
Local/Unknown,Tanzania,Lighting,Mobisol Solar Home Systems Micro-Scale PoA,Mobisol,0.0,0.0,GLD2527,https://registry.goldstandard.org/projects?q=gs2527
Local/Unknown,South Africa,Cookstove,Highveld Air Quality - Wesselton project,Nova Institute,30118.0,30118.0,GLD993,https://registry.goldstandard.org/projects?q=gs993
Local/Unknown,South Africa,Cookstove,Highveld Air Quality - Seme project,Nova Institute,27249.0,27230.0,GLD992,https://registry.goldstandard.org/projects?q=gs992
Local/Unknown,South Africa,Cookstove,Highveld Air Quality - Sakhile project,Nova Institute,5455.0,5455.0,GLD991,https://registry.goldstandard.org/projects?q=gs991
Local/Unknown,South Africa,Cookstove,Highveld Air Quality - EMM south project,Nova Institute,4034.0,4034.0,GLD990,https://registry.goldstandard.org/projects?q=gs990
United Kingdom,South Africa,Cookstove,Highveld Air Quality - EMM central project,QK TS Pvt. Ltd.,25113.0,25113.0,GLD989,https://registry.goldstandard.org/projects?q=gs989
Local/Unknown,South Africa,Cookstove,Highveld Air Quality - EMM north project,Nova Institute,41141.0,41141.0,GLD988,https://registry.goldstandard.org/projects?q=gs988
Local/Unknown,South Africa,Cookstove,Highveld Air Quality - Emfuleni project,Nova Institute,11589.0,11589.0,GLD987,https://registry.goldstandard.org/projects?q=gs987
Local/Unknown,South Africa,Cookstove,Highveld Air Quality - NFS project,Nova Institute,8377.0,8377.0,GLD986,https://registry.goldstandard.org/projects?q=gs986
United Kingdom,Uganda,Cookstove,Iganga Improved Cook Stoves,CO2balance UK ltd,0.0,0.0,GLD979,https://registry.goldstandard.org/projects?q=gs979
United Kingdom,Kenya,Cookstove,West Kisumu Improved Cook Stoves,CO2balance UK ltd,14841.0,14404.0,GLD978,https://registry.goldstandard.org/projects?q=gs978
United Kingdom,Kenya,Cookstove,Msambweni Improved Cook Stoves,CO2balance UK ltd,16261.0,16261.0,GLD977,https://registry.goldstandard.org/projects?q=gs977
United Kingdom,Kenya,Cookstove,Meru Improved Cook Stoves,CO2balance UK ltd,180964.0,176034.0,GLD976,https://registry.goldstandard.org/projects?q=gs976
Local/Unknown,Uganda,Cookstove,Improved Cook Stoves for East Africa (ICSEA) PoA,Uganda Carbon Bureau,0.0,0.0,GLD973,https://registry.goldstandard.org/projects?q=gs973
Local/Unknown,Kenya,Energy Efficiency,Paradigm Healthy Cookstove and Water Treatment Project,The Paradigm Project,1577010.0,1570057.0,GLD966,https://registry.goldstandard.org/projects?q=gs966
European Union,Kenya,Methane Biodigester,Nairobi River Basin Biogas Project,atmosfair gGmbH,29249.0,1126.0,GLD939,https://registry.goldstandard.org/projects?q=gs939
Switzerland,Uganda,Cookstove,GS936 Clean Cook Stoves in Sub-Saharan Africa by ClimateCare Limited,Climate Impact Partners Limited,0.0,0.0,GLD936,https://registry.goldstandard.org/projects?q=gs936
Local/Unknown,Kenya,Cookstove,Kakuma Sustainable Energy Solutions,Access 2 Carbon Markets/ e)mission,0.0,0.0,GLD924,https://registry.goldstandard.org/projects?q=gs924
European Union,Lesotho,Cookstove,Efficient Wood Fuel Stove-Cooking-Sets Lesotho,atmosfair gGmbH,273332.0,49721.0,GLD913,https://registry.goldstandard.org/projects?q=gs913
Local/Unknown,Kenya,Cookstove,Sustainable Deployment of the LifeStraw Family in rural Kenya,Vestergaard Frandsen Group SA,4476205.0,4447339.0,GLD886,https://registry.goldstandard.org/projects?q=gs886
United Kingdom,Kenya,Cookstove,Aberdares Improved Cook Stoves,CO2balance UK ltd,101776.0,89692.0,GLD883,https://registry.goldstandard.org/projects?q=gs883
Local/Unknown,Guinea,Cookstove,Improved cook-stoves in Guinea,Bolivia Inti Sud Soleil,11779.0,11779.0,GLD880,https://registry.goldstandard.org/projects?q=gs880
Local/Unknown,Kenya,Cookstove,Energy Efficient Cook Stoves for Siaya Communities Kenya,myclimate Foundation,1797944.0,1423798.0,GLD879,https://registry.goldstandard.org/projects?q=gs879
United Kingdom,Tanzania,Energy Efficiency,Dissemination of fuel efficient biomass stoves and water purification systems in Tanzania,Envirofit International Ltd.,194902.0,194874.0,GLD850,https://registry.goldstandard.org/projects?q=gs850
United Kingdom,Kenya,Cookstove,Kisumu Improved Cook Stoves,CO2balance UK ltd,168776.0,140944.0,GLD843,https://registry.goldstandard.org/projects?q=gs843
European Union,Nigeria,Cookstove,GS834 Improved Cooking Stoves for Nigeria Programme of Activities,atmosfair gGmbH,0.0,0.0,GLD834,https://registry.goldstandard.org/projects?q=gs834
United Kingdom,Kenya,Cookstove,Shimoni Improved Cook Stoves,CO2balance UK ltd,4119.0,4055.0,GLD827,https://registry.goldstandard.org/projects?q=gs827
United Kingdom,Kenya,Cookstove,Likoni and Shimoni Improved Cook Stove Project,CO2balance UK ltd,10284.0,9408.0,GLD825,https://registry.goldstandard.org/projects?q=gs825
United Kingdom,Kenya,Cookstove,Shimba Hills Improved Cook Stoves,CO2balance UK ltd,233416.0,218981.0,GLD824,https://registry.goldstandard.org/projects?q=gs824
Local/Unknown,Kenya,Cookstove,Stoves for Life: Energy Efficient Cook Stoves Project in Kakamega Kenya,myclimate Foundation,1938784.0,1848132.0,GLD769,https://registry.goldstandard.org/projects?q=gs769
Local/Unknown,Eritrea,Cookstove,Dissemination of improved stoves (Mogogo) in the Eritrean highlands,myclimate Foundation,25701.0,25574.0,GLD748,https://registry.goldstandard.org/projects?q=gs748
Local/Unknown,Kenya,Wind,Lake Turkana 310MW Wind Power Project,Lake Turkana Wind Power,0.0,0.0,GLD725,https://registry.goldstandard.org/projects?q=gs725
Local/Unknown,Burkina Faso,Cookstove,GS1340 Efficient cookstoves in Burkina Faso – VPA-13 - tiipaalga F3PA cookstoves in Kourwéogo,Tiipaalga,23287.0,15274.0,GLD6420,https://registry.goldstandard.org/projects?q=gs6420
United Kingdom,Zimbabwe,Borehole,GS1247 VPA 147 Manicaland Safe Water,CO2balance UK ltd,28488.0,17377.0,GLD6523,https://registry.goldstandard.org/projects?q=gs6523
United Kingdom,Zimbabwe,Borehole,GS1247 VPA 146 Manicaland Safe Water,CO2balance UK ltd,32535.0,22542.0,GLD6522,https://registry.goldstandard.org/projects?q=gs6522
United Kingdom,Zimbabwe,Borehole,GS1247 VPA 145 Manicaland Safe Water,CO2balance UK ltd,28487.0,21679.0,GLD6521,https://registry.goldstandard.org/projects?q=gs6521
United Kingdom,Zimbabwe,Borehole,GS1247 VPA 144 Manicaland Safe Water,CO2balance UK ltd,28581.0,21734.0,GLD6520,https://registry.goldstandard.org/projects?q=gs6520
United Kingdom,Zimbabwe,Borehole,GS1247 VPA 143 Manicaland Safe Water,CO2balance UK ltd,28199.0,20076.0,GLD6519,https://registry.goldstandard.org/projects?q=gs6519
United Kingdom,Zimbabwe,Borehole,GS1247 VPA 142 Manicaland Safe Water,CO2balance UK ltd,28034.0,20878.0,GLD6518,https://registry.goldstandard.org/projects?q=gs6518
United States,Uganda,Clean Water,VPA - Spouts - 3,Believe Green LLC,26622.0,26622.0,GLD6445,https://registry.goldstandard.org/projects?q=gs6445
United States,Uganda,Clean Water,VPA - Spouts - 2,Believe Green LLC,27142.0,27142.0,GLD6444,https://registry.goldstandard.org/projects?q=gs6444
Local/Unknown,Senegal,Borehole,"GS5658 VPA 3: Borehole project ""Antonio Giaffreda"" Senegal",Carbonsink (Carbonsink Group S.r.l.),17846.0,11872.0,GLD6443,https://registry.goldstandard.org/projects?q=gs6443
United Kingdom,Eritrea,Borehole,GS1247 VPA 135 Zoba Maekel Community Boreholes,CO2balance UK ltd,32763.0,23614.0,GLD6236,https://registry.goldstandard.org/projects?q=gs6236
United Kingdom,Eritrea,Borehole,GS1247 VPA 136 Zoba Maekel Community Boreholes,CO2balance UK ltd,29871.0,20657.0,GLD6237,https://registry.goldstandard.org/projects?q=gs6237
United Kingdom,Eritrea,Borehole,GS1247 VPA 134 Zoba Maekel Community Boreholes,CO2balance UK ltd,53284.0,36141.0,GLD6235,https://registry.goldstandard.org/projects?q=gs6235
United Kingdom,Uganda,Borehole,GS1247 VPA 141 Lango Safe Water Project,CO2balance UK ltd,24790.0,18138.0,GLD6351,https://registry.goldstandard.org/projects?q=gs6351
United Kingdom,Uganda,Borehole,GS1247 VPA 140 Lango Safe Water Project,CO2balance UK ltd,26087.0,16994.0,GLD6350,https://registry.goldstandard.org/projects?q=gs6350
United Kingdom,Uganda,Borehole,GS1247 VPA 139 Lango Safe Water Project,CO2balance UK ltd,27140.0,19880.0,GLD6349,https://registry.goldstandard.org/projects?q=gs6349
Local/Unknown,Uganda,Cookstove,Improved cook stove project for smallholder coffee farmers in Uganda.,Fairtrade International,0.0,0.0,GLD6310,https://registry.goldstandard.org/projects?q=gs6310
European Union,Rwanda,Borehole,GS5047 VPA21 African Improved Cookstoves and Clean Water Programme: Nyagatare Safe Water Project I,Likano Project Development GmbH,41094.0,29202.0,GLD6189,https://registry.goldstandard.org/projects?q=gs6189
Local/Unknown,Mozambique,Cookstove,Efficient And Clean Cooking For Mozambican Low Income Housholds - George Dimitrov VPA1,Mozambique Carbon Initiative LDA,97745.0,75147.0,GLD6155,https://registry.goldstandard.org/projects?q=gs6155
Local/Unknown,Uganda,Cookstove,PoA GS 973 - Aid Africa CPA 1 GS 6143,Uganda Carbon Bureau,0.0,0.0,GLD6143,https://registry.goldstandard.org/projects?q=gs6143
United Kingdom,Rwanda,Methane Biodigester,Sustainable Fuelwood and Microgasification Cooking Solutions for rural and urban Households CPA1,INYENYERI A RWANDAN SOCIAL BENEFIT COMPANY Ltd,0.0,0.0,GLD6133,https://registry.goldstandard.org/projects?q=gs6133
Local/Unknown,Malawi,Energy Efficiency,Integrated Biomass Energy Conservation Project - Malawi,Hestian Innovation,256522.0,256013.0,GLD613,https://registry.goldstandard.org/projects?q=gs613
United States,Uganda,Clean Water,VPA - Spouts - 1,Believe Green LLC,25432.0,25432.0,GLD6101,https://registry.goldstandard.org/projects?q=gs6101
Local/Unknown,South Africa,Cookstove,Highveld Air Quality - Phumula project,Nova Institute,8436.0,8436.0,GLD609,https://registry.goldstandard.org/projects?q=gs609
United Kingdom,Rwanda,Cookstove,Sustainable Fuelwood and Microgasification Cooking Solutions for rural and urban Households,INYENYERI A RWANDAN SOCIAL BENEFIT COMPANY Ltd,0.0,0.0,GLD6070,https://registry.goldstandard.org/projects?q=gs6070
European Union,Rwanda,Cookstove,GS5047 VPA10 African Improved Cookstoves and Clean Water Programme: Virunga Mountain Gorilla Cookstove Project Musanze IV,Likano Project Development GmbH,0.0,0.0,GLD6053,https://registry.goldstandard.org/projects?q=gs6053
United Kingdom,Eritrea,Clean Water,GS1247 VPA 133 Zoba Anseba Community Safe Water,CO2balance UK ltd,0.0,0.0,GLD6045,https://registry.goldstandard.org/projects?q=gs6045
United Kingdom,Eritrea,Clean Water,GS1247 VPA 132 Zoba Anseba Community Safe Water,CO2balance UK ltd,0.0,0.0,GLD6044,https://registry.goldstandard.org/projects?q=gs6044
United Kingdom,Eritrea,Clean Water,GS1247 VPA 131 Zoba Anseba Community Safe Water,CO2balance UK ltd,0.0,0.0,GLD6043,https://registry.goldstandard.org/projects?q=gs6043
United Kingdom,Eritrea,Clean Water,GS1247 VPA 130 Zoba Anseba Community Safe Water,CO2balance UK ltd,35085.0,16769.0,GLD6042,https://registry.goldstandard.org/projects?q=gs6042
United Kingdom,Eritrea,Clean Water,GS1247 VPA 129 Zoba Anseba Community Safe Water,CO2balance UK ltd,39433.0,13415.0,GLD6041,https://registry.goldstandard.org/projects?q=gs6041
United Kingdom,Ethiopia,Borehole,GS1247 VPA 128 Southern Ethiopia Community Boreholes,CO2balance UK ltd,29985.0,25711.0,GLD6038,https://registry.goldstandard.org/projects?q=gs6038
Local/Unknown,Benin,Cookstove,GS2489 – Efficient cookstoves in Benin and Togo – VPA2 – EcoBénin – Wanrou efficient cookstoves in Atacora/Donga region,CO2logic,44034.0,43005.0,GLD6008,https://registry.goldstandard.org/projects?q=gs6008
United Kingdom,Eritrea,Borehole,GS1247 VPA 121 Zoba Debub Community Boreholes,CO2balance UK ltd,43590.0,26872.0,GLD5827,https://registry.goldstandard.org/projects?q=gs5827
United Kingdom,Eritrea,Borehole,GS1247 VPA 120 Zoba Debub Community Boreholes,CO2balance UK ltd,43575.0,30288.0,GLD5826,https://registry.goldstandard.org/projects?q=gs5826
United Kingdom,Eritrea,Borehole,GS1247 VPA 119 Zoba Debub Community Boreholes,CO2balance UK ltd,46680.0,32746.0,GLD5825,https://registry.goldstandard.org/projects?q=gs5825
United Kingdom,Eritrea,Borehole,GS1247 VPA 125 Zoba Anseba Community Safe Water,CO2balance UK ltd,41553.0,28556.0,GLD5954,https://registry.goldstandard.org/projects?q=gs5954
United Kingdom,Eritrea,Borehole,GS1247 VPA 124 Zoba Anseba Community Safe Water,CO2balance UK ltd,41048.0,29197.0,GLD5953,https://registry.goldstandard.org/projects?q=gs5953
United Kingdom,Eritrea,Borehole,GS1247 VPA 123 Zoba Anseba Community Safe Water,CO2balance UK ltd,42314.0,27999.0,GLD5952,https://registry.goldstandard.org/projects?q=gs5952
European Union,Rwanda,Cookstove,GS5047 VPA8 African Improved Cookstoves and Clean Water Programme: Virunga Mountain Gorilla Cookstove Project Musanze II,Likano Project Development GmbH,33581.0,33246.0,GLD5892,https://registry.goldstandard.org/projects?q=gs5892
European Union,Rwanda,Cookstove,GS5047 VPA7 African Improved Cookstoves and Clean Water Programme: Virunga Mountain Gorilla Cookstove Project Musanze,Likano Project Development GmbH,24417.0,18793.0,GLD5891,https://registry.goldstandard.org/projects?q=gs5891
European Union,Rwanda,Cookstove,GS5047 VPA6 African Improved Cookstoves and Clean Water Programme: Virunga Mountain Gorilla Cookstove Project Nyabihu II,Likano Project Development GmbH,27932.0,27649.0,GLD5890,https://registry.goldstandard.org/projects?q=gs5890
European Union,Rwanda,Cookstove,GS5047 VPA5 African Improved Cookstoves and Clean Water Programme: Virunga Mountain Gorilla Cookstove Project Burera II,Likano Project Development GmbH,23703.0,22118.0,GLD5889,https://registry.goldstandard.org/projects?q=gs5889
Local/Unknown,Kenya,Cookstove,ECO2 Renewable Biomass Fuel Enterprise,myclimate Foundation,0.0,0.0,GLD5841,https://registry.goldstandard.org/projects?q=gs5841
Local/Unknown,Mozambique,Cookstove,GS5658 VPA 2: Improved Cookstoves for Rural Families in Gilé Reserve Area Mozambique,Carbonsink (Carbonsink Group S.r.l.),0.0,0.0,GLD5812,https://registry.goldstandard.org/projects?q=gs5812
Local/Unknown,Burundi,Cookstove,GS5658: PoA - Climate Finance for Sustainable Development,Carbonsink (Carbonsink Group S.r.l.),0.0,0.0,GLD5658,https://registry.goldstandard.org/projects?q=gs5658
Local/Unknown,Uganda,Cookstove,Heavy Duty Institutional Cook Stoves for Uganda,Virunga Engineering Works,0.0,0.0,GLD5800,https://registry.goldstandard.org/projects?q=gs5800
European Union,Rwanda,Cookstove,GS5047 VPA4 African Improved Cookstoves and Clean Water Programme: Virunga Mountain Gorilla Cookstove Project Musanze I,Likano Project Development GmbH,43988.0,38971.0,GLD5783,https://registry.goldstandard.org/projects?q=gs5783
European Union,Rwanda,Cookstove,GS5047 VPA3 African Improved Cookstoves and Clean Water Programme: Virunga Mountain Gorilla Cookstove Project RubavuI,Likano Project Development GmbH,40967.0,40671.0,GLD5782,https://registry.goldstandard.org/projects?q=gs5782
European Union,Rwanda,Cookstove,GS5047 VPA2 African Improved Cookstoves and Clean Water Programme: Virunga Mountain Gorilla Cookstove Project Nyabihu I,Likano Project Development GmbH,40645.0,40349.0,GLD5781,https://registry.goldstandard.org/projects?q=gs5781
Switzerland,Kenya,Cookstove,GS2504 Voluntary Gold Standard Multi-country Improved Cookstove PoA-Flamingo Cookstove Project VPA5,South Pole Ltd,5469.0,5434.0,GLD5780,https://registry.goldstandard.org/projects?q=gs5780
European Union,Rwanda,Cookstove,GS4424 VPA6 African Cookstoves and Water Programme,Likano Project Development GmbH,0.0,0.0,GLD5638,https://registry.goldstandard.org/projects?q=gs5638
European Union,Rwanda,Cookstove,GS4424 VPA5 African Cookstoves and Water Programme,Likano Project Development GmbH,37001.0,36452.0,GLD5637,https://registry.goldstandard.org/projects?q=gs5637
European Union,Rwanda,Cookstove,GS4424 VPA4 African Cookstoves and Water Programme,Likano Project Development GmbH,36714.0,35425.0,GLD5636,https://registry.goldstandard.org/projects?q=gs5636
European Union,Rwanda,Cookstove,GS4424 VPA3 African Cookstoves and Water Programme,Likano Project Development GmbH,37052.0,35990.0,GLD5635,https://registry.goldstandard.org/projects?q=gs5635
European Union,Rwanda,Cookstove,GS4424 VPA2 African Cookstoves and Water Prorgamme,Likano Project Development GmbH,37030.0,36594.0,GLD5634,https://registry.goldstandard.org/projects?q=gs5634
Local/Unknown,Mozambique,Cookstove,Efficient and Clean Cooking For Mozambican Low-Income Households PoA,Mozambique Carbon Initiative LDA,0.0,0.0,GLD5562,https://registry.goldstandard.org/projects?q=gs5562
United Kingdom,Rwanda,Borehole,GS1247 VPA 106 Improved Kitchen Regimes: Kayonza District Borehole Project Rwanda,CO2balance UK ltd,42039.0,42039.0,GLD5392,https://registry.goldstandard.org/projects?q=gs5392
United Kingdom,Malawi,Borehole,GS1247 VPA 115 Improved Kitchen Regimes Multi-Country PoA - Dowa Boreholes Malawi,CO2balance UK ltd,56418.0,54262.0,GLD5440,https://registry.goldstandard.org/projects?q=gs5440
United Kingdom,Rwanda,Borehole,GS1247 VPA 108 Improved Kitchen Regimes: Kayonza District Borehole Project Rwanda,CO2balance UK ltd,23935.0,23583.0,GLD5394,https://registry.goldstandard.org/projects?q=gs5394
United Kingdom,Rwanda,Borehole,GS1247 VPA 110 Improved Kitchen Regimes: Kayonza District Borehole Project Rwanda,CO2balance UK ltd,33938.0,33603.0,GLD5396,https://registry.goldstandard.org/projects?q=gs5396
United Kingdom,Rwanda,Borehole,GS1247 VPA 107 Improved Kitchen Regimes: Kayonza District Borehole Project Rwanda,CO2balance UK ltd,41917.0,41768.0,GLD5393,https://registry.goldstandard.org/projects?q=gs5393
Local/Unknown,Ethiopia,Cookstove,Oromia Cookstove Distribution Project,Oromia Coffee Farmers Cooperative Union,99115.0,93214.0,GLD5463,https://registry.goldstandard.org/projects?q=gs5463
United Kingdom,Malawi,Cookstove,GS5382 Energy for Sustainable Development – Malawi 2,United Purpose Ltd,36766.0,36764.0,GLD5447,https://registry.goldstandard.org/projects?q=gs5447
Local/Unknown,Cameroon,Cookstove,The Cameroon Heat Retention Cooker Project,Pro Climate International,61472.0,44967.0,GLD5444,https://registry.goldstandard.org/projects?q=gs5444
United Kingdom,Malawi,Borehole,GS1247 VPA 118 Improved Kitchen Regimes Multi-Country PoA - Dowa Boreholes Malawi,QK TS Pvt. Ltd.,0.0,0.0,GLD5443,https://registry.goldstandard.org/projects?q=gs5443
United Kingdom,Malawi,Borehole,GS1247 VPA 117 Improved Kitchen Regimes Multi-Country PoA - Dowa Boreholes Malawi,QK TS Pvt. Ltd.,0.0,0.0,GLD5442,https://registry.goldstandard.org/projects?q=gs5442
European Union,Rwanda,Cookstove,GS5047 VPA1 African Improved Cookstoves and Clean Water Programme: Virunga Mountain Gorilla Cookstove Project Burera I,Likano Project Development GmbH,35810.0,32825.0,GLD5434,https://registry.goldstandard.org/projects?q=gs5434
United Kingdom,Malawi,Borehole,GS1247 VPA 101 Improved Kitchen Regimes Multi-Country PoA - Kasungu Boreholes Malawi,CO2balance UK ltd,66212.0,56760.0,GLD5341,https://registry.goldstandard.org/projects?q=gs5341
United Kingdom,Malawi,Borehole,GS1247 VPA 97 Improved Kitchen Regimes Multi-Country PoA - Dowa & Kasungu Boreholes Malawi,CO2balance UK ltd,71890.0,50630.0,GLD5337,https://registry.goldstandard.org/projects?q=gs5337
United Kingdom,Ethiopia,Borehole,GS1247 VPA 87 Southern Ethiopia Community Boreholes,CO2balance UK ltd,29977.0,29454.0,GLD5323,https://registry.goldstandard.org/projects?q=gs5323
United Kingdom,Malawi,Borehole,GS1247 VPA 93 Improved Kitchen Regimes Multi-Country PoA - Dowa & Kasungu Boreholes Malawi,CO2balance UK ltd,75827.0,62489.0,GLD5331,https://registry.goldstandard.org/projects?q=gs5331
United Kingdom,Malawi,Cookstove,GS5382 Energy for Sustainable Development - Malawi 1,United Purpose Ltd,37894.0,37892.0,GLD5383,https://registry.goldstandard.org/projects?q=gs5383
United Kingdom,Malawi,Energy Efficiency,Water and Energy for Sustainable Development Programme of Activities,United Purpose Ltd,0.0,0.0,GLD5382,https://registry.goldstandard.org/projects?q=gs5382
United Kingdom,Malawi,Borehole,GS1247 VPA 105 Improved Kitchen Regimes Multi-Country PoA - Kasungu Boreholes Malawi,QK TS Pvt. Ltd.,0.0,0.0,GLD5345,https://registry.goldstandard.org/projects?q=gs5345
United Kingdom,Ethiopia,Cookstove,GS1247 VPA 90 Southern Ethiopia Efficient Cook Stoves,CO2balance UK ltd,65640.0,52767.0,GLD5326,https://registry.goldstandard.org/projects?q=gs5326
United Kingdom,Ethiopia,Cookstove,GS1247 VPA 89 Southern Ethiopia Efficient Cook Stoves,CO2balance UK ltd,64404.0,47332.0,GLD5325,https://registry.goldstandard.org/projects?q=gs5325
United Kingdom,Uganda,Clean Water,GS 2404 International Water Purification program - Chlorine Dispensers in Uganda - CPA 21,Swiss Carbon Assets Ltd.,0.0,0.0,GLD5306,https://registry.goldstandard.org/projects?q=gs5306
United Kingdom,Uganda,Clean Water,GS 2404 International Water Purification program - Chlorine Dispensers in Uganda - CPA 22,Swiss Carbon Assets Ltd.,0.0,0.0,GLD5305,https://registry.goldstandard.org/projects?q=gs5305
United Kingdom,Eritrea,Borehole,GS1247 VPA 85 Zoba Maekel Community Boreholes,CO2balance UK ltd,51746.0,39506.0,GLD5245,https://registry.goldstandard.org/projects?q=gs5245
United Kingdom,Rwanda,Energy Efficiency,GS1488 CPA001 Rubavu District in the Western Province of the Republic of Rwanda,DelAgua Health,0.0,0.0,GLD5227,https://registry.goldstandard.org/projects?q=gs5227
United Kingdom,Uganda,Borehole,GS1247 VPA 83 Lango Safe Water Project,CO2balance UK ltd,23821.0,22528.0,GLD5197,https://registry.goldstandard.org/projects?q=gs5197
United Kingdom,Uganda,Borehole,GS1247 VPA 82 Lango Safe Water Project,CO2balance UK ltd,23256.0,18853.0,GLD5196,https://registry.goldstandard.org/projects?q=gs5196
United Kingdom,Uganda,Borehole,GS1247 VPA 81 Lango Safe Water Project,CO2balance UK ltd,10237.0,10220.0,GLD5195,https://registry.goldstandard.org/projects?q=gs5195
United Kingdom,Uganda,Borehole,GS1247 VPA 80 Lango Safe Water Project,CO2balance UK ltd,29234.0,27759.0,GLD5194,https://registry.goldstandard.org/projects?q=gs5194
United Kingdom,Uganda,Borehole,GS1247 VPA 79 Lango Safe Water Project,CO2balance UK ltd,37549.0,36434.0,GLD5193,https://registry.goldstandard.org/projects?q=gs5193
United Kingdom,Uganda,Borehole,GS1247 VPA 78 Lango Safe Water Project,CO2balance UK ltd,39488.0,35222.0,GLD5192,https://registry.goldstandard.org/projects?q=gs5192
United Kingdom,Uganda,Borehole,GS1247 VPA 77 Lango Safe Water Project,CO2balance UK ltd,36533.0,35222.0,GLD5191,https://registry.goldstandard.org/projects?q=gs5191
United Kingdom,Uganda,Borehole,GS1247 VPA 76 Lango Safe Water Project,CO2balance UK ltd,31690.0,28608.0,GLD5190,https://registry.goldstandard.org/projects?q=gs5190
United Kingdom,Uganda,Borehole,GS1247 VPA 75 Lango Safe Water Project,CO2balance UK ltd,31772.0,29414.0,GLD5189,https://registry.goldstandard.org/projects?q=gs5189
United Kingdom,Uganda,Borehole,GS1247 VPA 74 Lango Safe Water Project,CO2balance UK ltd,40352.0,37583.0,GLD5188,https://registry.goldstandard.org/projects?q=gs5188
United Kingdom,Uganda,Borehole,GS1247 VPA 73 Lango Safe Water Project,CO2balance UK ltd,39843.0,39017.0,GLD5187,https://registry.goldstandard.org/projects?q=gs5187
United Kingdom,Uganda,Borehole,GS1247 VPA 72 Lango Safe Water Project,CO2balance UK ltd,42350.0,38552.0,GLD5186,https://registry.goldstandard.org/projects?q=gs5186
United Kingdom,Eritrea,Borehole,GS1247 VPA 70 Zoba Debub Community Boreholes,CO2balance UK ltd,43129.0,29828.0,GLD5043,https://registry.goldstandard.org/projects?q=gs5043
United Kingdom,Eritrea,Borehole,GS1247 VPA 68 Zoba Debub Community Boreholes,CO2balance UK ltd,41950.0,31937.0,GLD5041,https://registry.goldstandard.org/projects?q=gs5041
United Kingdom,Eritrea,Borehole,GS1247 VPA 67 Zoba Debub Community Boreholes,CO2balance UK ltd,42890.0,32171.0,GLD5040,https://registry.goldstandard.org/projects?q=gs5040
United Kingdom,Eritrea,Borehole,GS1247 VPA 66 Zoba Debub Community Boreholes,CO2balance UK ltd,43248.0,33314.0,GLD5039,https://registry.goldstandard.org/projects?q=gs5039
United Kingdom,Eritrea,Borehole,Eritrea Community Boreholes,CO2balance UK ltd,914791.0,570777.0,GLD5125,https://registry.goldstandard.org/projects?q=gs5125
United Kingdom,Uganda,Borehole,GS1247 VPA 71 Lango Safe Water Project,CO2balance UK ltd,41078.0,38861.0,GLD5106,https://registry.goldstandard.org/projects?q=gs5106
Local/Unknown,Morocco,Wind,Jbel Sendouq-Khalladi (“Khalladi”) wind farm project in Morocco,ACWA Khalladi,316720.0,5857.0,GLD5073,https://registry.goldstandard.org/projects?q=gs5073
United Kingdom,Uganda,Clean Water,GS2404 International Water Purification Programme- Chlorine Dispensers in Uganda - CPA 10,Swiss Carbon Assets Ltd.,62614.0,0.0,GLD5052,https://registry.goldstandard.org/projects?q=gs5052
United Kingdom,Uganda,Clean Water,GS2404 International Water purification PoA - Chlorine Dispensers in Uganda - CPA 9,Swiss Carbon Assets Ltd.,42768.0,0.0,GLD5051,https://registry.goldstandard.org/projects?q=gs5051
European Union,Rwanda,Energy Efficiency,African Improved Cookstoves and Clean Water Programme PoA,Likano Project Development GmbH,0.0,0.0,GLD5047,https://registry.goldstandard.org/projects?q=gs5047
Local/Unknown,Morocco,Centralized Solar,Ouarzazate I Concentrated Solar Power Project,MASEN,0.0,0.0,GLD5037,https://registry.goldstandard.org/projects?q=gs5037
United Kingdom,Rwanda,Borehole,GS1247 VPA 64 Improved Kitchen Regimes: Kayonza District Borehole Project Rwanda,CO2balance UK ltd,35536.0,35387.0,GLD5036,https://registry.goldstandard.org/projects?q=gs5036
United Kingdom,Rwanda,Borehole,GS1247 VPA 63 Improved Kitchen Regimes: Kayonza District Borehole Project Rwanda,CO2balance UK ltd,34740.0,33898.0,GLD5035,https://registry.goldstandard.org/projects?q=gs5035
United Kingdom,Rwanda,Borehole,GS1247 VPA 62 Improved Kitchen Regimes: Kayonza District Borehole Project Rwanda,CO2balance UK ltd,34625.0,34141.0,GLD5034,https://registry.goldstandard.org/projects?q=gs5034
United Kingdom,Rwanda,Borehole,GS1247 VPA 61 Improved Kitchen Regimes: Kayonza District Borehole Project Rwanda,CO2balance UK ltd,34625.0,34290.0,GLD5033,https://registry.goldstandard.org/projects?q=gs5033
Local/Unknown,Chad,Cookstove,GS1205 Sustainable Energy for Development PoA VPA 9: Improved cook stove project in Chad,Initiative Developpement,0.0,0.0,GLD5032,https://registry.goldstandard.org/projects?q=gs5032
Local/Unknown,Uganda,Cookstove,PoA GS973 - GUMUTINDO CPA1,Uganda Carbon Bureau,0.0,0.0,GLD5031,https://registry.goldstandard.org/projects?q=gs5031
Local/Unknown,Morocco,Centralized Solar,Ouarzazate II & III Concentrated Solar Power Project,Deactivated Projects,0.0,0.0,GLD5019,https://registry.goldstandard.org/projects?q=gs5019
Local/Unknown,Comoros,Cookstove,GS1205 Sustainable Energy for Development PoA VPA 8: Improved Cook Stove Project in the Comoros,Initiative Developpement,0.0,0.0,GLD5018,https://registry.goldstandard.org/projects?q=gs5018
United Kingdom,Mali,Cookstove,Bamako Clean Cookstoves - Improving livelihoods and fighting desertification in the Sahel zone,Swiss Carbon Value Ltd.,407458.0,302892.0,GLD5003,https://registry.goldstandard.org/projects?q=gs5003
European Union,Rwanda,Cookstove,GS4424 VPA1 African Cookstoves and Water Programme,Likano Project Development GmbH,36726.0,33589.0,GLD4906,https://registry.goldstandard.org/projects?q=gs4906
United Kingdom,Rwanda,Borehole,GS1247 VPA 60 Improved Kitchen Regimes: Kayonza District Borehole Project Rwanda,CO2balance UK ltd,40955.0,40441.0,GLD4901,https://registry.goldstandard.org/projects?q=gs4901
United Kingdom,Rwanda,Borehole,GS1247 VPA 59 Improved Kitchen Regimes: Kayonza District Borehole Project Rwanda,CO2balance UK ltd,41611.0,40919.0,GLD4900,https://registry.goldstandard.org/projects?q=gs4900
United Kingdom,Eritrea,Borehole,GS1247 VPA 55 Eritrean District Boreholes,CO2balance UK ltd,51739.0,43116.0,GLD4798,https://registry.goldstandard.org/projects?q=gs4798
United Kingdom,Rwanda,Borehole,GS1247 VPA 58 Improved Kitchen Regimes: Kayonza District Borehole Project Rwanda,CO2balance UK ltd,41334.0,40914.0,GLD4899,https://registry.goldstandard.org/projects?q=gs4899
United Kingdom,Rwanda,Borehole,GS1247 VPA 57 Improved Kitchen Regimes: Kayonza District Borehole Project Rwanda,CO2balance UK ltd,41864.0,40602.0,GLD4898,https://registry.goldstandard.org/projects?q=gs4898
United Kingdom,Rwanda,Borehole,GS1247 VPA 56 Improved Kitchen Regimes: Kayonza District Borehole Project Rwanda,CO2balance UK ltd,41872.0,40310.0,GLD4897,https://registry.goldstandard.org/projects?q=gs4897
Local/Unknown,Rwanda,Cookstove,RDIS Carbon Emission Reduction for Self-Sustainable Environmental Care,Rural Development Inter - Diocesan Services (RDIS),7635.0,0.0,GLD4823,https://registry.goldstandard.org/projects?q=gs4823
Local/Unknown,DR Congo,Cookstove,Empowering DRC communities through the use of Improved Cook Stoves - CPA 002,Climate Corporation,0.0,0.0,GLD4701,https://registry.goldstandard.org/projects?q=gs4701
Local/Unknown,Ethiopia,Cookstove,Project Gaia Cook Stove Programme of Activities CPA0003 Ethiopia,Project Gaia,0.0,0.0,GLD4677,https://registry.goldstandard.org/projects?q=gs4677
Local/Unknown,South Africa,Biomass,Letaba Biomass to Energy Project,myclimate Foundation,10355.0,10324.0,GLD467,https://registry.goldstandard.org/projects?q=gs467
Local/Unknown,Madagascar,Cookstove,ADES Solar and efficient stoves in Madagascar,myclimate Foundation,3419661.0,2769543.0,GLD464,https://registry.goldstandard.org/projects?q=gs464
Local/Unknown,South Africa,Cookstove,Brickstar Wood Stove - Nwamitwa Area,Nova Institute,0.0,0.0,GLD4627,https://registry.goldstandard.org/projects?q=gs4627
Local/Unknown,Mozambique,Cookstove,GS1247 VPA 53: Improved Cook Stoves in Chamanculo C Maputo (Mozambique) phase III,Carbonsink (Carbonsink Group S.r.l.),13798.0,13798.0,GLD4612,https://registry.goldstandard.org/projects?q=gs4612
Local/Unknown,Mozambique,Cookstove,GS1247 VPA 52: Improved Cook Stoves in Chamanculo C Maputo (Mozambique) phase II,Carbonsink (Carbonsink Group S.r.l.),16464.0,16211.0,GLD4611,https://registry.goldstandard.org/projects?q=gs4611
Local/Unknown,Djibouti,Cookstove,Project Gaia Cook Stove Programme of Activities - CPA0002 Djibouti,Project Gaia,0.0,0.0,GLD4602,https://registry.goldstandard.org/projects?q=gs4602
Local/Unknown,Cameroon,Compost,Municipal Waste Composting in Dschang Cameroon,GoodPlanet,20405.0,17954.0,GLD4593,https://registry.goldstandard.org/projects?q=gs4593
United Kingdom,Eritrea,Borehole,GS1247 VPA 48 Eritrean District Boreholes,CO2balance UK ltd,52509.0,43498.0,GLD4519,https://registry.goldstandard.org/projects?q=gs4519
United Kingdom,Eritrea,Cookstove,GS1247 VPA 51 Improved Kitchen Regimes: Dissemination of improved stove in Zoba Anseba Eritrea 4,CO2balance UK ltd,0.0,0.0,GLD4564,https://registry.goldstandard.org/projects?q=gs4564
United Kingdom,Eritrea,Cookstove,GS1247 VPA 50 Improved Kitchen Regimes: Dissemination of improved stove in Zoba Anseba Eritrea 3,CO2balance UK ltd,0.0,0.0,GLD4563,https://registry.goldstandard.org/projects?q=gs4563
United Kingdom,Uganda,Borehole,GS1247 VPA 49 Improved Kitchen Regimes:Kaliro Safe Water Project,CO2balance UK ltd,45665.0,43396.0,GLD4553,https://registry.goldstandard.org/projects?q=gs4553
Local/Unknown,Malawi,Cookstove,M’tetezi Improved cook-stoves Balaka District Malawi,Project Developer,365063.0,54764.0,GLD4539,https://registry.goldstandard.org/projects?q=gs4539
Local/Unknown,Madagascar,Cookstove,Tandavanala TsinjoHarena Improved cook-stoves in Vatovavy Fitovinany Region Madagascar,Tandavanala,0.0,0.0,GLD4537,https://registry.goldstandard.org/projects?q=gs4537
Local/Unknown,South Africa,Cookstove,Brickstar Wood Stove - Mahlaba Area,Nova Institute,5156.0,4715.0,GLD4536,https://registry.goldstandard.org/projects?q=gs4536
Local/Unknown,Ethiopia,Cookstove,Project Gaia Cook Stoves Programme of Activities Ethiopia CPA-0001,Project Gaia,0.0,0.0,GLD4535,https://registry.goldstandard.org/projects?q=gs4535
Switzerland,Tanzania,Clean Water,Sustainable Safe Water Programme,South Pole Ltd,0.0,0.0,GLD4503,https://registry.goldstandard.org/projects?q=gs4503
Local/Unknown,Uganda,Cookstove,Improved Cookstoves for Social Impact in Ugandan Communities,Impact Carbon,11404198.0,8638454.0,GLD447,https://registry.goldstandard.org/projects?q=gs447
United Kingdom,Eritrea,Borehole,GS1247 VPA 46 Eritrean District Boreholes,CO2balance UK ltd,54906.0,46664.0,GLD4423,https://registry.goldstandard.org/projects?q=gs4423
United Kingdom,Eritrea,Borehole,GS1247 VPA 45 Eritrean District Boreholes,CO2balance UK ltd,52420.0,43337.0,GLD4422,https://registry.goldstandard.org/projects?q=gs4422
Local/Unknown,Lesotho,Cookstove,SMARTD Improved Cookstove Programme,SMARTD,0.0,0.0,GLD4432,https://registry.goldstandard.org/projects?q=gs4432
European Union,Rwanda,Energy Efficiency,African Cookstoves and Water Programme PoA,Likano Project Development GmbH,0.0,0.0,GLD4424,https://registry.goldstandard.org/projects?q=gs4424
European Union,Cameroon,Cookstove,GS1023 Improved Cook Stoves programme for Rwanda #CPA2 Cameroon,atmosfair gGmbH,0.0,0.0,GLD4365,https://registry.goldstandard.org/projects?q=gs4365
Local/Unknown,Uganda,Cookstove,Institutional Improved Cook Stoves for Schools and Institutions in Uganda,Simoshi Limited,50047.0,19751.0,GLD4364,https://registry.goldstandard.org/projects?q=gs4364
Local/Unknown,Sudan,Cookstove,Cookstoves distribution in refugee and rural areas of Darfur region Africa,Potential Energy,0.0,0.0,GLD4272,https://registry.goldstandard.org/projects?q=gs4272
United States,Uganda,Cookstove,GS1247 VPA 44 BioLite Improved Stove Programme Uganda,BioLite Inc.,59717.0,59467.0,GLD4271,https://registry.goldstandard.org/projects?q=gs4271
European Union,Rwanda,Cookstove,CPA 5 Improved Cook Stoves programme for Rwanda,atmosfair gGmbH,215315.0,48768.0,GLD4261,https://registry.goldstandard.org/projects?q=gs4261
United Kingdom,Uganda,Borehole,GS1247 VPA 43 Alebtong Dokolo Otuke District Boreholes,CO2balance UK ltd,65171.0,63677.0,GLD4260,https://registry.goldstandard.org/projects?q=gs4260
European Union,Rwanda,Cookstove,CPA 4 Improved Cook Stoves programme for Rwanda,atmosfair gGmbH,301346.0,39969.0,GLD4259,https://registry.goldstandard.org/projects?q=gs4259
United States,Nigeria,Clean Water,GS1264: NativeEnergy Clean Water Programme West Africa: VPA (02) Nigeria,NativeEnergy Inc.,0.0,0.0,GLD4239,https://registry.goldstandard.org/projects?q=gs4239
Local/Unknown,Rwanda,Borehole,GS1247 VPA 42  Gatsibo District Boreholes  (GS4203),Deactivated Projects,44622.0,43660.0,GLD4203,https://registry.goldstandard.org/projects?q=gs4203
Local/Unknown,Uganda,Cookstove,PoA GS 973 Solar Sister Inc (SS) CPA1 GS4187,Uganda Carbon Bureau,0.0,0.0,GLD4187,https://registry.goldstandard.org/projects?q=gs4187
United Kingdom,Mali,Cookstove,*Improved Household Charcoal Stoves in Mali,Swiss Carbon Value Ltd.,1001341.0,1000701.0,GLD414,https://registry.goldstandard.org/projects?q=gs414
Local/Unknown,Ghana,Cookstove,*Improved Household Charcoal Stoves in Ghana,E+Carbon Inc,1534448.0,1531416.0,GLD413,https://registry.goldstandard.org/projects?q=gs413
Local/Unknown,Ethiopia,Cookstove,Project Gaia Cook Stove Programme of Activities,Project Gaia,0.0,0.0,GLD4121,https://registry.goldstandard.org/projects?q=gs4121
European Union,Nigeria,Cookstove,Efficient Fuel Wood Stoves for Nigeria,atmosfair gGmbH,97297.0,0.0,GLD411,https://registry.goldstandard.org/projects?q=gs411
Local/Unknown,Ghana,Cookstove,Gyapa Cook Stoves Project in Ghana,Relief International,6381551.0,5119519.0,GLD407,https://registry.goldstandard.org/projects?q=gs407
Local/Unknown,Kenya,Cookstove,PoA GS973 - JFK CPA1 GS4017/James Finlay Kenya (JFK) CPA1,Uganda Carbon Bureau,0.0,0.0,GLD4017,https://registry.goldstandard.org/projects?q=gs4017
Local/Unknown,Uganda,Cookstove,UGASTOVE CPA No1,Uganda Carbon Bureau,0.0,0.0,GLD3961,https://registry.goldstandard.org/projects?q=gs3961
Local/Unknown,Guinea,Clean Water,Deactivated Projects,Deactivated Projects,0.0,0.0,GLD3957,https://registry.goldstandard.org/projects?q=gs3957
United Kingdom,Rwanda,Cookstove,GS1247 VPA 39 Improved Kitchen Regimes: Bugesera Rwanda,CO2balance UK ltd,48474.0,48043.0,GLD3947,https://registry.goldstandard.org/projects?q=gs3947
United Kingdom,Rwanda,Cookstove,GS1247 VPA 38 Improved Kitchen Regimes: Bugesera Rwanda,CO2balance UK ltd,51583.0,50097.0,GLD3945,https://registry.goldstandard.org/projects?q=gs3945
Local/Unknown,Burkina Faso,Cookstove,Sustainable Development with Improved Cook Stoves in Burkina Faso,SNV-BF,0.0,0.0,GLD3931,https://registry.goldstandard.org/projects?q=gs3931
Local/Unknown,Burkina Faso,Cookstove,Sustainable Development with Improved Cook Stoves in Burkina Faso- VPA 1 - Improved Dolo Stove in the Boucle du Mouhoun Region,SNV-BF,0.0,0.0,GLD3905,https://registry.goldstandard.org/projects?q=gs3905
United Kingdom,Nigeria,Cookstove,Improved Cooking Stoves for Africa - Nigeria VPA001,Envirofit International Ltd.,0.0,0.0,GLD3902,https://registry.goldstandard.org/projects?q=gs3902
United Kingdom,Uganda,Clean Water,GS2404 International Water Purification Programme - CPA 3 Chlorine Dispensers in Uganda,Swiss Carbon Assets Ltd.,39083.0,0.0,GLD3668,https://registry.goldstandard.org/projects?q=gs3668
Local/Unknown,Ethiopia,Cookstove,TPP-CPA-ETH-03,The Paradigm Project,0.0,0.0,GLD3605,https://registry.goldstandard.org/projects?q=gs3605
Local/Unknown,Burkina Faso,Cookstove,GS1340 Efficient cookstoves in Burkina Faso - VPA-10 - tiipaalga F3PA cookstoves in Bam and Loroum,Tiipaalga,64495.0,48404.0,GLD3524,https://registry.goldstandard.org/projects?q=gs3524
Local/Unknown,Burkina Faso,Cookstove,GS1340 Efficient cookstoves in Burkina Faso - VPA-09 - tiipaalga F3PA cookstoves in Bam and Loroum,Tiipaalga,62812.0,44610.0,GLD3523,https://registry.goldstandard.org/projects?q=gs3523
United Kingdom,Uganda,Borehole,GS1247 VPA 35 Improved Kitchen Regimes: Kaliro Safe Water Project,CO2balance UK ltd,46119.0,46020.0,GLD3564,https://registry.goldstandard.org/projects?q=gs3564
United Kingdom,Uganda,Borehole,GS1247 VPA 34 Improved Kitchen Regimes: Kaliro Safe Water Project,CO2balance UK ltd,55713.0,52877.0,GLD3563,https://registry.goldstandard.org/projects?q=gs3563
United Kingdom,Malawi,Borehole,GS1247 VPA 37 Improved Kitchen Regimes - Dowa Boreholes Malawi,CO2balance UK ltd,106550.0,72757.0,GLD3561,https://registry.goldstandard.org/projects?q=gs3561
United Kingdom,Malawi,Borehole,GS1247 VPA 36 Improved Kitchen Regimes - Dowa Boreholes Malawi,CO2balance UK ltd,97586.0,70269.0,GLD3560,https://registry.goldstandard.org/projects?q=gs3560
Local/Unknown,Burkina Faso,Cookstove,GS1340 Efficient cookstoves in Burkina Faso - VPA-07 - tiipaalga F3PA cookstoves in Bam and Loroum,Tiipaalga,60102.0,30516.0,GLD3521,https://registry.goldstandard.org/projects?q=gs3521
Local/Unknown,Burkina Faso,Cookstove,GS1340 Efficient cookstoves in Burkina Faso - VPA-06 - tiipaalga F3PA cookstoves in Bam and Loroum,Tiipaalga,63376.0,19095.0,GLD3520,https://registry.goldstandard.org/projects?q=gs3520
Local/Unknown,Burkina Faso,Cookstove,GS1340 Efficient cookstoves in Burkina Faso - VPA-05 - tiipaalga F3PA cookstoves in Bam and Loroum,Tiipaalga,63836.0,28242.0,GLD3519,https://registry.goldstandard.org/projects?q=gs3519
Local/Unknown,Burkina Faso,Cookstove,GS1340 Efficient cookstoves in Burkina Faso - VPA-04 - tiipaalga F3PA cookstoves in Bam and Loroum,Tiipaalga,60189.0,17030.0,GLD3518,https://registry.goldstandard.org/projects?q=gs3518
Local/Unknown,Burkina Faso,Cookstove,GS1340 Efficient cookstoves in Burkina Faso - VPA-03 - tiipaalga F3PA cookstoves in Bam and Loroum,Tiipaalga,62047.0,30516.0,GLD3517,https://registry.goldstandard.org/projects?q=gs3517
Local/Unknown,DR Congo,Cookstove,Empowering DRC communities through the use of Improved Cook Stoves - CPA 001,Climate Corporation,0.0,0.0,GLD3513,https://registry.goldstandard.org/projects?q=gs3513
Local/Unknown,Rwanda,Borehole,GS1247 VPA 22 Improved Kitchen Regimes: Gatsibo District Borehole Project Rwanda,Deactivated Projects,43519.0,43519.0,GLD3433,https://registry.goldstandard.org/projects?q=gs3433
United Kingdom,Rwanda,Borehole,GS1247 VPA 20 Improved Kitchen Regimes: Gatsibo District Borehole Project Rwanda,CO2balance UK ltd,44824.0,44824.0,GLD3431,https://registry.goldstandard.org/projects?q=gs3431
United Kingdom,Rwanda,Cookstove,GS1247 VPA 18 Improved Kitchen Regimes Bugesera Rwanda,CO2balance UK ltd,48074.0,47608.0,GLD3451,https://registry.goldstandard.org/projects?q=gs3451
United Kingdom,Rwanda,Cookstove,GS1247 VPA 17 Improved Kitchen Regimes Bugesera Rwanda,CO2balance UK ltd,49144.0,48526.0,GLD3450,https://registry.goldstandard.org/projects?q=gs3450
United Kingdom,Rwanda,Cookstove,GS1247 VPA 16 Improved Kitchen Regimes: Mwogo (Bugesera) Rwanda,CO2balance UK ltd,48380.0,47999.0,GLD3449,https://registry.goldstandard.org/projects?q=gs3449
United Kingdom,Rwanda,Cookstove,GS1247 VPA 15 Improved Kitchen Regimes NYAMATA (Bugesera) Rwanda,CO2balance UK ltd,50688.0,50087.0,GLD3448,https://registry.goldstandard.org/projects?q=gs3448
United Kingdom,Rwanda,Cookstove,GS1247 VPA 14 Improved Kitchen Regimes NTARAMA (Bugesera) Rwanda,CO2balance UK ltd,49738.0,45839.0,GLD3447,https://registry.goldstandard.org/projects?q=gs3447
United Kingdom,Rwanda,Cookstove,GS1247 VPA 13 Improved Kitchen Regimes MUSENYI (Bugesera) Rwanda,CO2balance UK ltd,49414.0,49064.0,GLD3446,https://registry.goldstandard.org/projects?q=gs3446
United Kingdom,Rwanda,Cookstove,GS1247 VPA 12 Improved Kitchen Regimes: Shyara (Bugesera) Rwanda,CO2balance UK ltd,50431.0,49842.0,GLD3444,https://registry.goldstandard.org/projects?q=gs3444
United Kingdom,Uganda,Borehole,GS1247 VPA 33 Improved Kitchen Regimes : Kaliro Safe Water Project,CO2balance UK ltd,66951.0,53735.0,GLD3443,https://registry.goldstandard.org/projects?q=gs3443
Local/Unknown,Ethiopia,Cookstove,Improved Cook Stoves In Pastoral And Agro-Pastoral Communities In Southern Ethiopia,Carbonsink (Carbonsink Group S.r.l.),45989.0,45989.0,GLD3422,https://registry.goldstandard.org/projects?q=gs3422
Local/Unknown,Ethiopia,Cookstove,GS1324 Oromia Cookstove Distribution Project (TPP-CPA-ETH-02),The Paradigm Project,0.0,0.0,GLD3374,https://registry.goldstandard.org/projects?q=gs3374
European Union,Rwanda,Cookstove,CPA 3 Improved Cook Stoves programme for Rwanda - Inyenyeri,atmosfair gGmbH,0.0,0.0,GLD3359,https://registry.goldstandard.org/projects?q=gs3359
Local/Unknown,Uganda,Cookstove,Coffee A Cup Uganda CPA1,Uganda Carbon Bureau,0.0,0.0,GLD3325,https://registry.goldstandard.org/projects?q=gs3325
United Kingdom,Kenya,Cookstove,Improved Cooking Stoves for Africa - Kenya VPA001,Envirofit International Ltd.,0.0,0.0,GLD3256,https://registry.goldstandard.org/projects?q=gs3256
United Kingdom,Kenya,Cookstove,Improved Cooking Stoves for Africa Master PoA,Envirofit International Ltd.,0.0,0.0,GLD3255,https://registry.goldstandard.org/projects?q=gs3255
European Union,Uganda,Clean Water,South Western Household Water Project (SWHWP) - Masha,Klima ohne Grenzen gGmbH,0.0,0.0,GLD3127,https://registry.goldstandard.org/projects?q=gs3127
Local/Unknown,Kenya,Recycling,TakaTaka Solutions: Composting and Waste Management in Nairobi Kenya,myclimate Foundation,0.0,0.0,GLD3121,https://registry.goldstandard.org/projects?q=gs3121
United Kingdom,Malawi,Borehole,GS1247 VPA 27 Improved Kitchen Regimes - Kasungu Boreholes Malawi,CO2balance UK ltd,96791.0,69878.0,GLD3108,https://registry.goldstandard.org/projects?q=gs3108
United Kingdom,Malawi,Borehole,GS1247 VPA 26 Improved Kitchen Regimes - Kasungu Boreholes Malawi,CO2balance UK ltd,106030.0,75701.0,GLD3107,https://registry.goldstandard.org/projects?q=gs3107
United Kingdom,Malawi,Borehole,GS1247 VPA 25 Improved Kitchen Regimes - Dowa Boreholes Malawi,CO2balance UK ltd,106519.0,81872.0,GLD3106,https://registry.goldstandard.org/projects?q=gs3106
United Kingdom,Kenya,Cookstove,GS1366 Micro Energy PoA VPA 4 Mogotio Improved Cookstoves Kenya,QK TS Pvt. Ltd.,4937.0,4937.0,GLD3080,https://registry.goldstandard.org/projects?q=gs3080
United Kingdom,Kenya,Cookstove,GS1366 Micro Energy PoA VPA 3 Wema Improved Cookstoves Kenya,QK TS Pvt. Ltd.,4665.0,4665.0,GLD3079,https://registry.goldstandard.org/projects?q=gs3079
Switzerland,Tanzania,Clean Water,GS4503 - Sustainable Safe Water Program-Tulip Filters in Tanzania VPA 1,South Pole Ltd,21540.0,21540.0,GLD3267,https://registry.goldstandard.org/projects?q=gs3267
United Kingdom,Mozambique,Cookstove,GS1247 VPA 23 Improved Kitchen Regimes : Improved Cook Stoves in Chamanculo C Maputo (Mozambique),CO2balance UK ltd,19404.0,19404.0,GLD3078,https://registry.goldstandard.org/projects?q=gs3078
United Kingdom,Cameroon,Cookstove,GS1366 Micro Energy PoA VPA 2 West Cameroon Improved Cookstoves,QK TS Pvt. Ltd.,2493.0,2493.0,GLD3071,https://registry.goldstandard.org/projects?q=gs3071
Local/Unknown,Uganda,Cookstove,Environmental Conservation Trust of Uganda (ECOTRUST) CPA  No.1,Uganda Carbon Bureau,0.0,0.0,GLD3030,https://registry.goldstandard.org/projects?q=gs3030
Local/Unknown,Burundi,Cookstove,Renewable biomass fired improved cook stoves programme for households in Burundi by BQS –CPA_BUJM01,BQS,0.0,0.0,GLD3027,https://registry.goldstandard.org/projects?q=gs3027
Local/Unknown,Burundi,Cookstove,Renewable biomass fired improved cookstoves programme for households in Burundi by BQS,BQS,0.0,0.0,GLD3026,https://registry.goldstandard.org/projects?q=gs3026
Switzerland,Kenya,Cookstove,GS2504 - Voluntary Gold Standard multi-country improved cookstove PoA - Oserian Flower Farm Offset Project 4 - Ngondi,South Pole Ltd,17927.0,17241.0,GLD3023,https://registry.goldstandard.org/projects?q=gs3023
Australia,Ethiopia,Afforestation + Reforestation,Sodo Ethiopia ,World Vision Australia,274137.0,156390.0,GLD3007,https://registry.goldstandard.org/projects?q=gs3007
United Kingdom,Sierra Leone,Borehole,GS1247 VPA 6 Improved Kitchen Regimes: Bombali Borehole Project Sierra Leone,CO2balance UK ltd,0.0,0.0,GLD2910,https://registry.goldstandard.org/projects?q=gs2910
Local/Unknown,Kenya,Biomass,Cummins Marigat Power Project,Viability Energy Limited,0.0,0.0,GLD2909,https://registry.goldstandard.org/projects?q=gs2909
France,Kenya,Cookstove,Hifadhi Improved cook-stoves in Embu County Kenya,Livelihoods Fund SICAV SIF,2062279.0,1408076.0,GLD2898,https://registry.goldstandard.org/projects?q=gs2898
European Union,Sudan,Cookstove,Fuel Efficient Stoves for North Darfur Women,HAGGAR DMCC,38512.0,38492.0,GLD2896,https://registry.goldstandard.org/projects?q=gs2896
United Kingdom,Rwanda,Cookstove,GS1247 VPA 10 Improved Kitchen Regimes: Nyarugenge (Bugesera) Rwanda,CO2balance UK ltd,51595.0,51186.0,GLD2894,https://registry.goldstandard.org/projects?q=gs2894
United Kingdom,Rwanda,Cookstove,GS1247 VPA 9 Improved Kitchen Regimes: Mareba (Bugesera) Rwanda,CO2balance UK ltd,52100.0,51431.0,GLD2893,https://registry.goldstandard.org/projects?q=gs2893
United Kingdom,Rwanda,Cookstove,GS1247 VPA 8 Improved Kitchen Regimes: Ruhuha (Bugesera) Rwanda,CO2balance UK ltd,53140.0,52615.0,GLD2892,https://registry.goldstandard.org/projects?q=gs2892
United Kingdom,Rwanda,Cookstove,GS1247 VPA 7 Improved Kitchen Regimes: Kamabuye (Bugesera) Rwanda,CO2balance UK ltd,50014.0,49475.0,GLD2891,https://registry.goldstandard.org/projects?q=gs2891
United Kingdom,Malawi,Borehole,GS1247 VPA 24 Improved Kitchen Regimes - Dowa Boreholes Malawi,CO2balance UK ltd,88511.0,62001.0,GLD3105,https://registry.goldstandard.org/projects?q=gs3105
Switzerland,Kenya,Cookstove,GS2504 - Voluntary Gold Standard multi-country improved cookstove PoA - Oserian Flower Farm Offset Project 3 - Suswa 2,South Pole Ltd,14874.0,14770.0,GLD2765,https://registry.goldstandard.org/projects?q=gs2765
Local/Unknown,Mali,Cookstove,Project Activity for Local Improved Cookstoves in Bamako,GERES,33637.0,0.0,GLD2744,https://registry.goldstandard.org/projects?q=gs2744
United Kingdom,Uganda,Clean Water,GS2404 International Water Purification Programme - CPA 2 Chlorine dispensers in Uganda,Swiss Carbon Assets Ltd.,79219.0,0.0,GLD2735,https://registry.goldstandard.org/projects?q=gs2735
European Union,Ethiopia,Cookstove,Fuel efficient stoves for Ethiopia Programme of Activities CPA 001,atmosfair gGmbH,24458.0,0.0,GLD2722,https://registry.goldstandard.org/projects?q=gs2722
European Union,Ethiopia,Cookstove,Fuel efficient stoves for Ethiopia Programme of Activities,atmosfair gGmbH,0.0,0.0,GLD2718,https://registry.goldstandard.org/projects?q=gs2718
Local/Unknown,DR Congo,Cookstove,Empowering DRC communities through the use of Improved Cook Stoves PoA,Climate Corporation,0.0,0.0,GLD2709,https://registry.goldstandard.org/projects?q=gs2709
United Kingdom,South Africa,Cookstove,Improved Cooking Stoves PoA in Africa,Envirofit International Ltd.,0.0,0.0,GLD2659,https://registry.goldstandard.org/projects?q=gs2659
European Union,Cameroon,Cookstove,Improved Cook Stoves programme for Rwanda #CPA1 Cameroon,atmosfair gGmbH,0.0,0.0,GLD2595,https://registry.goldstandard.org/projects?q=gs2595
Local/Unknown,Rwanda,Cookstove,Deactivated Projects,Deactivated Projects,43836.0,0.0,GLD2563,https://registry.goldstandard.org/projects?q=gs2563
Local/Unknown,Comoros,Energy Efficiency,GS1205 Sustainable Energy for Development PoA VPA 5: Improved Ylang-Ylang Distillation in the Comoros,Initiative Developpement,0.0,0.0,GLD2560,https://registry.goldstandard.org/projects?q=gs2560
Local/Unknown,Benin,Cookstove,GS2489 – Efficient cookstoves in Benin and Togo – VPA1 – EcoBénin – Wanrou efficient cookstoves around the national park Pendjari,CO2logic,0.0,0.0,GLD2533,https://registry.goldstandard.org/projects?q=gs2533
European Union,Sudan,Compost,Omdurman Landfill Municipal Solid Waste Composting Project,Caspervandertak Consulting B.V.,0.0,0.0,GLD2521,https://registry.goldstandard.org/projects?q=gs2521
Local/Unknown,Mozambique,Cookstove,Cleanstar Mozambique - Maputo Ethanol Cookstove and Cooking Fuel Project 1,CleanStar Mozambique,0.0,0.0,GLD2513,https://registry.goldstandard.org/projects?q=gs2513
Local/Unknown,Cote d'Ivoire,Cookstove,GS2506 Improved Cooking Stoves Programme in Côte d’Ivoire,AERA Group,0.0,0.0,GLD2506,https://registry.goldstandard.org/projects?q=gs2506
Local/Unknown,Cote d'Ivoire,Cookstove,GS2506 Improved Cooking Stoves Programme in Côte d’Ivoire - VPA001,AERA Group,0.0,0.0,GLD2505,https://registry.goldstandard.org/projects?q=gs2505
Switzerland,Kenya,Cookstove,Voluntary Gold Standard multi-country improved cookstove PoA,South Pole Ltd,0.0,0.0,GLD2504,https://registry.goldstandard.org/projects?q=gs2504
Local/Unknown,Benin,Cookstove,Efficient cookstoves in Benin and Togo (PoA),CO2logic,0.0,0.0,GLD2489,https://registry.goldstandard.org/projects?q=gs2489
Local/Unknown,Mali,Cookstove,Programme of Activities for Local Improved Cookstoves in West Africa,GERES,0.0,0.0,GLD2486,https://registry.goldstandard.org/projects?q=gs2486
Local/Unknown,Kenya,Manure Biodigester,Gorge Farm 2.8 MW Anaerobic Digestion Plant,Tropical Power Limited,0.0,0.0,GLD2484,https://registry.goldstandard.org/projects?q=gs2484
Local/Unknown,Uganda,Cookstove,International Lifeline Fund Uganda CPA1 (ILFUg01),Deactivated Projects,4052.0,0.0,GLD2518,https://registry.goldstandard.org/projects?q=gs2518
United Kingdom,Uganda,Borehole,GS1247 VPA 5 Alebtong District Borehole Project,CO2balance UK ltd,71402.0,68174.0,GLD2481,https://registry.goldstandard.org/projects?q=gs2481
United Kingdom,Uganda,Borehole,GS1247 VPA 4 Dokolo District Borehole Project,CO2balance UK ltd,66367.0,64312.0,GLD2480,https://registry.goldstandard.org/projects?q=gs2480
United Kingdom,Uganda,Borehole,GS1247 VPA 3 Otuke District Borehole Project,CO2balance UK ltd,74453.0,71251.0,GLD2479,https://registry.goldstandard.org/projects?q=gs2479
United Kingdom,Uganda,Clean Water,GS2404 International Water Purification Programme - CPA 1 Gravity Driven Membrane Filters in Uganda,Swiss Carbon Assets Ltd.,0.0,0.0,GLD2458,https://registry.goldstandard.org/projects?q=gs2458
Local/Unknown,Kenya,Cookstove,Improved Jikos - Better Living for Rural Population,Fastenaktion,152465.0,73102.0,GLD2457,https://registry.goldstandard.org/projects?q=gs2457
Local/Unknown,Rwanda,Cookstove,GS2450 GS1265 African Biomass Energy Conservation PoA Rwanda Biomass Conservation (5),Hestian Innovation,0.0,0.0,GLD2450,https://registry.goldstandard.org/projects?q=gs2450
Local/Unknown,Rwanda,Cookstove,GS2449 GS1265 African Biomass Energy Conservation PoA Rwanda Biomass Conservation (4),Hestian Innovation,8564.0,8564.0,GLD2449,https://registry.goldstandard.org/projects?q=gs2449
Local/Unknown,Malawi,Cookstove,GS2447 GS1265 African Biomass Energy Conservation PoA Malawi Biomass Conservation (5),Hestian Innovation,273600.0,216140.0,GLD2447,https://registry.goldstandard.org/projects?q=gs2447
Local/Unknown,Malawi,Cookstove,GS2446 GS1265  African Biomass Energy Conservation PoA  Malawi Biomass Conservation (4),Hestian Innovation,258551.0,216958.0,GLD2446,https://registry.goldstandard.org/projects?q=gs2446
Local/Unknown,Malawi,Cookstove,GS2445  GS1265  African Biomass Energy Conservation PoA  Malawi Biomass Conservation (3),Hestian Innovation,287525.0,284689.0,GLD2445,https://registry.goldstandard.org/projects?q=gs2445
Local/Unknown,Malawi,Cookstove,"GS2444 ""GS1265"" African Biomass Energy Conservation PoA Malawi Biomass Conservation (2)",Hestian Innovation,307967.0,272400.0,GLD2444,https://registry.goldstandard.org/projects?q=gs2444
European Union,Nigeria,Cookstove,GS834 Improved Cooking Stoves for Nigeria Programme of Activities CPA # 5,atmosfair gGmbH,0.0,0.0,GLD2438,https://registry.goldstandard.org/projects?q=gs2438
European Union,Nigeria,Cookstove,CPA # 4 Improved Cooking Stoves for Nigeria GS 2437,atmosfair gGmbH,56797.0,11170.0,GLD2437,https://registry.goldstandard.org/projects?q=gs2437
United Kingdom,Uganda,Clean Water,International Water Purification Programme,Swiss Carbon Assets Ltd.,0.0,0.0,GLD2404,https://registry.goldstandard.org/projects?q=gs2404
Local/Unknown,Rwanda,Cookstove,GS2398 - GS1265 - African Biomass Energy Conservation POA - Rwanda Biomass Conservation (3),Hestian Innovation,9525.0,9525.0,GLD2398,https://registry.goldstandard.org/projects?q=gs2398
Local/Unknown,Rwanda,Cookstove,GS2397 - GS1265 - African Biomass Energy Conservation POA - Rwanda Biomass Conservation (2),Hestian Innovation,174759.0,140564.0,GLD2397,https://registry.goldstandard.org/projects?q=gs2397
Local/Unknown,Uganda,Energy Efficiency,Impact Water Safe Drinking Water Initiative,Impact Carbon,0.0,0.0,GLD2393,https://registry.goldstandard.org/projects?q=gs2393
Local/Unknown,Uganda,Energy Efficiency,Impact Carbon and myclimate Safe Water and Improved Cookstoves Global PoA - Uganda VPA,Impact Carbon,2389362.0,1607575.0,GLD2296,https://registry.goldstandard.org/projects?q=gs2296
Local/Unknown,Ghana,Cookstove,GS1385 Man and Man Enterprise Improved Cooking Stoves Programme in Ghana - VPA001,Man and Man Enterprise,4066482.0,2150788.0,GLD2094,https://registry.goldstandard.org/projects?q=gs2094
Local/Unknown,Mali,Methane Biodigester,Family-sized biodigester project in South Mali,GoodPlanet,0.0,0.0,GLD1888,https://registry.goldstandard.org/projects?q=gs1888
United Kingdom,Rwanda,Energy Efficiency,DelAgua Public Health Program in East Africa,DelAgua Health,0.0,0.0,GLD1488,https://registry.goldstandard.org/projects?q=gs1488
Local/Unknown,Ghana,Cookstove,GS1385 Man and Man Enterprise Improved Cooking Stoves Programme in Ghana,Man and Man Enterprise,0.0,0.0,GLD1385,https://registry.goldstandard.org/projects?q=gs1385
United Kingdom,Kenya,Cookstove,GS 1366 Micro Energy PoA,CO2balance UK ltd,0.0,0.0,GLD1366,https://registry.goldstandard.org/projects?q=gs1366
United Kingdom,Kenya,Cookstove,GS1366 Micro Energy PoA VPA 1 Isiolo Cookstoves,QK TS Pvt. Ltd.,0.0,0.0,GLD1388,https://registry.goldstandard.org/projects?q=gs1388
United Kingdom,Uganda,Borehole,GS1247 VPA 2 Improved Kitchen Regimes: Kole District Borehole Project Uganda,CO2balance UK ltd,75765.0,71708.0,GLD1359,https://registry.goldstandard.org/projects?q=gs1359
European Union,Nigeria,Cookstove,CPA # 3 Improved Cooking Stoves for Nigeria GS 1353,atmosfair gGmbH,52068.0,8387.0,GLD1353,https://registry.goldstandard.org/projects?q=gs1353
European Union,Nigeria,Cookstove,CPA # 2 Improved Cooking Stoves for Nigeria GS 1352,atmosfair gGmbH,70984.0,9432.0,GLD1352,https://registry.goldstandard.org/projects?q=gs1352
Local/Unknown,Malawi,Cookstove,GS1265 - African Biomass Energy Conservation POA - Malawi Biomass Conservation - Dowa District,Hestian Innovation,297901.0,214109.0,GLD1330,https://registry.goldstandard.org/projects?q=gs1330
Local/Unknown,Rwanda,Cookstove,GS1265 - Rwanda Biomass Conservation - VPA (1) - African Biomass Energy Conservation POA,Hestian Innovation,17299.0,17299.0,GLD1329,https://registry.goldstandard.org/projects?q=gs1329
Local/Unknown,Rwanda,Cookstove,GS 1324: Paradigm Sub Saharan Africa Programme of Activities - Rwanda 01 (TPP-Â­&#8208;CPA-Â­&#8208;01-Â­&#8208;RWN),The Paradigm Project,0.0,0.0,GLD1325,https://registry.goldstandard.org/projects?q=gs1325
Local/Unknown,Rwanda,Cookstove,Paradigm Sub Saharan Africa Cook Stove Programme,The Paradigm Project,0.0,0.0,GLD1324,https://registry.goldstandard.org/projects?q=gs1324
European Union,Tanzania,Hydropower,Rehabilitation and Extension of Itete Hospital Hydropower Station,Klima ohne Grenzen gGmbH,0.0,0.0,GLD1317,https://registry.goldstandard.org/projects?q=gs1317
United Kingdom,Rwanda,Cookstove,GS1247 VPA 1 Improved Kitchen Regimes: Bugesera Rwanda,CO2balance UK ltd,59891.0,59442.0,GLD1267,https://registry.goldstandard.org/projects?q=gs1267
Local/Unknown,Rwanda,Cookstove,African Biomass Energy Conservation POA,Hestian Innovation,0.0,0.0,GLD1265,https://registry.goldstandard.org/projects?q=gs1265
Local/Unknown,Madagascar,Lighting,Distribution of Energy Savings Lamps in Madagascar - Project 1,myclimate Foundation,28126.0,28126.0,GLD1334,https://registry.goldstandard.org/projects?q=gs1334
Switzerland,Kenya,Cookstove,GS2504 - Voluntary Gold Standard multi-country improved cookstove PoA - Oserian Flower Farm Offset Project 2 - Suswa 1,South Pole Ltd,14676.0,14573.0,GLD1249,https://registry.goldstandard.org/projects?q=gs1249
Switzerland,Kenya,Cookstove,GS2504 - Voluntary Gold Standard multi-country improved cookstove PoA - Oserian Flower Farm Offset Project 1 - Inkoirienito and Oltepesi,South Pole Ltd,30928.0,30681.0,GLD1248,https://registry.goldstandard.org/projects?q=gs1248
United Kingdom,Zimbabwe,Energy Efficiency,GS1247 Improved Kitchen Regimes Multi-Country PoA,CO2balance UK ltd,0.0,0.0,GLD1247,https://registry.goldstandard.org/projects?q=gs1247
Local/Unknown,Comoros,Energy Efficiency,Deactivated Projects,Deactivated Projects,0.0,0.0,GLD1205,https://registry.goldstandard.org/projects?q=gs1205
United Kingdom,Kenya,Cookstove,GS1183 Kenya Improved woodstoves project Mbeere01 CPA01,Climate Pal Ltd,0.0,0.0,GLD1188,https://registry.goldstandard.org/projects?q=gs1188
France,Kenya,Cookstove,GS1183 Kenya Improved woodstoves POA ,EcoAct,0.0,0.0,GLD1183,https://registry.goldstandard.org/projects?q=gs1183
Local/Unknown,South Africa,Lighting,GS1141 CLF Replacement Project Western Cape - CPA-01,Eskom Holdings SOC Limited,0.0,0.0,GLD1175,https://registry.goldstandard.org/projects?q=gs1175
Local/Unknown,South Africa,Cookstove,Highveld Air Quality - eMbalenhle Project,Nova Institute,13813.0,13813.0,GLD1167,https://registry.goldstandard.org/projects?q=gs1167
European Union,Nigeria,Cookstove,CPA # 1 Improved Cooking Stoves for Nigeria GS 1162,atmosfair gGmbH,68605.0,4795.0,GLD1162,https://registry.goldstandard.org/projects?q=gs1162
Local/Unknown,Burkina Faso,Cookstove,Expanding access to LPG in Burkina Faso through microfranchised distribution,Entrepreneurs du Monde,40055.0,30052.0,GLD1146,https://registry.goldstandard.org/projects?q=gs1146
Local/Unknown,South Africa,Lighting,Historical Roll Out GS Large Scale VER Project,Eskom Holdings SOC Limited,0.0,0.0,GLD1142,https://registry.goldstandard.org/projects?q=gs1142
Local/Unknown,South Africa,Lighting,CFL Replacement Programme of Activities in South Africa,Eskom Holdings SOC Limited,0.0,0.0,GLD1141,https://registry.goldstandard.org/projects?q=gs1141
Local/Unknown,South Africa,Lighting,North West KwaZulu-Natal & Eastern Cape CFL Replacement Project (2) in South Africa,Eskom Holdings SOC Limited,0.0,0.0,GLD1140,https://registry.goldstandard.org/projects?q=gs1140
Local/Unknown,South Africa,Lighting,Gauteng Free State Mpumalanga Limpopo & Northern Cape CFL Replacement Project (1) in South Africa,Eskom Holdings SOC Limited,0.0,0.0,GLD1139,https://registry.goldstandard.org/projects?q=gs1139
United Kingdom,Rwanda,Cookstove,Musanze Improved Cook Stove Project,CO2balance UK ltd,0.0,0.0,GLD1092,https://registry.goldstandard.org/projects?q=gs1092
Switzerland,Kenya,Clean Water,Aqua Clara Water Filtration Program in Kenya,Climate Impact Partners Limited,242718.0,242216.0,GLD1078,https://registry.goldstandard.org/projects?q=gs1078
European Union,Cameroon,Cookstove,Efficient Cookstoves for Cameroon's Littoral and South-West regions,atmosfair gGmbH,51367.0,51182.0,GLD1064,https://registry.goldstandard.org/projects?q=gs1064
European Union,Rwanda,Cookstove,Improved Cook Stoves programme for Rwanda,atmosfair gGmbH,358779.0,56631.0,GLD1060,https://registry.goldstandard.org/projects?q=gs1060
United Kingdom,Tanzania,Cookstove,Arusha Improved Cookstoves Project,CO2balance UK ltd,0.0,0.0,GLD1046,https://registry.goldstandard.org/projects?q=gs1046
United Kingdom,Tanzania,Cookstove,Tanga Improved Cook Stove Project,CO2balance UK ltd,0.0,0.0,GLD1045,https://registry.goldstandard.org/projects?q=gs1045
Local/Unknown,Uganda,Cookstove,GS VER UpEnergy's Uganda Biomass Cookstove Project,UpEnergy Group,655905.0,528626.0,GLD1044,https://registry.goldstandard.org/projects?q=gs1044
Local/Unknown,South Africa,Cookstove,Highveld Air Quality - Standerton project,Nova Institute,1140.0,1140.0,GLD1040,https://registry.goldstandard.org/projects?q=gs1040
Local/Unknown,South Africa,Cookstove,Maluti Air Quality Project - West,Nova Institute,6432.0,6432.0,GLD1039,https://registry.goldstandard.org/projects?q=gs1039
Local/Unknown,South Africa,Cookstove,Highveld Air Quality - Maluti East,Nova Institute,13841.0,13841.0,GLD1038,https://registry.goldstandard.org/projects?q=gs1038
Local/Unknown,South Africa,Cookstove,Maluti Air Quality Project - South,Nova Institute,3149.0,3149.0,GLD1027,https://registry.goldstandard.org/projects?q=gs1027
European Union,Rwanda,Cookstove,GS1023 Improved Cook Stoves programme for Rwanda,atmosfair gGmbH,0.0,0.0,GLD1023,https://registry.goldstandard.org/projects?q=gs1023
United Kingdom,South Africa,Cookstove,Highveld Air Quality - Highveld Central Project,QK TS Pvt. Ltd.,16365.0,16365.0,GLD1006,https://registry.goldstandard.org/projects?q=gs1006
Switzerland,Ghana,Cookstove,GS936 CookClean Ghana Limited - CPA01,Climate Impact Partners Limited,0.0,0.0,GLD1000,https://registry.goldstandard.org/projects?q=gs1000
