Year,Country,Emissions
1960,Afghanistan,0.41388
1960,Albania,2.0222
1960,Algeria,6.1512
1960,Andorra,
1960,Angola,0.54895
1960,Anguilla,
1960,Antigua and Barbuda,0.03664
1960,Argentina,48.7645
1960,Armenia,3.1596
1960,Aruba,0.61856
1960,Australia,87.4406
1960,Austria,30.8248
1960,Azerbaijan,19.1232
1960,Bahamas,0.41037
1960,Bahrain,0.57525
1960,Bangladesh,2.2119
1960,Barbados,0.17221
1960,Belarus,40.2634
1960,Belgium,90.9154
1960,Belize,0.043968
1960,Benin,0.16122
1960,Bermuda,0.15755
1960,Bhutan,
1960,Bolivia,1.0038
1960,"Bonaire, Saint Eustatius and Saba",0.17271
1960,Bosnia and Herzegovina,5.3817
1960,Botswana,0
1960,Brazil,46.8518
1960,British Virgin Islands,0
1960,Brunei Darussalam,0.33342
1960,Bulgaria,22.2707
1960,Burkina Faso,0.043968
1960,Burundi,0.036431
1960,Cambodia,0.2345
1960,Cameroon,0.27114
1960,Canada,192.7162
1960,Cape Verde,0.021954
1960,Cayman Islands,
1960,Central African Republic,0.087936
1960,Chad,0.05496
1960,Chile,13.4765
1960,China,798.8109
1960,Colombia,16.3905
1960,Comoros,0.010992
1960,Congo,0.2235
1960,Cook Islands,
1960,Costa Rica,0.49098
1960,Croatia,5.8214
1960,Cuba,13.6871
1960,Curaçao,9.2615
1960,Cyprus,0.88633
1960,Czech Republic,99.0813
1960,Côte d'Ivoire,0.46166
1960,Democratic Republic of the Congo,2.3185
1960,Denmark,29.7605
1960,Djibouti,0.040304
1960,Dominica,0.010992
1960,Dominican Republic,1.0399
1960,Ecuador,1.7616
1960,Egypt,16.0327
1960,El Salvador,0.61886
1960,Equatorial Guinea,0.021984
1960,Eritrea,
1960,Estonia,14.6233
1960,Ethiopia,0.35163
1960,Faeroe Islands,0.058624
1960,Falkland Islands (Malvinas),
1960,Fiji,0.19419
1960,Finland,15.0871
1960,France,298.3959
1960,French Guiana,
1960,French Polynesia,0.03664
1960,Gabon,0.1319
1960,Gambia,0.01832
1960,Georgia,5.2683
1960,Germany,813.6022
1960,Ghana,1.4619
1960,Gibraltar,
1960,Greece,9.3915
1960,Greenland,0.2235
1960,Grenada,0.021984
1960,Guadeloupe,
1960,Guatemala,1.3442
1960,Guinea,0.41037
1960,Guinea-Bissau,0.01832
1960,Guyana,0.65952
1960,Haiti,0.28558
1960,Honduras,0.6154
1960,Hong Kong,2.9526
1960,Hungary,45.3577
1960,Iceland,1.2125
1960,India,111.3202
1960,Indonesia,21.3852
1960,Iran,37.3586
1960,Iraq,8.2562
1960,Ireland,11.1684
1960,Israel,6.46
1960,Italy,109.2177
1960,Jamaica,1.4684
1960,Japan,232.8296
1960,Jordan,0.74314
1960,Kazakhstan,96.4673
1960,Kenya,2.4241
1960,Kiribati,0
1960,Kosovo,
1960,Kuwait,7.797
1960,Kyrgyzstan,8.2754
1960,Laos,0.080608
1960,Latvia,9.6666
1960,Lebanon,2.576
1960,Lesotho,
1960,Liberia,0.16488
1960,Libya,0.6925
1960,Liechtenstein,0.015447
1960,Lithuania,14.9215
1960,Luxembourg,11.5188
1960,Macao,0.051296
1960,Madagascar,0.39938
1960,Malawi,0.43835
1960,Malaysia,4.2015
1960,Maldives,
1960,Mali,0.12091
1960,Malta,0.34075
1960,Marshall Islands,
1960,Martinique,
1960,Mauritania,0.03664
1960,Mauritius,0.17954
1960,Mexico,63.0523
1960,Micronesia (Federated States of),
1960,Moldova,14.9854
1960,Mongolia,1.2934
1960,Montenegro,0.59832
1960,Montserrat,0
1960,Morocco,3.636
1960,Mozambique,1.8824
1960,Myanmar,2.7148
1960,Namibia,
1960,Nauru,
1960,Nepal,0.080608
1960,Netherlands,73.4559
1960,New Caledonia,0.86104
1960,New Zealand,11.5318
1960,Nicaragua,0.53116
1960,Niger,0.029312
1960,Nigeria,3.4032
1960,Niue,
1960,North Korea,23.7884
1960,North Macedonia,2.9767
1960,Norway,13.0868
1960,Occupied Palestinian Territory,
1960,Oman,
1960,Pakistan,11.9264
1960,Palau,
1960,Panama,1.2636
1960,Papua New Guinea,0.17954
1960,Paraguay,0.30405
1960,Peru,8.1646
1960,Philippines,8.3251
1960,Poland,199.5478
1960,Portugal,8.2135
1960,Qatar,0.17587
1960,Republic of South Sudan,0.10943
1960,Romania,53.3941
1960,Russian Federation,885.0698
1960,Rwanda,0.069825
1960,Réunion,
1960,Saint Helena,0
1960,Saint Kitts and Nevis,0.010992
1960,Saint Lucia,0.014656
1960,Saint Pierre and Miquelon,0.03664
1960,Saint Vincent and the Grenadines,0.010992
1960,Samoa,0.014656
1960,Sao Tome and Principe,0.010992
1960,Saudi Arabia,2.6744
1960,Senegal,0.82738
1960,Serbia,15.5865
1960,Seychelles,0
1960,Sierra Leone,0.71448
1960,Singapore,1.3923
1960,Slovakia,31.6485
1960,Slovenia,4.4382
1960,Solomon Islands,0.010992
1960,Somalia,0.084272
1960,South Africa,97.8471
1960,South Korea,12.5401
1960,Spain,48.8621
1960,Sri Lanka,2.2567
1960,Sudan,1.2496
1960,Suriname,0.43235
1960,Swaziland,0.032976
1960,Sweden,49.1705
1960,Switzerland,19.5132
1960,Syria,3.2187
1960,Taiwan,11.8739
1960,Tajikistan,4.7141
1960,Tanzania,0.82806
1960,Thailand,3.7095
1960,Timor-Leste,
1960,Togo,0.065952
1960,Tonga,0.010992
1960,Trinidad and Tobago,2.5787
1960,Tunisia,1.7241
1960,Turkey,16.7985
1960,Turkmenistan,12.0859
1960,Turks and Caicos Islands,
1960,Tuvalu,
1960,Uganda,0.42106
1960,Ukraine,280.6785
1960,United Arab Emirates,0.010992
1960,United Kingdom,583.9028
1960,United States of America,2897.3079
1960,Uruguay,4.3145
1960,Uzbekistan,36.5432
1960,Vanuatu,0
1960,Venezuela,57.0168
1960,Vietnam,7.4839
1960,Wallis and Futuna Islands,
1960,Western Sahara,
1960,Yemen,3.631
1960,Zambia,4.3553
1960,Zimbabwe,5.9431
1961,Afghanistan,0.4908
1961,Albania,2.2785
1961,Algeria,6.0559
1961,Andorra,
1961,Angola,0.45371
1961,Anguilla,
1961,Antigua and Barbuda,0.047632
1961,Argentina,51.1267
1961,Armenia,3.2621
1961,Aruba,0.64555
1961,Australia,87.0083
1961,Austria,31.8607
1961,Azerbaijan,19.741
1961,Bahamas,0.54594
1961,Bahrain,1.7697
1961,Bangladesh,2.2904
1961,Barbados,0.19419
1961,Belarus,41.5419
1961,Belgium,92.7021
1961,Belize,0.03664
1961,Benin,0.12824
1961,Bermuda,0.17587
1961,Bhutan,
1961,Bolivia,1.0404
1961,"Bonaire, Saint Eustatius and Saba",0.18024
1961,Bosnia and Herzegovina,5.6456
1961,Botswana,0
1961,Brazil,49.1349
1961,British Virgin Islands,0
1961,Brunei Darussalam,0.30411
1961,Bulgaria,25.945
1961,Burkina Faso,0.0916
1961,Burundi,0.047737
1961,Cambodia,0.28579
1961,Cameroon,0.28213
1961,Canada,194.0007
1961,Cape Verde,0.021954
1961,Cayman Islands,
1961,Central African Republic,0.087936
1961,Chad,0.051296
1961,Chile,14.4582
1961,China,570.6412
1961,Colombia,18.1963
1961,Comoros,0.010992
1961,Congo,0.26747
1961,Cook Islands,
1961,Costa Rica,0.49098
1961,Croatia,6.1094
1961,Cuba,12.1683
1961,Curaçao,9.6656
1961,Cyprus,0.86432
1961,Czech Republic,107.5276
1961,Côte d'Ivoire,0.55326
1961,Democratic Republic of the Congo,2.3554
1961,Denmark,31.7129
1961,Djibouti,0.043968
1961,Dominica,0.010992
1961,Dominican Republic,1.0286
1961,Ecuador,1.6442
1961,Egypt,17.0659
1961,El Salvador,0.58228
1961,Equatorial Guinea,0.021984
1961,Eritrea,
1961,Estonia,15.0808
1961,Ethiopia,0.34063
1961,Faeroe Islands,0.11358
1961,Falkland Islands (Malvinas),
1961,Fiji,0.16854
1961,Finland,14.9217
1961,France,318.1618
1961,French Guiana,
1961,French Polynesia,0.058624
1961,Gabon,0.16488
1961,Gambia,0.021984
1961,Georgia,5.4404
1961,Germany,834.5063
1961,Ghana,1.3447
1961,Gibraltar,
1961,Greece,9.8084
1961,Greenland,0.29312
1961,Grenada,0.01832
1961,Guadeloupe,
1961,Guatemala,1.4065
1961,Guinea,0.61555
1961,Guinea-Bissau,0.029312
1961,Guyana,0.73646
1961,Haiti,0.29661
1961,Honduras,0.73629
1961,Hong Kong,3.3701
1961,Hungary,48.9738
1961,Iceland,1.0916
1961,India,120.3994
1961,Indonesia,26.0016
1961,Iran,36.5088
1961,Iraq,8.7092
1961,Ireland,12.3526
1961,Israel,7.0608
1961,Italy,124.3932
1961,Jamaica,2.1279
1961,Japan,283.1313
1961,Jordan,0.9774
1961,Kazakhstan,99.4898
1961,Kenya,2.3986
1961,Kiribati,0.007328
1961,Kosovo,
1961,Kuwait,9.9734
1961,Kyrgyzstan,8.5354
1961,Laos,0.11358
1961,Latvia,9.9721
1961,Lebanon,2.6785
1961,Lesotho,
1961,Liberia,0.16122
1961,Libya,1.1945
1961,Liechtenstein,0.016863
1961,Lithuania,15.3985
1961,Luxembourg,11.592
1961,Macao,0.069616
1961,Madagascar,0.35541
1961,Malawi,0.37332
1961,Malaysia,4.6849
1961,Maldives,
1961,Mali,0.11725
1961,Malta,0.29312
1961,Marshall Islands,
1961,Martinique,
1961,Mauritania,0.047632
1961,Mauritius,0.18686
1961,Mexico,65.2399
1961,Micronesia (Federated States of),
1961,Moldova,15.4681
1961,Mongolia,1.3923
1961,Montenegro,0.62767
1961,Montserrat,0
1961,Morocco,3.7714
1961,Mozambique,2.6299
1961,Myanmar,2.5903
1961,Namibia,
1961,Nauru,
1961,Nepal,0.080608
1961,Netherlands,75.8334
1961,New Caledonia,0.88669
1961,New Zealand,11.7551
1961,Nicaragua,0.56044
1961,Niger,0.05496
1961,Nigeria,4.1096
1961,Niue,
1961,North Korea,26.4266
1961,North Macedonia,3.1302
1961,Norway,13.3355
1961,Occupied Palestinian Territory,
1961,Oman,
1961,Pakistan,12.3496
1961,Palau,
1961,Panama,1.3441
1961,Papua New Guinea,0.20152
1961,Paraguay,0.36268
1961,Peru,8.6336
1961,Philippines,8.7125
1961,Poland,207.2208
1961,Portugal,9.078
1961,Qatar,0.16122
1961,Republic of South Sudan,0.1115
1961,Romania,55.7161
1961,Russian Federation,912.7526
1961,Rwanda,0.091495
1961,Réunion,
1961,Saint Helena,0
1961,Saint Kitts and Nevis,0.021984
1961,Saint Lucia,0.01832
1961,Saint Pierre and Miquelon,0.047632
1961,Saint Vincent and the Grenadines,0.010992
1961,Samoa,0.01832
1961,Sao Tome and Principe,0.010992
1961,Saudi Arabia,3.5683
1961,Senegal,0.81267
1961,Serbia,16.3493
1961,Seychelles,0
1961,Sierra Leone,0.28946
1961,Singapore,2.0921
1961,Slovakia,34.3525
1961,Slovenia,4.6572
1961,Solomon Islands,0.014656
1961,Somalia,0.087936
1961,South Africa,102.1198
1961,South Korea,14.4487
1961,Spain,53.6034
1961,Sri Lanka,2.3336
1961,Sudan,1.2733
1961,Suriname,0.42869
1961,Swaziland,0.003664
1961,Sweden,48.8031
1961,Switzerland,20.3756
1961,Syria,3.0609
1961,Taiwan,12.5287
1961,Tajikistan,4.8632
1961,Tanzania,0.70349
1961,Thailand,4.1415
1961,Timor-Leste,
1961,Togo,0.0916
1961,Tonga,0.010992
1961,Trinidad and Tobago,4.5979
1961,Tunisia,1.7647
1961,Turkey,17.3408
1961,Turkmenistan,12.4846
1961,Turks and Caicos Islands,
1961,Tuvalu,
1961,Uganda,0.40644
1961,Ukraine,289.3941
1961,United Arab Emirates,0.010992
1961,United Kingdom,588.5782
1961,United States of America,2886.8617
1961,Uruguay,4.1168
1961,Uzbekistan,37.8115
1961,Vanuatu,0
1961,Venezuela,51.8798
1961,Vietnam,7.9783
1961,Wallis and Futuna Islands,
1961,Western Sahara,
1961,Yemen,2.6637
1961,Zambia,3.709
1961,Zimbabwe,5.0613
1962,Afghanistan,0.68859
1962,Albania,2.4617
1962,Algeria,5.661
1962,Andorra,
1962,Angola,1.1791
1962,Anguilla,
1962,Antigua and Barbuda,0.10259
1962,Argentina,53.6401
1962,Armenia,3.4289
1962,Aruba,0.70894
1962,Australia,90.9086
1962,Austria,33.9089
1962,Azerbaijan,20.7418
1962,Bahamas,0.72547
1962,Bahrain,1.5902
1962,Bangladesh,2.5168
1962,Barbados,0.26014
1962,Belarus,43.6304
1962,Belgium,98.0256
1962,Belize,0.069616
1962,Benin,0.13557
1962,Bermuda,0.15755
1962,Bhutan,
1962,Bolivia,1.099
1962,"Bonaire, Saint Eustatius and Saba",0.19794
1962,Bosnia and Herzegovina,5.7935
1962,Botswana,0
1962,Brazil,53.6109
1962,British Virgin Islands,0.003664
1962,Brunei Darussalam,0.37006
1962,Bulgaria,30.704
1962,Burkina Faso,0.084272
1962,Burundi,0.043968
1962,Cambodia,0.30778
1962,Cameroon,0.28946
1962,Canada,206.9908
1962,Cape Verde,0.01829
1962,Cayman Islands,
1962,Central African Republic,0.07328
1962,Chad,0.084272
1962,Chile,16.7074
1962,China,459.6254
1962,Colombia,19.4195
1962,Comoros,0.010992
1962,Congo,0.23816
1962,Cook Islands,
1962,Costa Rica,0.5496
1962,Croatia,6.2689
1962,Cuba,14.1545
1962,Curaçao,10.6147
1962,Cyprus,0.90462
1962,Czech Republic,114.592
1962,Côte d'Ivoire,0.58624
1962,Democratic Republic of the Congo,2.1719
1962,Denmark,36.9045
1962,Djibouti,0.047632
1962,Dominica,0.010992
1962,Dominican Republic,1.2411
1962,Ecuador,1.5637
1962,Egypt,18.5711
1962,El Salvador,0.64826
1962,Equatorial Guinea,0.021984
1962,Eritrea,
1962,Estonia,15.8272
1962,Ethiopia,0.39553
1962,Faeroe Islands,0.11725
1962,Falkland Islands (Malvinas),
1962,Fiji,0.23083
1962,Finland,16.7938
1962,France,335.5383
1962,French Guiana,
1962,French Polynesia,0.047632
1962,Gabon,0.087936
1962,Gambia,0.025648
1962,Georgia,5.7186
1962,Germany,882.8425
1962,Ghana,1.4326
1962,Gibraltar,
1962,Greece,10.1521
1962,Greenland,0.26381
1962,Grenada,0.025648
1962,Guadeloupe,
1962,Guatemala,1.3809
1962,Guinea,0.65952
1962,Guinea-Bissau,0.040304
1962,Guyana,0.67784
1962,Haiti,0.30387
1962,Honduras,0.69959
1962,Hong Kong,3.6815
1962,Hungary,50.5451
1962,Iceland,1.1977
1962,India,132.5798
1962,Indonesia,22.9749
1962,Iran,37.4284
1962,Iraq,9.0208
1962,Ireland,13.1067
1962,Israel,7.9324
1962,Italy,146.2699
1962,Jamaica,2.117
1962,Japan,293.2785
1962,Jordan,1.047
1962,Kazakhstan,104.4155
1962,Kenya,2.622
1962,Kiribati,0.010992
1962,Kosovo,
1962,Kuwait,14.2786
1962,Kyrgyzstan,8.9595
1962,Laos,0.1319
1962,Latvia,10.4709
1962,Lebanon,2.8508
1962,Lesotho,
1962,Liberia,0.25282
1962,Libya,1.0479
1962,Liechtenstein,0.017356
1962,Lithuania,16.1798
1962,Luxembourg,11.5517
1962,Macao,0.095264
1962,Madagascar,0.39565
1962,Malawi,0.36061
1962,Malaysia,4.7765
1962,Maldives,
1962,Mali,0.13923
1962,Malta,0.32976
1962,Marshall Islands,
1962,Martinique,
1962,Mauritania,0.062288
1962,Mauritius,0.25282
1962,Mexico,63.7437
1962,Micronesia (Federated States of),
1962,Moldova,16.2511
1962,Mongolia,1.9712
1962,Montenegro,0.64411
1962,Montserrat,0.003664
1962,Morocco,3.0749
1962,Mozambique,1.9852
1962,Myanmar,2.8797
1962,Namibia,
1962,Nauru,
1962,Nepal,0.087936
1962,Netherlands,83.3002
1962,New Caledonia,0.56426
1962,New Zealand,11.1983
1962,Nicaragua,0.65934
1962,Niger,0.065952
1962,Nigeria,4.175
1962,Niue,
1962,North Korea,30.6874
1962,North Macedonia,3.2076
1962,Norway,14.0604
1962,Occupied Palestinian Territory,
1962,Oman,
1962,Pakistan,13.5699
1962,Palau,
1962,Panama,1.4614
1962,Papua New Guinea,0.19786
1962,Paraguay,0.39199
1962,Peru,9.9596
1962,Philippines,10.3359
1962,Poland,216.6035
1962,Portugal,9.2899
1962,Qatar,0.19053
1962,Republic of South Sudan,0.11946
1962,Romania,63.8128
1962,Russian Federation,957.9875
1962,Rwanda,0.084272
1962,Réunion,
1962,Saint Helena,0
1962,Saint Kitts and Nevis,0.014656
1962,Saint Lucia,0.01832
1962,Saint Pierre and Miquelon,0.032976
1962,Saint Vincent and the Grenadines,0.010992
1962,Samoa,0.01832
1962,Sao Tome and Principe,0.010992
1962,Saudi Arabia,6.25
1962,Senegal,0.81267
1962,Serbia,16.7787
1962,Seychelles,0
1962,Sierra Leone,0.3261
1962,Singapore,2.5134
1962,Slovakia,36.6086
1962,Slovenia,4.7783
1962,Solomon Islands,0.014656
1962,Somalia,0.10626
1962,South Africa,105.67
1962,South Korea,17.2616
1962,Spain,59.9758
1962,Sri Lanka,2.5608
1962,Sudan,1.3642
1962,Suriname,0.49464
1962,Swaziland,
1962,Sweden,51.2727
1962,Switzerland,24.1346
1962,Syria,3.1999
1962,Taiwan,14.1648
1962,Tajikistan,5.1072
1962,Tanzania,0.76578
1962,Thailand,5.0285
1962,Timor-Leste,
1962,Togo,0.087936
1962,Tonga,0.010992
1962,Trinidad and Tobago,7.2321
1962,Tunisia,1.7939
1962,Turkey,21.6045
1962,Turkmenistan,13.1279
1962,Turks and Caicos Islands,
1962,Tuvalu,
1962,Uganda,0.42845
1962,Ukraine,303.6529
1962,United Arab Emirates,0.01832
1962,United Kingdom,592.9205
1962,United States of America,2993.8984
1962,Uruguay,4.0069
1962,Uzbekistan,39.8194
1962,Vanuatu,0.040304
1962,Venezuela,54.0561
1962,Vietnam,9.3377
1962,Wallis and Futuna Islands,
1962,Western Sahara,
1962,Yemen,3.8838
1962,Zambia,3.5827
1962,Zimbabwe,4.889
1963,Afghanistan,0.70674
1963,Albania,2.0806
1963,Algeria,5.4192
1963,Andorra,
1963,Angola,1.1497
1963,Anguilla,
1963,Antigua and Barbuda,0.084272
1963,Argentina,50.0327
1963,Armenia,3.6822
1963,Aruba,0.67909
1963,Australia,95.9945
1963,Austria,36.9969
1963,Azerbaijan,22.2651
1963,Bahamas,0.70715
1963,Bahrain,1.1945
1963,Bangladesh,2.8932
1963,Barbados,0.19053
1963,Belarus,46.8072
1963,Belgium,105.6873
1963,Belize,0.062288
1963,Benin,0.12091
1963,Bermuda,0.15022
1963,Bhutan,
1963,Bolivia,1.2125
1963,"Bonaire, Saint Eustatius and Saba",0.18961
1963,Bosnia and Herzegovina,6.4451
1963,Botswana,0
1963,Brazil,55.5194
1963,British Virgin Islands,0.003664
1963,Brunei Darussalam,0.35541
1963,Bulgaria,34.3741
1963,Burkina Faso,0.087936
1963,Burundi,0.047632
1963,Cambodia,0.38838
1963,Cameroon,0.30045
1963,Canada,210.9108
1963,Cape Verde,0.014626
1963,Cayman Islands,
1963,Central African Republic,0.07328
1963,Chad,0.0916
1963,Chile,17.337
1963,China,456.7868
1963,Colombia,21.2328
1963,Comoros,0.010992
1963,Congo,0.2345
1963,Cook Islands,
1963,Costa Rica,0.6009
1963,Croatia,6.9746
1963,Cuba,13.0259
1963,Curaçao,10.1677
1963,Cyprus,0.98523
1963,Czech Republic,120.5145
1963,Côte d'Ivoire,0.62288
1963,Democratic Republic of the Congo,2.2927
1963,Denmark,40.6788
1963,Djibouti,0.065952
1963,Dominica,0.014656
1963,Dominican Republic,1.2485
1963,Ecuador,1.7943
1963,Egypt,21.5269
1963,El Salvador,1.1245
1963,Equatorial Guinea,0.025648
1963,Eritrea,
1963,Estonia,16.9708
1963,Ethiopia,0.42121
1963,Faeroe Islands,0.12458
1963,Falkland Islands (Malvinas),
1963,Fiji,0.24182
1963,Finland,19.3365
1963,France,340.422
1963,French Guiana,
1963,French Polynesia,0.065952
1963,Gabon,0.07328
1963,Gambia,0.029312
1963,Georgia,6.1424
1963,Germany,945.2415
1963,Ghana,1.7221
1963,Gibraltar,
1963,Greece,12.2395
1963,Greenland,0.32976
1963,Grenada,0.014656
1963,Guadeloupe,
1963,Guatemala,1.5199
1963,Guinea,0.69616
1963,Guinea-Bissau,0.047632
1963,Guyana,0.61555
1963,Haiti,0.24894
1963,Honduras,0.71058
1963,Hong Kong,4.2457
1963,Hungary,56.2608
1963,Iceland,1.304
1963,India,142.439
1963,Indonesia,22.7631
1963,Iran,41.3049
1963,Iraq,9.3834
1963,Ireland,13.4472
1963,Israel,8.1996
1963,Italy,164.5746
1963,Jamaica,2.3955
1963,Japan,325.2678
1963,Jordan,1.219
1963,Kazakhstan,111.9493
1963,Kenya,2.8529
1963,Kiribati,0.01832
1963,Kosovo,
1963,Kuwait,17.012
1963,Kyrgyzstan,9.6064
1963,Laos,0.14656
1963,Latvia,11.2315
1963,Lebanon,3.0228
1963,Lesotho,
1963,Liberia,0.35541
1963,Libya,1.4619
1963,Liechtenstein,0.018768
1963,Lithuania,17.3664
1963,Luxembourg,11.4492
1963,Macao,0.10626
1963,Madagascar,0.46149
1963,Malawi,0.34671
1963,Malaysia,5.828
1963,Maldives,
1963,Mali,0.17587
1963,Malta,0.41037
1963,Marshall Islands,
1963,Martinique,
1963,Mauritania,0.087936
1963,Mauritius,0.20885
1963,Mexico,66.2922
1963,Micronesia (Federated States of),
1963,Moldova,17.4343
1963,Mongolia,1.6012
1963,Montenegro,0.71655
1963,Montserrat,0.003664
1963,Morocco,3.9541
1963,Mozambique,1.6591
1963,Myanmar,2.6339
1963,Namibia,
1963,Nauru,
1963,Nepal,0.098928
1963,Netherlands,91.1629
1963,New Caledonia,0.61922
1963,New Zealand,12.2165
1963,Nicaragua,0.84251
1963,Niger,0.087936
1963,Nigeria,5.3436
1963,Niue,
1963,North Korea,32.8265
1963,North Macedonia,3.5666
1963,Norway,14.9653
1963,Occupied Palestinian Territory,
1963,Oman,
1963,Pakistan,15.6002
1963,Palau,
1963,Panama,1.7398
1963,Papua New Guinea,0.25648
1963,Paraguay,0.41031
1963,Peru,10.2232
1963,Philippines,11.4718
1963,Poland,231.0024
1963,Portugal,10.0116
1963,Qatar,6.1335
1963,Republic of South Sudan,0.1351
1963,Romania,69.4555
1963,Russian Federation,1027.4002
1963,Rwanda,0.084272
1963,Réunion,
1963,Saint Helena,0
1963,Saint Kitts and Nevis,0.01832
1963,Saint Lucia,0.021984
1963,Saint Pierre and Miquelon,0.03664
1963,Saint Vincent and the Grenadines,0.014656
1963,Samoa,0.021984
1963,Sao Tome and Principe,0.007328
1963,Saudi Arabia,6.9388
1963,Senegal,0.86027
1963,Serbia,18.6665
1963,Seychelles,0.007328
1963,Sierra Leone,0.37006
1963,Singapore,3.3014
1963,Slovakia,38.5358
1963,Slovenia,5.3154
1963,Solomon Islands,0.014656
1963,Somalia,0.10259
1963,South Africa,109.7252
1963,South Korea,21.0832
1963,Spain,58.7429
1963,Sri Lanka,2.5315
1963,Sudan,1.5427
1963,Suriname,0.53128
1963,Swaziland,
1963,Sweden,55.3132
1963,Switzerland,29.085
1963,Syria,3.6063
1963,Taiwan,15.1086
1963,Tajikistan,5.4793
1963,Tanzania,0.80242
1963,Thailand,5.5644
1963,Timor-Leste,
1963,Togo,0.10626
1963,Tonga,0.010992
1963,Trinidad and Tobago,1.6775
1963,Tunisia,1.9441
1963,Turkey,22.6399
1963,Turkmenistan,14.1024
1963,Turks and Caicos Islands,
1963,Tuvalu,
1963,Uganda,0.43214
1963,Ukraine,325.6093
1963,United Arab Emirates,0.021984
1963,United Kingdom,603.382
1963,United States of America,3126.4838
1963,Uruguay,4.3148
1963,Uzbekistan,42.8514
1963,Vanuatu,0.032976
1963,Venezuela,56.1517
1963,Vietnam,9.1104
1963,Wallis and Futuna Islands,
1963,Western Sahara,
1963,Yemen,2.9165
1963,Zambia,3.4445
1963,Zimbabwe,4.7004
1964,Afghanistan,0.83855
1964,Albania,2.0147
1964,Algeria,5.643
1964,Andorra,
1964,Angola,1.2229
1964,Anguilla,
1964,Antigua and Barbuda,0.0916
1964,Argentina,55.67
1964,Armenia,3.9203
1964,Aruba,0.66028
1964,Australia,103.5448
1964,Austria,38.9406
1964,Azerbaijan,23.6972
1964,Bahamas,1.0845
1964,Bahrain,1.5975
1964,Bangladesh,2.9746
1964,Barbados,0.17954
1964,Belarus,49.7901
1964,Belgium,103.5613
1964,Belize,0.084272
1964,Benin,0.1429
1964,Bermuda,0.20152
1964,Bhutan,
1964,Bolivia,1.48
1964,"Bonaire, Saint Eustatius and Saba",0.18436
1964,Bosnia and Herzegovina,7.302
1964,Botswana,0
1964,Brazil,56.621
1964,British Virgin Islands,0.007328
1964,Brunei Darussalam,0.34075
1964,Bulgaria,42.8181
1964,Burkina Faso,0.10992
1964,Burundi,0.047632
1964,Cambodia,0.33713
1964,Cameroon,0.33709
1964,Canada,237.5777
1964,Cape Verde,0.029253
1964,Cayman Islands,
1964,Central African Republic,0.07328
1964,Chad,0.098928
1964,Chile,17.5051
1964,China,460.6444
1964,Colombia,21.6829
1964,Comoros,0.010992
1964,Congo,0.26747
1964,Cook Islands,
1964,Costa Rica,0.67406
1964,Croatia,7.9075
1964,Cuba,14.279
1964,Curaçao,9.8861
1964,Cyprus,0.99997
1964,Czech Republic,125.4405
1964,Côte d'Ivoire,0.76211
1964,Democratic Republic of the Congo,1.974
1964,Denmark,43.1578
1964,Djibouti,0.084272
1964,Dominica,0.014656
1964,Dominican Republic,1.7465
1964,Ecuador,2.1423
1964,Egypt,25.4912
1964,El Salvador,1.2307
1964,Equatorial Guinea,0.025648
1964,Eritrea,
1964,Estonia,18.0456
1964,Ethiopia,0.40653
1964,Faeroe Islands,0.12091
1964,Falkland Islands (Malvinas),
1964,Fiji,0.42491
1964,Finland,22.8312
1964,France,371.374
1964,French Guiana,
1964,French Polynesia,0.065952
1964,Gabon,0.19053
1964,Gambia,0.029312
1964,Georgia,6.5414
1964,Germany,968.6318
1964,Ghana,1.6488
1964,Gibraltar,
1964,Greece,13.2016
1964,Greenland,0.3151
1964,Grenada,0.021984
1964,Guadeloupe,
1964,Guatemala,1.769
1964,Guinea,0.69982
1964,Guinea-Bissau,0.058624
1964,Guyana,0.64853
1964,Haiti,0.30021
1964,Honduras,0.72151
1964,Hong Kong,4.2201
1964,Hungary,62.3851
1964,Iceland,1.3076
1964,India,139.4832
1964,Indonesia,22.3743
1964,Iran,47.5191
1964,Iraq,9.064
1964,Ireland,14.2159
1964,Israel,9.1373
1964,Italy,175.7433
1964,Jamaica,4.0622
1964,Japan,359.3526
1964,Jordan,1.2408
1964,Kazakhstan,119.0299
1964,Kenya,2.8233
1964,Kiribati,0.01832
1964,Kosovo,
1964,Kuwait,25.3146
1964,Kyrgyzstan,10.2141
1964,Laos,0.17221
1964,Latvia,11.946
1964,Lebanon,3.2611
1964,Lesotho,
1964,Liberia,0.48365
1964,Libya,0.66318
1964,Liechtenstein,0.057505
1964,Lithuania,18.4789
1964,Luxembourg,12.3065
1964,Macao,0.12824
1964,Madagascar,0.48347
1964,Malawi,0.32964
1964,Malaysia,7.3994
1964,Maldives,
1964,Mali,0.17587
1964,Malta,0.4983
1964,Marshall Islands,
1964,Martinique,
1964,Mauritania,0.11725
1964,Mauritius,0.30778
1964,Mexico,74.2001
1964,Micronesia (Federated States of),
1964,Moldova,18.548
1964,Mongolia,2.0445
1964,Montenegro,0.81183
1964,Montserrat,0.007328
1964,Morocco,4.415
1964,Mozambique,2.139
1964,Myanmar,2.8574
1964,Namibia,
1964,Nauru,0.029312
1964,Nepal,0.15022
1964,Netherlands,96.7875
1964,New Caledonia,1.0992
1964,New Zealand,13.092
1964,Nicaragua,0.94874
1964,Niger,0.095264
1964,Nigeria,7.2667
1964,Niue,
1964,North Korea,35.6182
1964,North Macedonia,4.0493
1964,Norway,16.1703
1964,Occupied Palestinian Territory,
1964,Oman,0.010992
1964,Pakistan,16.039
1964,Palau,
1964,Panama,2.033
1964,Papua New Guinea,0.26747
1964,Paraguay,0.43226
1964,Peru,12.2528
1964,Philippines,12.8228
1964,Poland,242.8696
1964,Portugal,11.0074
1964,Qatar,6.2691
1964,Republic of South Sudan,0.14955
1964,Romania,72.037
1964,Russian Federation,1092.6644
1964,Rwanda,0.03664
1964,Réunion,
1964,Saint Helena,0
1964,Saint Kitts and Nevis,0.01832
1964,Saint Lucia,0.021984
1964,Saint Pierre and Miquelon,0.047632
1964,Saint Vincent and the Grenadines,0.01832
1964,Samoa,0.025648
1964,Sao Tome and Principe,0.010992
1964,Saudi Arabia,7.0412
1964,Senegal,0.9225
1964,Serbia,21.1465
1964,Seychelles,0.007328
1964,Sierra Leone,0.30411
1964,Singapore,3.6017
1964,Slovakia,40.1073
1964,Slovenia,6.0236
1964,Solomon Islands,0.01832
1964,Somalia,0.13557
1964,South Africa,119.546
1964,South Korea,22.1952
1964,Spain,64.3238
1964,Sri Lanka,2.2714
1964,Sudan,1.7079
1964,Suriname,0.60456
1964,Swaziland,0.010992
1964,Sweden,60.3682
1964,Switzerland,28.1438
1964,Syria,4.3613
1964,Taiwan,16.9072
1964,Tajikistan,5.8288
1964,Tanzania,1.0332
1964,Thailand,7.474
1964,Timor-Leste,
1964,Togo,0.1319
1964,Tonga,0.010992
1964,Trinidad and Tobago,3.7915
1964,Tunisia,2.7535
1964,Turkey,26.3064
1964,Turkmenistan,15.019
1964,Turks and Caicos Islands,
1964,Tuvalu,
1964,Uganda,0.49068
1964,Ukraine,346.245
1964,United Arab Emirates,0.01832
1964,United Kingdom,607.866
1964,United States of America,3264.3065
1964,Uruguay,4.5527
1964,Uzbekistan,45.714
1964,Vanuatu,0.062288
1964,Venezuela,56.55
1964,Vietnam,11.7878
1964,Wallis and Futuna Islands,
1964,Western Sahara,
1964,Yemen,3.631
1964,Zambia,3.275
1964,Zimbabwe,4.4691
1965,Afghanistan,1.0069
1965,Albania,2.1722
1965,Algeria,6.5885
1965,Andorra,
1965,Angola,1.1862
1965,Anguilla,
1965,Antigua and Barbuda,0.15022
1965,Argentina,58.8048
1965,Armenia,4.1606
1965,Aruba,0.59239
1965,Australia,113.6063
1965,Austria,38.1845
1965,Azerbaijan,25.1466
1965,Bahamas,1.3154
1965,Bahrain,1.2274
1965,Bangladesh,3.1213
1965,Barbados,0.20518
1965,Belarus,52.8245
1965,Belgium,105.3346
1965,Belize,0.084272
1965,Benin,0.15022
1965,Bermuda,0.17954
1965,Bhutan,
1965,Bolivia,1.5093
1965,"Bonaire, Saint Eustatius and Saba",0.1654
1965,Bosnia and Herzegovina,7.5136
1965,Botswana,0
1965,Brazil,56.2726
1965,British Virgin Islands,0.007328
1965,Brunei Darussalam,0.33342
1965,Bulgaria,46.2691
1965,Burkina Faso,0.10259
1965,Burundi,0.03664
1965,Cambodia,0.37739
1965,Cameroon,0.31144
1965,Canada,251.917
1965,Cape Verde,0.025589
1965,Cayman Islands,
1965,Central African Republic,0.087936
1965,Chad,0.10626
1965,Chile,17.7473
1965,China,500.2937
1965,Colombia,22.8587
1965,Comoros,0.014656
1965,Congo,0.24549
1965,Cook Islands,
1965,Costa Rica,0.84591
1965,Croatia,8.1438
1965,Cuba,14.5941
1965,Curaçao,8.8696
1965,Cyprus,1.1501
1965,Czech Republic,122.2301
1965,Côte d'Ivoire,1.1725
1965,Democratic Republic of the Congo,2.4685
1965,Denmark,44.3044
1965,Djibouti,0.12091
1965,Dominica,0.014656
1965,Dominican Republic,1.5453
1965,Ecuador,2.274
1965,Egypt,27.6095
1965,El Salvador,1.0402
1965,Equatorial Guinea,0.029312
1965,Eritrea,
1965,Estonia,19.1426
1965,Ethiopia,0.64448
1965,Faeroe Islands,0.13557
1965,Falkland Islands (Malvinas),
1965,Fiji,0.34427
1965,Finland,25.3001
1965,France,365.845
1965,French Guiana,
1965,French Polynesia,0.084272
1965,Gabon,0.21618
1965,Gambia,0.029312
1965,Georgia,6.9436
1965,Germany,959.842
1965,Ghana,1.7038
1965,Gibraltar,
1965,Greece,16.999
1965,Greenland,0.34442
1965,Grenada,0.021984
1965,Guadeloupe,
1965,Guatemala,1.9739
1965,Guinea,0.69616
1965,Guinea-Bissau,0.065952
1965,Guyana,1.0772
1965,Haiti,0.30393
1965,Honduras,0.75073
1965,Hong Kong,4.8025
1965,Hungary,61.2744
1965,Iceland,1.3955
1965,India,153.6967
1965,Indonesia,24.6682
1965,Iran,53.7184
1965,Iraq,19.2931
1965,Ireland,13.7174
1965,Israel,12.9288
1965,Italy,189.543
1965,Jamaica,2.9886
1965,Japan,386.9696
1965,Jordan,1.4204
1965,Kazakhstan,126.269
1965,Kenya,2.4639
1965,Kiribati,0.010992
1965,Kosovo,
1965,Kuwait,35.3906
1965,Kyrgyzstan,10.8357
1965,Laos,0.17954
1965,Latvia,12.674
1965,Lebanon,3.312
1965,Lesotho,
1965,Liberia,0.55693
1965,Libya,1.0149
1965,Liechtenstein,0.062467
1965,Lithuania,19.604
1965,Luxembourg,12.2039
1965,Macao,0.1319
1965,Madagascar,0.55678
1965,Malawi,0.34796
1965,Malaysia,8.3802
1965,Maldives,
1965,Mali,0.19786
1965,Malta,0.47266
1965,Marshall Islands,
1965,Martinique,
1965,Mauritania,0.16122
1965,Mauritius,0.30411
1965,Mexico,75.1679
1965,Micronesia (Federated States of),
1965,Moldova,19.691
1965,Mongolia,1.9566
1965,Montenegro,0.83535
1965,Montserrat,0.003664
1965,Morocco,4.2544
1965,Mozambique,2.0033
1965,Myanmar,2.7255
1965,Namibia,
1965,Nauru,0.032976
1965,Nepal,0.17954
1965,Netherlands,100.4146
1965,New Caledonia,1.2311
1965,New Zealand,13.6853
1965,Nicaragua,0.78016
1965,Niger,0.0916
1965,Nigeria,11.7501
1965,Niue,
1965,North Korea,44.2221
1965,North Macedonia,4.1692
1965,Norway,16.3899
1965,Occupied Palestinian Territory,
1965,Oman,0.025648
1965,Pakistan,16.8296
1965,Palau,
1965,Panama,2.1243
1965,Papua New Guinea,0.30411
1965,Paraguay,0.54948
1965,Peru,11.9515
1965,Philippines,13.9646
1965,Poland,246.9772
1965,Portugal,11.5825
1965,Qatar,6.2874
1965,Republic of South Sudan,0.19527
1965,Romania,78.6369
1965,Russian Federation,1159.1189
1965,Rwanda,0.047632
1965,Réunion,
1965,Saint Helena,0
1965,Saint Kitts and Nevis,0.021984
1965,Saint Lucia,0.025648
1965,Saint Pierre and Miquelon,0.040304
1965,Saint Vincent and the Grenadines,0.014656
1965,Samoa,0.029312
1965,Sao Tome and Principe,0.010992
1965,Saudi Arabia,4.2163
1965,Senegal,1.692
1965,Serbia,21.7594
1965,Seychelles,0.007328
1965,Sierra Leone,0.28213
1965,Singapore,2.4256
1965,Slovakia,39.066
1965,Slovenia,6.1983
1965,Solomon Islands,0.025648
1965,Somalia,0.1319
1965,South Africa,128.14
1965,South Korea,24.9783
1965,Spain,71.0205
1965,Sri Lanka,2.656
1965,Sudan,2.2301
1965,Suriname,0.79509
1965,Swaziland,0.080608
1965,Sweden,62.5658
1965,Switzerland,30.3399
1965,Syria,3.6723
1965,Taiwan,17.8448
1965,Tajikistan,6.184
1965,Tanzania,1.1615
1965,Thailand,7.4449
1965,Timor-Leste,
1965,Togo,0.1319
1965,Tonga,0.010992
1965,Trinidad and Tobago,5.1911
1965,Tunisia,2.4604
1965,Turkey,27.353
1965,Turkmenistan,15.9423
1965,Turks and Caicos Islands,
1965,Tuvalu,
1965,Uganda,0.62601
1965,Ukraine,367.2475
1965,United Arab Emirates,0.021984
1965,United Kingdom,622.1153
1965,United States of America,3399.5394
1965,Uruguay,5.5163
1965,Uzbekistan,48.5654
1965,Vanuatu,0.047632
1965,Venezuela,60.7296
1965,Vietnam,13.1499
1965,Wallis and Futuna Islands,
1965,Western Sahara,
1965,Yemen,3.9278
1965,Zambia,3.9123
1965,Zimbabwe,5.2092
1966,Afghanistan,1.0912
1966,Albania,2.5496
1966,Algeria,8.4209
1966,Andorra,
1966,Angola,1.5525
1966,Anguilla,
1966,Antigua and Barbuda,0.34808
1966,Argentina,63.0727
1966,Armenia,4.3956
1966,Aruba,0.55394
1966,Australia,115.7362
1966,Austria,39.2454
1966,Azerbaijan,26.5625
1966,Bahamas,1.0919
1966,Bahrain,0.64853
1966,Bangladesh,3.1763
1966,Barbados,0.26747
1966,Belarus,55.796
1966,Belgium,105.104
1966,Belize,0.080608
1966,Benin,0.11358
1966,Bermuda,0.20152
1966,Bhutan,
1966,Bolivia,1.6888
1966,"Bonaire, Saint Eustatius and Saba",0.15467
1966,Bosnia and Herzegovina,7.4454
1966,Botswana,0
1966,Brazil,64.1539
1966,British Virgin Islands,0.010992
1966,Brunei Darussalam,0.49098
1966,Bulgaria,48.716
1966,Burkina Faso,0.10259
1966,Burundi,0.047632
1966,Cambodia,0.43968
1966,Cameroon,0.34442
1966,Canada,259.0744
1966,Cape Verde,0.021984
1966,Cayman Islands,
1966,Central African Republic,0.084272
1966,Chad,0.084272
1966,Chile,18.7725
1966,China,549.4666
1966,Colombia,23.4742
1966,Comoros,0.01832
1966,Congo,0.30778
1966,Cook Islands,
1966,Costa Rica,0.99247
1966,Croatia,8.0722
1966,Cuba,15.1694
1966,Curaçao,8.294
1966,Cyprus,1.2417
1966,Czech Republic,121.5695
1966,Côte d'Ivoire,1.2384
1966,Democratic Republic of the Congo,2.4025
1966,Denmark,50.0857
1966,Djibouti,0.13923
1966,Dominica,0.014656
1966,Dominican Republic,1.6697
1966,Ecuador,2.4167
1966,Egypt,26.5322
1966,El Salvador,1.3038
1966,Equatorial Guinea,0.025648
1966,Eritrea,
1966,Estonia,20.2156
1966,Ethiopia,0.82398
1966,Faeroe Islands,0.13923
1966,Falkland Islands (Malvinas),
1966,Fiji,0.32225
1966,Finland,29.4888
1966,France,382.8359
1966,French Guiana,
1966,French Polynesia,0.12091
1966,Gabon,0.38106
1966,Gambia,0.032976
1966,Georgia,7.3359
1966,Germany,951.1545
1966,Ghana,1.44
1966,Gibraltar,
1966,Greece,18.6206
1966,Greenland,0.38838
1966,Grenada,0.029312
1966,Guadeloupe,
1966,Guatemala,1.7396
1966,Guinea,0.71814
1966,Guinea-Bissau,0.065952
1966,Guyana,1.1798
1966,Haiti,0.30396
1966,Honduras,0.80566
1966,Hong Kong,5.1616
1966,Hungary,61.7096
1966,Iceland,1.4944
1966,India,159.3714
1966,Indonesia,23.375
1966,Iran,64.1034
1966,Iraq,27.6761
1966,Ireland,15.0947
1966,Israel,13.5814
1966,Italy,213.9971
1966,Jamaica,3.516
1966,Japan,419.7802
1966,Jordan,1.5813
1966,Kazakhstan,133.3508
1966,Kenya,2.6801
1966,Kiribati,0.010992
1966,Kosovo,
1966,Kuwait,35.1231
1966,Kyrgyzstan,11.4444
1966,Laos,0.2345
1966,Latvia,13.3866
1966,Lebanon,3.6229
1966,Lesotho,
1966,Liberia,0.61189
1966,Libya,2.6271
1966,Liechtenstein,0.061096
1966,Lithuania,20.7064
1966,Luxembourg,11.6177
1966,Macao,0.15022
1966,Madagascar,0.5787
1966,Malawi,0.42851
1966,Malaysia,9.8344
1966,Maldives,
1966,Mali,0.19053
1966,Malta,0.41403
1966,Marshall Islands,
1966,Martinique,
1966,Mauritania,0.17954
1966,Mauritius,0.2748
1966,Mexico,80.8446
1966,Micronesia (Federated States of),
1966,Moldova,20.8116
1966,Mongolia,1.9529
1966,Montenegro,0.82776
1966,Montserrat,0.007328
1966,Morocco,5.4595
1966,Mozambique,2.1242
1966,Myanmar,2.8061
1966,Namibia,
1966,Nauru,0.032976
1966,Nepal,0.19053
1966,Netherlands,103.5648
1966,New Caledonia,1.5096
1966,New Zealand,14.0003
1966,Nicaragua,0.95964
1966,Niger,0.13551
1966,Nigeria,12.8932
1966,Niue,
1966,North Korea,47.5999
1966,North Macedonia,4.1264
1966,Norway,19.5401
1966,Occupied Palestinian Territory,
1966,Oman,0.029312
1966,Pakistan,17.1257
1966,Palau,
1966,Panama,2.1062
1966,Papua New Guinea,0.34075
1966,Paraguay,0.51284
1966,Peru,13.2411
1966,Philippines,16.1041
1966,Poland,252.4237
1966,Portugal,11.8351
1966,Qatar,6.2728
1966,Republic of South Sudan,0.21268
1966,Romania,84.0905
1966,Russian Federation,1224.0874
1966,Rwanda,0.043968
1966,Réunion,
1966,Saint Helena,0
1966,Saint Kitts and Nevis,0.021984
1966,Saint Lucia,0.029312
1966,Saint Pierre and Miquelon,0.043968
1966,Saint Vincent and the Grenadines,0.01832
1966,Samoa,0.025648
1966,Sao Tome and Principe,0.010992
1966,Saudi Arabia,6.4073
1966,Senegal,1.7176
1966,Serbia,21.5639
1966,Seychelles,0.007328
1966,Sierra Leone,0.30045
1966,Singapore,0.47892
1966,Slovakia,38.8367
1966,Slovenia,6.141
1966,Solomon Islands,0.025648
1966,Somalia,0.13923
1966,South Africa,128.2349
1966,South Korea,29.9822
1966,Spain,77.617
1966,Sri Lanka,2.6597
1966,Sudan,2.4288
1966,Suriname,1.0955
1966,Swaziland,0.20152
1966,Sweden,72.5174
1966,Switzerland,31.4966
1966,Syria,4.9109
1966,Taiwan,19.4616
1966,Tajikistan,6.5316
1966,Tanzania,1.3701
1966,Thailand,9.4711
1966,Timor-Leste,
1966,Togo,0.17954
1966,Tonga,0.010992
1966,Trinidad and Tobago,4.0515
1966,Tunisia,2.8816
1966,Turkey,31.5058
1966,Turkmenistan,16.8436
1966,Turks and Caicos Islands,
1966,Tuvalu,
1966,Uganda,0.73232
1966,Ukraine,387.781
1966,United Arab Emirates,0.025648
1966,United Kingdom,618.0783
1966,United States of America,3571.4177
1966,Uruguay,5.3988
1966,Uzbekistan,51.3345
1966,Vanuatu,0.076944
1966,Venezuela,56.974
1966,Vietnam,19.1811
1966,Wallis and Futuna Islands,
1966,Western Sahara,
1966,Yemen,3.4625
1966,Zambia,3.4982
1966,Zimbabwe,6.0409
1967,Afghanistan,1.2819
1967,Albania,2.6775
1967,Algeria,8.4316
1967,Andorra,
1967,Angola,0.99181
1967,Anguilla,
1967,Antigua and Barbuda,0.56426
1967,Argentina,65.476
1967,Armenia,4.6015
1967,Aruba,0.68236
1967,Australia,122.2806
1967,Austria,39.9559
1967,Azerbaijan,27.7924
1967,Bahamas,1.701
1967,Bahrain,1.0039
1967,Bangladesh,3.3711
1967,Barbados,0.33709
1967,Belarus,58.3745
1967,Belgium,107.3647
1967,Belize,0.12091
1967,Benin,0.1429
1967,Bermuda,0.21251
1967,Bhutan,
1967,Bolivia,1.8904
1967,"Bonaire, Saint Eustatius and Saba",0.19052
1967,Bosnia and Herzegovina,7.5205
1967,Botswana,0
1967,Brazil,66.022
1967,British Virgin Islands,0.003664
1967,Brunei Darussalam,0.43968
1967,Bulgaria,55.1077
1967,Burkina Faso,0.10259
1967,Burundi,0.047632
1967,Cambodia,0.38838
1967,Cameroon,0.458
1967,Canada,281.637
1967,Cape Verde,0.01832
1967,Cayman Islands,
1967,Central African Republic,0.0916
1967,Chad,0.11725
1967,Chile,19.2383
1967,China,460.2332
1967,Colombia,24.6868
1967,Comoros,0.01832
1967,Congo,0.32243
1967,Cook Islands,
1967,Costa Rica,0.87525
1967,Croatia,8.161
1967,Cuba,15.7369
1967,Curaçao,10.2167
1967,Cyprus,1.3623
1967,Czech Republic,121.3118
1967,Côte d'Ivoire,1.3593
1967,Democratic Republic of the Congo,2.2888
1967,Denmark,49.0338
1967,Djibouti,0.087936
1967,Dominica,0.021984
1967,Dominican Republic,1.5669
1967,Ecuador,2.5889
1967,Egypt,19.6499
1967,El Salvador,1.1573
1967,Equatorial Guinea,0.025648
1967,Eritrea,
1967,Estonia,21.1355
1967,Ethiopia,1.073
1967,Faeroe Islands,0.16854
1967,Falkland Islands (Malvinas),
1967,Fiji,0.35523
1967,Finland,28.5877
1967,France,407.2925
1967,French Guiana,
1967,French Polynesia,0.13923
1967,Gabon,1.0113
1967,Gambia,0.032976
1967,Georgia,7.6781
1967,Germany,936.0132
1967,Ghana,1.4949
1967,Gibraltar,
1967,Greece,19.5042
1967,Greenland,0.4177
1967,Grenada,0.03664
1967,Guadeloupe,
1967,Guatemala,1.9813
1967,Guinea,0.72547
1967,Guinea-Bissau,0.047632
1967,Guyana,1.3227
1967,Haiti,0.26
1967,Honduras,0.87525
1967,Hong Kong,6.0521
1967,Hungary,58.811
1967,Iceland,1.4431
1967,India,159.5571
1967,Indonesia,24.54
1967,Iran,67.8809
1967,Iraq,18.373
1967,Ireland,16.3948
1967,Israel,13.5279
1967,Italy,234.1481
1967,Jamaica,3.8642
1967,Japan,489.9157
1967,Jordan,1.413
1967,Kazakhstan,139.4093
1967,Kenya,2.6984
1967,Kiribati,0.021984
1967,Kosovo,
1967,Kuwait,25.4208
1967,Kyrgyzstan,11.9668
1967,Laos,0.31877
1967,Latvia,14.0022
1967,Lebanon,3.5646
1967,Lesotho,
1967,Liberia,0.61189
1967,Libya,18.4922
1967,Liechtenstein,0.060649
1967,Lithuania,21.674
1967,Luxembourg,11.3613
1967,Macao,0.16488
1967,Madagascar,0.84248
1967,Malawi,0.36622
1967,Malaysia,10.1276
1967,Maldives,
1967,Mali,0.2235
1967,Malta,0.52029
1967,Marshall Islands,
1967,Martinique,
1967,Mauritania,0.19786
1967,Mauritius,0.4983
1967,Mexico,90.0055
1967,Micronesia (Federated States of),
1967,Moldova,21.7763
1967,Mongolia,2.1506
1967,Montenegro,0.8361
1967,Montserrat,0.007328
1967,Morocco,5.4083
1967,Mozambique,1.8713
1967,Myanmar,3.6158
1967,Namibia,
1967,Nauru,0.047632
1967,Nepal,0.21251
1967,Netherlands,106.6894
1967,New Caledonia,1.4729
1967,New Zealand,13.6268
1967,Nicaragua,1.0805
1967,Niger,0.13181
1967,Nigeria,12.8245
1967,Niue,
1967,North Korea,52.392
1967,North Macedonia,4.1699
1967,Norway,19.3042
1967,Occupied Palestinian Territory,
1967,Oman,0.13557
1967,Pakistan,18.1759
1967,Palau,
1967,Panama,2.15
1967,Papua New Guinea,0.43602
1967,Paraguay,0.48725
1967,Peru,13.6403
1967,Philippines,18.2089
1967,Poland,259.0144
1967,Portugal,12.3916
1967,Qatar,6.6831
1967,Republic of South Sudan,0.25633
1967,Romania,92.0289
1967,Russian Federation,1279.9687
1967,Rwanda,0.040304
1967,Réunion,
1967,Saint Helena,0
1967,Saint Kitts and Nevis,0.021984
1967,Saint Lucia,0.032976
1967,Saint Pierre and Miquelon,0.051296
1967,Saint Vincent and the Grenadines,0.01832
1967,Samoa,0.025648
1967,Sao Tome and Principe,0.010992
1967,Saudi Arabia,25.4855
1967,Senegal,0.69914
1967,Serbia,21.7826
1967,Seychelles,0.007328
1967,Sierra Leone,0.25282
1967,Singapore,2.8213
1967,Slovakia,38.7429
1967,Slovenia,6.2029
1967,Solomon Islands,0.032976
1967,Somalia,0.22717
1967,South Africa,133.7601
1967,South Korea,35.1132
1967,Spain,86.394
1967,Sri Lanka,2.9451
1967,Sudan,2.9273
1967,Suriname,1.3337
1967,Swaziland,0.22717
1967,Sweden,68.9297
1967,Switzerland,32.527
1967,Syria,4.6032
1967,Taiwan,21.9699
1967,Tajikistan,6.8333
1967,Tanzania,1.7581
1967,Thailand,12.1568
1967,Timor-Leste,
1967,Togo,0.19786
1967,Tonga,0.014656
1967,Trinidad and Tobago,4.6342
1967,Tunisia,3.0832
1967,Turkey,33.4791
1967,Turkmenistan,17.6327
1967,Turks and Caicos Islands,
1967,Tuvalu,
1967,Uganda,0.80918
1967,Ukraine,405.4133
1967,United Arab Emirates,0.916
1967,United Kingdom,592.0644
1967,United States of America,3705.461
1967,Uruguay,4.8788
1967,Uzbekistan,53.776
1967,Vanuatu,0.084272
1967,Venezuela,65.7524
1967,Vietnam,22.9622
1967,Wallis and Futuna Islands,
1967,Western Sahara,
1967,Yemen,3.0521
1967,Zambia,4.7876
1967,Zimbabwe,5.2945
1968,Afghanistan,1.2234
1968,Albania,3.0692
1968,Algeria,9.0502
1968,Andorra,
1968,Angola,1.6695
1968,Anguilla,
1968,Antigua and Barbuda,0.98928
1968,Argentina,69.0092
1968,Armenia,4.7361
1968,Aruba,0.63451
1968,Australia,128.7681
1968,Austria,42.3301
1968,Azerbaijan,28.5913
1968,Bahamas,1.6277
1968,Bahrain,1.1029
1968,Bangladesh,3.8657
1968,Barbados,0.43968
1968,Belarus,60.0436
1968,Belgium,118.4412
1968,Belize,0.10259
1968,Benin,0.15389
1968,Bermuda,0.2235
1968,Bhutan,
1968,Bolivia,2.1761
1968,"Bonaire, Saint Eustatius and Saba",0.17716
1968,Bosnia and Herzegovina,8.0436
1968,Botswana,0
1968,Brazil,77.2104
1968,British Virgin Islands,0.014656
1968,Brunei Darussalam,0.42869
1968,Bulgaria,59.4635
1968,Burkina Faso,0.10259
1968,Burundi,0.05496
1968,Cambodia,0.46166
1968,Cameroon,0.50563
1968,Canada,303.2613
1968,Cape Verde,0.029282
1968,Cayman Islands,
1968,Central African Republic,0.1832
1968,Chad,0.12458
1968,Chile,21.2022
1968,China,495.5139
1968,Colombia,26.5728
1968,Comoros,0.01832
1968,Congo,0.45067
1968,Cook Islands,0
1968,Costa Rica,1.0364
1968,Croatia,8.7298
1968,Cuba,16.0195
1968,Curaçao,9.5003
1968,Cyprus,1.6222
1968,Czech Republic,126.9213
1968,Côte d'Ivoire,1.5975
1968,Democratic Republic of the Congo,3.366
1968,Denmark,53.28
1968,Djibouti,0.12091
1968,Dominica,0.021984
1968,Dominican Republic,2.3473
1968,Ecuador,3.1126
1968,Egypt,22.8726
1968,El Salvador,1.2598
1968,Equatorial Guinea,0.029312
1968,Eritrea,
1968,Estonia,21.7257
1968,Ethiopia,1.725
1968,Faeroe Islands,0.1832
1968,Falkland Islands (Malvinas),
1968,Fiji,0.3955
1968,Finland,33.2815
1968,France,421.1161
1968,French Guiana,
1968,French Polynesia,0.15389
1968,Gabon,1.9602
1968,Gambia,0.03664
1968,Georgia,7.9019
1968,Germany,984.582
1968,Ghana,1.6488
1968,Gibraltar,
1968,Greece,22.2863
1968,Greenland,0.54227
1968,Grenada,0.040304
1968,Guadeloupe,
1968,Guatemala,2.1391
1968,Guinea,0.74746
1968,Guinea-Bissau,0.062288
1968,Guyana,1.33
1968,Haiti,0.26363
1968,Honduras,1.2232
1968,Hong Kong,6.198
1968,Hungary,61.1298
1968,Iceland,1.5934
1968,India,174.0705
1968,Indonesia,27.5626
1968,Iran,82.3296
1968,Iraq,19.6957
1968,Ireland,17.798
1968,Israel,13.7942
1968,Italy,249.1868
1968,Jamaica,3.8785
1968,Japan,562.5683
1968,Jordan,1.504
1968,Kazakhstan,143.2888
1968,Kenya,2.8154
1968,Kiribati,0.032976
1968,Kosovo,
1968,Kuwait,23.1493
1968,Kyrgyzstan,12.3022
1968,Laos,0.16854
1968,Latvia,14.3996
1968,Lebanon,3.6933
1968,Lesotho,
1968,Liberia,0.88282
1968,Libya,30.1144
1968,Liechtenstein,0.073834
1968,Lithuania,22.3048
1968,Luxembourg,12.2663
1968,Macao,0.16854
1968,Madagascar,0.91207
1968,Malawi,0.38815
1968,Malaysia,10.5302
1968,Maldives,
1968,Mali,0.19786
1968,Malta,0.63754
1968,Marshall Islands,
1968,Martinique,
1968,Mauritania,0.2345
1968,Mauritius,0.63754
1968,Mexico,93.8872
1968,Micronesia (Federated States of),
1968,Moldova,22.401
1968,Mongolia,2.4802
1968,Montenegro,0.89425
1968,Montserrat,0.007328
1968,Morocco,5.6202
1968,Mozambique,2.7762
1968,Myanmar,2.9268
1968,Namibia,
1968,Nauru,0.047632
1968,Nepal,0.25282
1968,Netherlands,113.4528
1968,New Caledonia,1.8393
1968,New Zealand,13.4731
1968,Nicaragua,1.2307
1968,Niger,0.16113
1968,Nigeria,6.6259
1968,Niue,
1968,North Korea,59.269
1968,North Macedonia,4.4526
1968,Norway,21.1137
1968,Occupied Palestinian Territory,
1968,Oman,0.16122
1968,Pakistan,20.8418
1968,Palau,
1968,Panama,2.6007
1968,Papua New Guinea,0.50197
1968,Paraguay,0.58981
1968,Peru,14.4866
1968,Philippines,22.2228
1968,Poland,275.7938
1968,Portugal,12.9924
1968,Qatar,7.0752
1968,Republic of South Sudan,0.24984
1968,Romania,100.0759
1968,Russian Federation,1315.9424
1968,Rwanda,0.05496
1968,Réunion,
1968,Saint Helena,0.003664
1968,Saint Kitts and Nevis,0.032976
1968,Saint Lucia,0.03664
1968,Saint Pierre and Miquelon,0.040304
1968,Saint Vincent and the Grenadines,0.021984
1968,Samoa,0.029312
1968,Sao Tome and Principe,0.014656
1968,Saudi Arabia,29.0791
1968,Senegal,0.098126
1968,Serbia,23.3004
1968,Seychelles,0.007328
1968,Sierra Leone,0.36274
1968,Singapore,5.1335
1968,Slovakia,40.546
1968,Slovenia,6.6329
1968,Solomon Islands,0.03664
1968,Somalia,0.15389
1968,South Africa,137.9538
1968,South Korea,37.1971
1968,Spain,97.0062
1968,Sri Lanka,3.2381
1968,Sudan,2.8532
1968,Suriname,1.4509
1968,Swaziland,0.27846
1968,Sweden,77.6096
1968,Switzerland,35.9887
1968,Syria,5.9539
1968,Taiwan,24.1406
1968,Tajikistan,7.0288
1968,Tanzania,1.6518
1968,Thailand,17.0833
1968,Timor-Leste,
1968,Togo,0.19419
1968,Tonga,0.014656
1968,Trinidad and Tobago,4.0369
1968,Tunisia,3.5923
1968,Turkey,36.2655
1968,Turkmenistan,18.1491
1968,Turks and Caicos Islands,
1968,Tuvalu,
1968,Uganda,0.98133
1968,Ukraine,416.7367
1968,United Arab Emirates,1.2421
1968,United Kingdom,606.4956
1968,United States of America,3840.9232
1968,Uruguay,4.8784
1968,Uzbekistan,55.3957
1968,Vanuatu,0.062288
1968,Venezuela,65.5721
1968,Vietnam,23.6009
1968,Wallis and Futuna Islands,
1968,Western Sahara,
1968,Yemen,11.6369
1968,Zambia,4.5676
1968,Zimbabwe,6.3777
1969,Afghanistan,0.94123
1969,Albania,3.2413
1969,Algeria,11.263
1969,Andorra,
1969,Angola,2.7831
1969,Anguilla,
1969,Antigua and Barbuda,1.2568
1969,Argentina,77.2489
1969,Armenia,4.9365
1969,Aruba,0.83041
1969,Australia,136.4135
1969,Austria,44.6752
1969,Azerbaijan,29.7891
1969,Bahamas,1.7408
1969,Bahrain,1.2714
1969,Bangladesh,3.7493
1969,Barbados,0.47998
1969,Belarus,62.5532
1969,Belgium,123.4954
1969,Belize,0.13557
1969,Benin,0.20152
1969,Bermuda,0.19786
1969,Bhutan,
1969,Bolivia,2.5462
1969,"Bonaire, Saint Eustatius and Saba",0.23186
1969,Bosnia and Herzegovina,8.3404
1969,Botswana,0
1969,Brazil,84.0718
1969,British Virgin Islands,0.01832
1969,Brunei Darussalam,0.48731
1969,Bulgaria,66.3077
1969,Burkina Faso,0.12091
1969,Burundi,0.07328
1969,Cambodia,1.3153
1969,Cameroon,0.57158
1969,Canada,307.1192
1969,Cape Verde,0.036581
1969,Cayman Islands,
1969,Central African Republic,0.18686
1969,Chad,0.16122
1969,Chile,22.5315
1969,China,607.6943
1969,Colombia,28.0163
1969,Comoros,0.01832
1969,Congo,0.50197
1969,Cook Islands,0.010992
1969,Costa Rica,1.1462
1969,Croatia,9.0537
1969,Cuba,17.2433
1969,Curaçao,12.4333
1969,Cyprus,1.6698
1969,Czech Republic,134.7317
1969,Côte d'Ivoire,1.8906
1969,Democratic Republic of the Congo,3.648
1969,Denmark,59.3499
1969,Djibouti,0.084272
1969,Dominica,0.01832
1969,Dominican Republic,2.6512
1969,Ecuador,3.5889
1969,Egypt,19.6648
1969,El Salvador,1.1902
1969,Equatorial Guinea,0.043968
1969,Eritrea,
1969,Estonia,22.6228
1969,Ethiopia,1.6664
1969,Faeroe Islands,0.21251
1969,Falkland Islands (Malvinas),
1969,Fiji,0.43215
1969,Finland,37.8968
1969,France,446.5779
1969,French Guiana,
1969,French Polynesia,0.16122
1969,Gabon,1.4326
1969,Gambia,0.047632
1969,Georgia,8.2351
1969,Germany,1051.8029
1969,Ghana,1.488
1969,Gibraltar,
1969,Greece,25.4343
1969,Greenland,0.4067
1969,Grenada,0.047632
1969,Guadeloupe,
1969,Guatemala,2.2781
1969,Guinea,0.74746
1969,Guinea-Bissau,0.058624
1969,Guyana,1.3667
1969,Haiti,0.3149
1969,Honduras,1.1756
1969,Hong Kong,7.7515
1969,Hungary,62.3802
1969,Iceland,1.2637
1969,India,177.4113
1969,Indonesia,33.3622
1969,Iran,83.0387
1969,Iraq,22.6013
1969,Ireland,18.4944
1969,Israel,14.8009
1969,Italy,269.6756
1969,Jamaica,4.2669
1969,Japan,653.8528
1969,Jordan,1.7568
1969,Kazakhstan,149.1923
1969,Kenya,3.1265
1969,Kiribati,0.010992
1969,Kosovo,
1969,Kuwait,26.8095
1969,Kyrgyzstan,12.811
1969,Laos,0.31877
1969,Latvia,14.999
1969,Lebanon,4.3441
1969,Lesotho,
1969,Liberia,1.2711
1969,Libya,35.5222
1969,Liechtenstein,0.087555
1969,Lithuania,23.2473
1969,Luxembourg,13.1895
1969,Macao,0.16854
1969,Madagascar,0.84975
1969,Malawi,0.38076
1969,Malaysia,9.1378
1969,Maldives,
1969,Mali,0.16122
1969,Malta,0.65219
1969,Marshall Islands,
1969,Martinique,
1969,Mauritania,0.2748
1969,Mauritius,0.57158
1969,Mexico,102.1762
1969,Micronesia (Federated States of),
1969,Moldova,23.3368
1969,Mongolia,2.6818
1969,Montenegro,0.92724
1969,Montserrat,0.007328
1969,Morocco,5.8174
1969,Mozambique,3.2378
1969,Myanmar,3.2126
1969,Namibia,
1969,Nauru,0.065952
1969,Nepal,0.39938
1969,Netherlands,115.8057
1969,New Caledonia,1.5572
1969,New Zealand,14.257
1969,Nicaragua,1.2856
1969,Niger,0.19044
1969,Nigeria,12.0999
1969,Niue,
1969,North Korea,64.0794
1969,North Macedonia,4.6153
1969,Norway,22.1938
1969,Occupied Palestinian Territory,
1969,Oman,0.2345
1969,Pakistan,20.2134
1969,Palau,
1969,Panama,2.3844
1969,Papua New Guinea,0.55693
1969,Paraguay,0.52014
1969,Peru,15.2853
1969,Philippines,22.8295
1969,Poland,293.3726
1969,Portugal,14.5928
1969,Qatar,7.1666
1969,Republic of South Sudan,0.33656
1969,Romania,111.5239
1969,Russian Federation,1370.4678
1969,Rwanda,0.058624
1969,Réunion,
1969,Saint Helena,0
1969,Saint Kitts and Nevis,0.025648
1969,Saint Lucia,0.062288
1969,Saint Pierre and Miquelon,0.032976
1969,Saint Vincent and the Grenadines,0.029312
1969,Samoa,0.029312
1969,Sao Tome and Principe,0.014656
1969,Saudi Arabia,35.271
1969,Senegal,0.49014
1969,Serbia,24.161
1969,Seychelles,0.007328
1969,Sierra Leone,1.0845
1969,Singapore,6.8883
1969,Slovakia,43.0497
1969,Slovenia,6.8773
1969,Solomon Islands,0.03664
1969,Somalia,0.16122
1969,South Africa,143.1428
1969,South Korea,42.4682
1969,Spain,96.729
1969,Sri Lanka,4.3151
1969,Sudan,3.8436
1969,Suriname,1.5206
1969,Swaziland,0.30411
1969,Sweden,86.3847
1969,Switzerland,38.0543
1969,Syria,7.2326
1969,Taiwan,26.291
1969,Tajikistan,7.3229
1969,Tanzania,1.7947
1969,Thailand,14.5487
1969,Timor-Leste,
1969,Togo,0.24182
1969,Tonga,0.010992
1969,Trinidad and Tobago,3.9012
1969,Tunisia,3.8521
1969,Turkey,38.7527
1969,Turkmenistan,18.9165
1969,Turks and Caicos Islands,
1969,Tuvalu,
1969,Uganda,1.1754
1969,Ukraine,433.9701
1969,United Arab Emirates,20.5074
1969,United Kingdom,628.3899
1969,United States of America,4035.1563
1969,Uruguay,5.5894
1969,Uzbekistan,57.7674
1969,Vanuatu,0.043968
1969,Venezuela,68.9332
1969,Vietnam,27.0556
1969,Wallis and Futuna Islands,
1969,Western Sahara,
1969,Yemen,4.6753
1969,Zambia,4.2709
1969,Zimbabwe,6.7439
1970,Afghanistan,1.6704
1970,Albania,3.7395
1970,Algeria,15.059
1970,Andorra,
1970,Angola,3.5779
1970,Anguilla,
1970,Antigua and Barbuda,0.46166
1970,Argentina,82.648
1970,Armenia,5.1908
1970,Aruba,0.92876
1970,Australia,147.8628
1970,Austria,50.672
1970,Azerbaijan,31.3225
1970,Bahamas,2.5688
1970,Bahrain,2.5904
1970,Bangladesh,3.8032
1970,Barbados,0.42869
1970,Belarus,65.8142
1970,Belgium,125.4977
1970,Belize,0.12091
1970,Benin,0.28213
1970,Bermuda,0.22717
1970,Bhutan,0.003664
1970,Bolivia,2.4837
1970,"Bonaire, Saint Eustatius and Saba",0.25932
1970,Bosnia and Herzegovina,10.8981
1970,Botswana,
1970,Brazil,93.467
1970,British Virgin Islands,0.01832
1970,Brunei Darussalam,8.2037
1970,Bulgaria,61.174
1970,Burkina Faso,0.1429
1970,Burundi,0.062288
1970,Cambodia,1.1542
1970,Cameroon,0.63742
1970,Canada,341.2322
1970,Cape Verde,0.036581
1970,Cayman Islands,
1970,Central African Republic,0.20885
1970,Chad,0.12458
1970,Chile,24.6358
1970,China,807.9636
1970,Colombia,28.3701
1970,Comoros,0.029312
1970,Congo,0.57158
1970,Cook Islands,0.010992
1970,Costa Rica,1.2487
1970,Croatia,11.841
1970,Cuba,18.6541
1970,Curaçao,13.906
1970,Cyprus,1.7027
1970,Czech Republic,154.4653
1970,Côte d'Ivoire,2.2424
1970,Democratic Republic of the Congo,2.7097
1970,Denmark,62.0431
1970,Djibouti,0.13923
1970,Dominica,0.025648
1970,Dominican Republic,3.1051
1970,Ecuador,4.2782
1970,Egypt,21.654
1970,El Salvador,1.4283
1970,Equatorial Guinea,0.03664
1970,Eritrea,
1970,Estonia,23.7994
1970,Ethiopia,1.6517
1970,Faeroe Islands,0.25648
1970,Falkland Islands (Malvinas),
1970,Fiji,0.52005
1970,Finland,40.355
1970,France,463.9465
1970,French Guiana,
1970,French Polynesia,0.19419
1970,Gabon,2.0812
1970,Gambia,0.047632
1970,Georgia,8.6544
1970,Germany,1025.8025
1970,Ghana,2.4036
1970,Gibraltar,
1970,Greece,24.1262
1970,Greenland,0.38106
1970,Grenada,0.043968
1970,Guadeloupe,
1970,Guatemala,2.2964
1970,Guinea,0.79142
1970,Guinea-Bissau,0.069616
1970,Guyana,1.5792
1970,Haiti,0.38448
1970,Honduras,1.388
1970,Hong Kong,8.3925
1970,Hungary,69.9601
1970,Iceland,1.3883
1970,India,181.7239
1970,Indonesia,35.7914
1970,Iran,91.7875
1970,Iraq,23.8838
1970,Ireland,19.3901
1970,Israel,16.5594
1970,Italy,296.3792
1970,Jamaica,4.9886
1970,Japan,769.7476
1970,Jordan,1.5557
1970,Kazakhstan,156.965
1970,Kenya,3.0782
1970,Kiribati,0.021984
1970,Kosovo,
1970,Kuwait,25.0215
1970,Kyrgyzstan,13.4817
1970,Laos,0.57158
1970,Latvia,15.7793
1970,Lebanon,3.9407
1970,Lesotho,
1970,Liberia,1.4506
1970,Libya,32.3051
1970,Liechtenstein,0.111
1970,Lithuania,24.4622
1970,Luxembourg,13.7427
1970,Macao,0.20518
1970,Madagascar,0.97066
1970,Malawi,0.45407
1970,Malaysia,14.5859
1970,Maldives,0
1970,Mali,0.20152
1970,Malta,0.66318
1970,Marshall Islands,
1970,Martinique,
1970,Mauritania,0.42869
1970,Mauritius,0.4983
1970,Mexico,113.9507
1970,Micronesia (Federated States of),
1970,Moldova,24.5616
1970,Mongolia,2.8465
1970,Montenegro,1.2116
1970,Montserrat,0.014656
1970,Morocco,7.282
1970,Mozambique,2.9809
1970,Myanmar,4.6123
1970,Namibia,
1970,Nauru,0.065952
1970,Nepal,0.22717
1970,Netherlands,141.8106
1970,New Caledonia,2.3926
1970,New Zealand,14.18
1970,Nicaragua,1.4028
1970,Niger,0.21606
1970,Nigeria,21.52
1970,Niue,0.003664
1970,North Korea,73.4763
1970,North Macedonia,6.0629
1970,Norway,27.9787
1970,Occupied Palestinian Territory,
1970,Oman,0.2345
1970,Pakistan,20.5044
1970,Palau,
1970,Panama,2.6774
1970,Papua New Guinea,0.6925
1970,Paraguay,0.74344
1970,Peru,17.7658
1970,Philippines,24.7514
1970,Poland,304.1691
1970,Portugal,15.2365
1970,Qatar,7.5615
1970,Republic of South Sudan,0.39054
1970,Romania,119.9814
1970,Russian Federation,1441.3785
1970,Rwanda,0.058624
1970,Réunion,
1970,Saint Helena,0
1970,Saint Kitts and Nevis,0.025648
1970,Saint Lucia,0.065952
1970,Saint Pierre and Miquelon,0.03664
1970,Saint Vincent and the Grenadines,0.029312
1970,Samoa,0.029312
1970,Sao Tome and Principe,0.014656
1970,Saudi Arabia,45.2513
1970,Senegal,1.3071
1970,Serbia,31.5624
1970,Seychelles,0.029312
1970,Sierra Leone,0.85738
1970,Singapore,17.8327
1970,Slovakia,49.3692
1970,Slovenia,8.9921
1970,Solomon Islands,0.040304
1970,Somalia,0.21618
1970,South Africa,149.6219
1970,South Korea,53.7164
1970,Spain,116.7662
1970,Sri Lanka,3.5931
1970,Sudan,4.4602
1970,Suriname,1.6085
1970,Swaziland,0.3664
1970,Sweden,92.287
1970,Switzerland,40.2516
1970,Syria,6.6499
1970,Taiwan,28.734
1970,Tajikistan,7.7039
1970,Tanzania,1.7654
1970,Thailand,15.3622
1970,Timor-Leste,
1970,Togo,0.2748
1970,Tonga,0.025648
1970,Trinidad and Tobago,8.9904
1970,Tunisia,3.7387
1970,Turkey,42.5792
1970,Turkmenistan,19.8839
1970,Turks and Caicos Islands,0
1970,Tuvalu,
1970,Uganda,1.4428
1970,Ukraine,456.4758
1970,United Arab Emirates,15.2349
1970,United Kingdom,652.5847
1970,United States of America,4339.7043
1970,Uruguay,5.7358
1970,Uzbekistan,60.6277
1970,Vanuatu,0.040304
1970,Venezuela,74.4893
1970,Vietnam,28.173
1970,Wallis and Futuna Islands,
1970,Western Sahara,
1970,Yemen,2.5098
1970,Zambia,3.7659
1970,Zimbabwe,8.1541
1971,Afghanistan,1.8936
1971,Albania,4.348
1971,Algeria,18.642
1971,Andorra,
1971,Angola,3.4054
1971,Anguilla,
1971,Antigua and Barbuda,0.42502
1971,Argentina,88.8502
1971,Armenia,5.5185
1971,Aruba,0.80832
1971,Australia,151.1179
1971,Austria,52.1021
1971,Azerbaijan,33.2597
1971,Bahamas,6.7237
1971,Bahrain,3.0375
1971,Bangladesh,3.6058
1971,Barbados,0.48365
1971,Belarus,69.8495
1971,Belgium,121.3742
1971,Belize,0.1429
1971,Benin,0.29312
1971,Bermuda,0.23083
1971,Bhutan,0.003664
1971,Bolivia,3.0589
1971,"Bonaire, Saint Eustatius and Saba",0.22569
1971,Bosnia and Herzegovina,11.7456
1971,Botswana,
1971,Brazil,102.314
1971,British Virgin Islands,0.021984
1971,Brunei Darussalam,7.5112
1971,Bulgaria,64.2216
1971,Burkina Faso,0.15022
1971,Burundi,0.07328
1971,Cambodia,0.21984
1971,Cameroon,0.80918
1971,Canada,352.3167
1971,Cape Verde,0.03661
1971,Cayman Islands,
1971,Central African Republic,0.1832
1971,Chad,0.15022
1971,Chile,27.0558
1971,China,909.2098
1971,Colombia,30.2818
1971,Comoros,0.029312
1971,Congo,0.68517
1971,Cook Islands,0.010992
1971,Costa Rica,1.527
1971,Croatia,12.7549
1971,Cuba,19.5887
1971,Curaçao,12.1027
1971,Cyprus,1.8835
1971,Czech Republic,162.0144
1971,Côte d'Ivoire,2.4549
1971,Democratic Republic of the Congo,2.9587
1971,Denmark,57.0043
1971,Djibouti,0.16122
1971,Dominica,0.025648
1971,Dominican Republic,3.5187
1971,Ecuador,4.2194
1971,Egypt,22.9772
1971,El Salvador,1.5088
1971,Equatorial Guinea,0.065952
1971,Eritrea,
1971,Estonia,25.2588
1971,Ethiopia,1.8495
1971,Faeroe Islands,0.26014
1971,Falkland Islands (Malvinas),
1971,Fiji,0.54927
1971,Finland,40.5368
1971,France,497.0458
1971,French Guiana,
1971,French Polynesia,0.22717
1971,Gabon,2.8433
1971,Gambia,0.05496
1971,Georgia,9.2032
1971,Germany,1037.0792
1971,Ghana,2.0299
1971,Gibraltar,
1971,Greece,27.7495
1971,Greenland,0.46899
1971,Grenada,0.047632
1971,Guadeloupe,
1971,Guatemala,2.4393
1971,Guinea,0.81341
1971,Guinea-Bissau,0.07328
1971,Guyana,1.4986
1971,Haiti,0.40274
1971,Honduras,1.3288
1971,Hong Kong,9.1506
1971,Hungary,69.2467
1971,Iceland,1.4722
1971,India,191.9649
1971,Indonesia,38.9551
1971,Iran,101.6278
1971,Iraq,28.8319
1971,Ireland,22.4762
1971,Israel,16.2189
1971,Italy,311.0602
1971,Jamaica,5.7472
1971,Japan,799.6471
1971,Jordan,1.6544
1971,Kazakhstan,166.4377
1971,Kenya,3.6785
1971,Kiribati,0.029312
1971,Kosovo,
1971,Kuwait,27.1173
1971,Kyrgyzstan,14.3061
1971,Laos,0.42136
1971,Latvia,16.7526
1971,Lebanon,5.3006
1971,Lesotho,
1971,Liberia,1.5239
1971,Libya,21.6283
1971,Liechtenstein,0.11619
1971,Lithuania,26.0099
1971,Luxembourg,13.1977
1971,Macao,0.22717
1971,Madagascar,1.0256
1971,Malawi,0.50167
1971,Malaysia,16.6626
1971,Maldives,0.003664
1971,Mali,0.22717
1971,Malta,0.65952
1971,Marshall Islands,
1971,Martinique,
1971,Mauritania,0.39938
1971,Mauritius,0.39571
1971,Mexico,126.1823
1971,Micronesia (Federated States of),
1971,Moldova,26.072
1971,Mongolia,3.0324
1971,Montenegro,1.3059
1971,Montserrat,0.014656
1971,Morocco,8.1863
1971,Mozambique,3.611
1971,Myanmar,5.0995
1971,Namibia,
1971,Nauru,0.087936
1971,Nepal,0.19786
1971,Netherlands,140.6698
1971,New Caledonia,2.4182
1971,New Zealand,15.049
1971,Nicaragua,1.5054
1971,Niger,0.23037
1971,Nigeria,32.2481
1971,Niue,0.003664
1971,North Korea,107.453
1971,North Macedonia,6.5238
1971,Norway,27.166
1971,Occupied Palestinian Territory,
1971,Oman,2.0921
1971,Pakistan,19.4407
1971,Palau,
1971,Panama,3.0788
1971,Papua New Guinea,0.8244
1971,Paraguay,0.63341
1971,Peru,18.5907
1971,Philippines,27.5517
1971,Poland,312.8881
1971,Portugal,16.376
1971,Qatar,9.1443
1971,Republic of South Sudan,0.40087
1971,Romania,125.66
1971,Russian Federation,1529.5963
1971,Rwanda,0.062288
1971,Réunion,
1971,Saint Helena,0
1971,Saint Kitts and Nevis,0.029312
1971,Saint Lucia,0.069616
1971,Saint Pierre and Miquelon,0.047632
1971,Saint Vincent and the Grenadines,0.029312
1971,Samoa,0.03664
1971,Sao Tome and Principe,0.010992
1971,Saudi Arabia,59.7565
1971,Senegal,1.351
1971,Serbia,34.0119
1971,Seychelles,0.032976
1971,Sierra Leone,0.80242
1971,Singapore,16.2754
1971,Slovakia,51.7857
1971,Slovenia,9.6851
1971,Solomon Islands,0.047632
1971,Somalia,0.18686
1971,South Africa,168.4071
1971,South Korea,58.5337
1971,Spain,128.4586
1971,Sri Lanka,3.1904
1971,Sudan,4.578
1971,Suriname,1.7145
1971,Swaziland,0.39938
1971,Sweden,84.5089
1971,Switzerland,41.8938
1971,Syria,8.8742
1971,Taiwan,31.4749
1971,Tajikistan,8.1901
1971,Tanzania,2.4615
1971,Thailand,19.2128
1971,Timor-Leste,
1971,Togo,0.3151
1971,Tonga,0.01832
1971,Trinidad and Tobago,8.0964
1971,Tunisia,4.2175
1971,Turkey,47.6443
1971,Turkmenistan,21.1293
1971,Turks and Caicos Islands,0
1971,Tuvalu,
1971,Uganda,1.4377
1971,Ukraine,484.3718
1971,United Arab Emirates,21.1669
1971,United Kingdom,660.3955
1971,United States of America,4365.4836
1971,Uruguay,5.8019
1971,Uzbekistan,64.4919
1971,Vanuatu,0.058624
1971,Venezuela,62.5002
1971,Vietnam,24.5036
1971,Wallis and Futuna Islands,
1971,Western Sahara,
1971,Yemen,1.9712
1971,Zambia,3.7901
1971,Zimbabwe,8.7327
1972,Afghanistan,1.5303
1972,Albania,5.638
1972,Algeria,28.3082
1972,Andorra,
1972,Angola,4.5005
1972,Anguilla,
1972,Antigua and Barbuda,0.37373
1972,Argentina,90.0726
1972,Armenia,5.8133
1972,Aruba,0.78378
1972,Australia,153.5982
1972,Austria,56.1007
1972,Azerbaijan,35.0097
1972,Bahamas,6.4813
1972,Bahrain,3.6787
1972,Bangladesh,3.5059
1972,Barbados,0.50197
1972,Belarus,73.5105
1972,Belgium,130.6413
1972,Belize,0.15755
1972,Benin,0.38838
1972,Bermuda,0.25282
1972,Bhutan,0.003664
1972,Bolivia,3.5681
1972,"Bonaire, Saint Eustatius and Saba",0.21884
1972,Bosnia and Herzegovina,11.008
1972,Botswana,0.021984
1972,Brazil,113.992
1972,British Virgin Islands,0.021984
1972,Brunei Darussalam,9.4531
1972,Bulgaria,66.0789
1972,Burkina Faso,0.16122
1972,Burundi,0.07328
1972,Cambodia,0.0916
1972,Cameroon,0.86036
1972,Canada,380.8137
1972,Cape Verde,0.051266
1972,Cayman Islands,
1972,Central African Republic,0.16854
1972,Chad,0.12091
1972,Chile,28.139
1972,China,968.6358
1972,Colombia,31.426
1972,Comoros,0.029312
1972,Congo,0.66318
1972,Cook Islands,0.010992
1972,Costa Rica,1.7613
1972,Croatia,11.9371
1972,Cuba,20.7774
1972,Curaçao,11.7353
1972,Cyprus,2.4059
1972,Czech Republic,163.4824
1972,Côte d'Ivoire,2.7114
1972,Democratic Republic of the Congo,3.0172
1972,Denmark,59.5791
1972,Djibouti,0.19053
1972,Dominica,0.025648
1972,Dominican Republic,4.6689
1972,Ecuador,4.589
1972,Egypt,25.4062
1972,El Salvador,1.6772
1972,Equatorial Guinea,0.087936
1972,Eritrea,
1972,Estonia,26.5824
1972,Ethiopia,1.4062
1972,Faeroe Islands,0.2345
1972,Falkland Islands (Malvinas),
1972,Fiji,0.57856
1972,Finland,44.1061
1972,France,517.5931
1972,French Guiana,
1972,French Polynesia,0.21618
1972,Gabon,2.737
1972,Gambia,0.065952
1972,Georgia,9.6965
1972,Germany,1041.3564
1972,Ghana,2.2167
1972,Gibraltar,
1972,Greece,31.4773
1972,Greenland,0.55326
1972,Grenada,0.047632
1972,Guadeloupe,
1972,Guatemala,2.7066
1972,Guinea,0.83173
1972,Guinea-Bissau,0.065952
1972,Guyana,1.5609
1972,Haiti,0.39172
1972,Honduras,1.5331
1972,Hong Kong,9.2756
1972,Hungary,69.3843
1972,Iceland,1.4828
1972,India,203.037
1972,Indonesia,43.3059
1972,Iran,106.0151
1972,Iraq,29.5205
1972,Ireland,22.0364
1972,Israel,16.8909
1972,Italy,328.2448
1972,Jamaica,6.2823
1972,Japan,861.0536
1972,Jordan,1.9136
1972,Kazakhstan,175.0034
1972,Kenya,3.8646
1972,Kiribati,0.025648
1972,Kosovo,
1972,Kuwait,27.6119
1972,Kyrgyzstan,15.0508
1972,Laos,0.48731
1972,Latvia,17.6362
1972,Lebanon,5.6534
1972,Lesotho,
1972,Liberia,1.5055
1972,Libya,15.22
1972,Liechtenstein,0.10752
1972,Lithuania,27.4181
1972,Luxembourg,13.5005
1972,Macao,0.23083
1972,Madagascar,1.2858
1972,Malawi,0.54557
1972,Malaysia,17.9006
1972,Maldives,0.003664
1972,Mali,0.24549
1972,Malta,0.83906
1972,Marshall Islands,
1972,Martinique,
1972,Mauritania,0.44701
1972,Mauritius,0.68883
1972,Mexico,132.2608
1972,Micronesia (Federated States of),
1972,Moldova,27.4411
1972,Mongolia,3.276
1972,Montenegro,1.2239
1972,Montserrat,0.014656
1972,Morocco,8.0276
1972,Mozambique,3.2957
1972,Myanmar,4.8943
1972,Namibia,
1972,Nauru,0.076944
1972,Nepal,0.26747
1972,Netherlands,157.499
1972,New Caledonia,1.7038
1972,New Zealand,16.1896
1972,Nicaragua,1.6044
1972,Niger,0.25201
1972,Nigeria,41.3757
1972,Niue,0.003664
1972,North Korea,89.5049
1972,North Macedonia,6.066
1972,Norway,29.3951
1972,Occupied Palestinian Territory,
1972,Oman,2.0885
1972,Pakistan,18.903
1972,Palau,
1972,Panama,3.5023
1972,Papua New Guinea,1.2677
1972,Paraguay,0.71363
1972,Peru,18.148
1972,Philippines,26.4094
1972,Poland,329.5101
1972,Portugal,18.3073
1972,Qatar,10.7754
1972,Republic of South Sudan,0.43272
1972,Romania,132.2079
1972,Russian Federation,1609.3295
1972,Rwanda,0.065952
1972,Réunion,
1972,Saint Helena,0
1972,Saint Kitts and Nevis,0.029312
1972,Saint Lucia,0.076944
1972,Saint Pierre and Miquelon,0.069616
1972,Saint Vincent and the Grenadines,0.03664
1972,Samoa,0.03664
1972,Sao Tome and Principe,0.010992
1972,Saudi Arabia,70.2813
1972,Senegal,1.4532
1972,Serbia,31.8776
1972,Seychelles,0.043968
1972,Sierra Leone,0.67784
1972,Singapore,21.7202
1972,Slovakia,52.266
1972,Slovenia,9.0625
1972,Solomon Islands,0.05496
1972,Somalia,0.2345
1972,South Africa,171.5571
1972,South Korea,60.2471
1972,Spain,144.716
1972,Sri Lanka,3.5318
1972,Sudan,4.9419
1972,Suriname,1.7438
1972,Swaziland,0.38106
1972,Sweden,84.7032
1972,Switzerland,42.9162
1972,Syria,7.7563
1972,Taiwan,35.8718
1972,Tajikistan,8.6326
1972,Tanzania,2.1645
1972,Thailand,21.7711
1972,Timor-Leste,
1972,Togo,0.40495
1972,Tonga,0.021984
1972,Trinidad and Tobago,8.2355
1972,Tunisia,4.7528
1972,Turkey,53.7356
1972,Turkmenistan,22.2485
1972,Turks and Caicos Islands,0
1972,Tuvalu,
1972,Uganda,1.3784
1972,Ukraine,509.6164
1972,United Arab Emirates,23.4349
1972,United Kingdom,648.0336
1972,United States of America,4573.0337
1972,Uruguay,6.0694
1972,Uzbekistan,67.8639
1972,Vanuatu,0.062288
1972,Venezuela,62.5141
1972,Vietnam,23.0348
1972,Wallis and Futuna Islands,
1972,Western Sahara,
1972,Yemen,1.4949
1972,Zambia,4.0614
1972,Zimbabwe,8.2158
1973,Afghanistan,1.6355
1973,Albania,5.2864
1973,Algeria,38.2538
1973,Andorra,
1973,Angola,4.8737
1973,Anguilla,
1973,Antigua and Barbuda,0.32976
1973,Argentina,93.9844
1973,Armenia,6.0674
1973,Aruba,0.86946
1973,Australia,170.1419
1973,Austria,60.0448
1973,Azerbaijan,36.5066
1973,Bahamas,7.8627
1973,Bahrain,5.518
1973,Bangladesh,4.5497
1973,Barbados,0.47998
1973,Belarus,76.6386
1973,Belgium,138.6427
1973,Belize,0.14656
1973,Benin,0.38106
1973,Bermuda,0.42502
1973,Bhutan,0.003664
1973,Bolivia,3.4545
1973,"Bonaire, Saint Eustatius and Saba",0.24276
1973,Bosnia and Herzegovina,13.1496
1973,Botswana,0.051296
1973,Brazil,132.0292
1973,British Virgin Islands,0.025648
1973,Brunei Darussalam,9.9734
1973,Bulgaria,68.7173
1973,Burkina Faso,0.16854
1973,Burundi,0.07328
1973,Cambodia,0.087936
1973,Cameroon,0.89691
1973,Canada,381.2988
1973,Cape Verde,0.062229
1973,Cayman Islands,
1973,Central African Republic,0.16122
1973,Chad,0.16122
1973,Chile,27.5885
1973,China,1008.2686
1973,Colombia,33.6323
1973,Comoros,0.029312
1973,Congo,1.2201
1973,Cook Islands,0.010992
1973,Costa Rica,2.0434
1973,Croatia,14.2794
1973,Cuba,22.3753
1973,Curaçao,13.0181
1973,Cyprus,2.5035
1973,Czech Republic,164.134
1973,Côte d'Ivoire,2.8762
1973,Democratic Republic of the Congo,3.1892
1973,Denmark,59.1976
1973,Djibouti,0.17954
1973,Dominica,0.025648
1973,Dominican Republic,5.959
1973,Ecuador,5.2559
1973,Egypt,23.6635
1973,El Salvador,1.9666
1973,Equatorial Guinea,0.029312
1973,Eritrea,
1973,Estonia,27.7118
1973,Ethiopia,1.7509
1973,Faeroe Islands,0.25282
1973,Falkland Islands (Malvinas),
1973,Fiji,0.62985
1973,Finland,49.3202
1973,France,542.6462
1973,French Guiana,
1973,French Polynesia,0.20885
1973,Gabon,5.3091
1973,Gambia,0.062288
1973,Georgia,10.1218
1973,Germany,1085.6027
1973,Ghana,2.257
1973,Gibraltar,
1973,Greece,37.1312
1973,Greenland,0.55693
1973,Grenada,0.05496
1973,Guadeloupe,
1973,Guatemala,2.9336
1973,Guinea,0.80242
1973,Guinea-Bissau,0.10992
1973,Guyana,1.8027
1973,Haiti,0.42091
1973,Honduras,1.5061
1973,Hong Kong,9.2865
1973,Hungary,73.0068
1973,Iceland,1.75
1973,India,209.096
1973,Indonesia,49.0974
1973,Iran,129.4753
1973,Iraq,30.6127
1973,Ireland,22.8464
1973,Israel,19.2612
1973,Italy,353.3563
1973,Jamaica,8.2904
1973,Japan,914.2659
1973,Jordan,2.1996
1973,Kazakhstan,182.2716
1973,Kenya,3.9116
1973,Kiribati,0.03664
1973,Kosovo,
1973,Kuwait,24.2227
1973,Kyrgyzstan,15.6868
1973,Laos,0.51662
1973,Latvia,18.3928
1973,Lebanon,7.0667
1973,Lesotho,
1973,Liberia,1.4799
1973,Libya,14.5751
1973,Liechtenstein,0.13455
1973,Lithuania,28.6334
1973,Luxembourg,14.179
1973,Macao,0.2235
1973,Madagascar,1.0733
1973,Malawi,0.57112
1973,Malaysia,17.5051
1973,Maldives,0.003664
1973,Mali,0.26729
1973,Malta,0.80608
1973,Marshall Islands,
1973,Martinique,
1973,Mauritania,0.46899
1973,Mauritius,0.67784
1973,Mexico,144.0405
1973,Micronesia (Federated States of),
1973,Moldova,28.6168
1973,Mongolia,3.4721
1973,Montenegro,1.4621
1973,Montserrat,0.014656
1973,Morocco,9.6126
1973,Mozambique,3.5589
1973,Myanmar,4.1066
1973,Namibia,
1973,Nauru,0.084272
1973,Nepal,0.42136
1973,Netherlands,165.2635
1973,New Caledonia,2.5976
1973,New Zealand,18.2003
1973,Nicaragua,1.8276
1973,Niger,0.3269
1973,Nigeria,49.5133
1973,Niue,0.003664
1973,North Korea,97.3253
1973,North Macedonia,7.2801
1973,Norway,30.4918
1973,Occupied Palestinian Territory,
1973,Oman,2.1105
1973,Pakistan,20.0085
1973,Palau,
1973,Panama,3.9592
1973,Papua New Guinea,1.3447
1973,Paraguay,0.86724
1973,Peru,19.7228
1973,Philippines,31.5013
1973,Poland,335.5972
1973,Portugal,19.9451
1973,Qatar,12.4572
1973,Republic of South Sudan,0.43656
1973,Romania,144.6908
1973,Russian Federation,1677.2959
1973,Rwanda,0.069616
1973,Réunion,
1973,Saint Helena,0
1973,Saint Kitts and Nevis,0.029312
1973,Saint Lucia,0.080608
1973,Saint Pierre and Miquelon,0.040304
1973,Saint Vincent and the Grenadines,0.040304
1973,Samoa,0.03664
1973,Sao Tome and Principe,0.014656
1973,Saudi Arabia,95.0529
1973,Senegal,1.5487
1973,Serbia,38.0674
1973,Seychelles,0.047632
1973,Sierra Leone,0.53861
1973,Singapore,20.6906
1973,Slovakia,52.4756
1973,Slovenia,10.8274
1973,Solomon Islands,0.065952
1973,Somalia,0.26381
1973,South Africa,173.3523
1973,South Korea,72.9748
1973,Spain,154.9573
1973,Sri Lanka,3.6744
1973,Sudan,4.9856
1973,Suriname,2.1066
1973,Swaziland,0.37006
1973,Sweden,87.2895
1973,Switzerland,46.2049
1973,Syria,7.8852
1973,Taiwan,40.2449
1973,Tajikistan,9.0143
1973,Tanzania,3.1827
1973,Thailand,24.3571
1973,Timor-Leste,
1973,Togo,0.41164
1973,Tonga,0.025648
1973,Trinidad and Tobago,9.3898
1973,Tunisia,4.8502
1973,Turkey,59.332
1973,Turkmenistan,23.2098
1973,Turks and Caicos Islands,0
1973,Tuvalu,
1973,Uganda,1.1764
1973,Ukraine,531.0966
1973,United Arab Emirates,30.6054
1973,United Kingdom,659.5844
1973,United States of America,4777.7251
1973,Uruguay,5.7687
1973,Uzbekistan,70.769
1973,Vanuatu,0.05496
1973,Venezuela,66.4328
1973,Vietnam,25.0679
1973,Wallis and Futuna Islands,
1973,Western Sahara,
1973,Yemen,2.7296
1973,Zambia,4.5857
1973,Zimbabwe,9.2709
1974,Afghanistan,1.9132
1974,Albania,4.3415
1974,Algeria,31.8472
1974,Andorra,
1974,Angola,4.8664
1974,Anguilla,
1974,Antigua and Barbuda,0.42869
1974,Argentina,95.4922
1974,Armenia,6.3077
1974,Aruba,0.78808
1974,Australia,166.1827
1974,Austria,57.3269
1974,Azerbaijan,37.9169
1974,Bahamas,7.3798
1974,Bahrain,5.4007
1974,Bangladesh,4.6531
1974,Barbados,0.49098
1974,Belarus,79.5827
1974,Belgium,134.9538
1974,Belize,0.15389
1974,Benin,0.4067
1974,Bermuda,0.44334
1974,Bhutan,0.003664
1974,Bolivia,3.5129
1974,"Bonaire, Saint Eustatius and Saba",0.22004
1974,Bosnia and Herzegovina,13.2064
1974,Botswana,0.087936
1974,Brazil,142.9805
1974,British Virgin Islands,0.025648
1974,Brunei Darussalam,8.178
1974,Bulgaria,71.1365
1974,Burkina Faso,0.20518
1974,Burundi,0.0916
1974,Cambodia,0.047632
1974,Cameroon,0.97376
1974,Canada,389.6316
1974,Cape Verde,0.065952
1974,Cayman Islands,
1974,Central African Republic,0.11358
1974,Chad,0.15022
1974,Chile,25.878
1974,China,1028.0634
1974,Colombia,36.3964
1974,Comoros,0.029312
1974,Congo,1.6232
1974,Cook Islands,0.010992
1974,Costa Rica,1.9041
1974,Croatia,14.3349
1974,Cuba,22.8881
1974,Curaçao,11.7996
1974,Cyprus,1.9288
1974,Czech Republic,166.0252
1974,Côte d'Ivoire,3.2426
1974,Democratic Republic of the Congo,3.3647
1974,Denmark,55.0131
1974,Djibouti,0.19419
1974,Dominica,0.029312
1974,Dominican Republic,6.4096
1974,Ecuador,6.0836
1974,Egypt,25.9717
1974,El Salvador,1.97
1974,Equatorial Guinea,0.051296
1974,Eritrea,
1974,Estonia,28.7739
1974,Ethiopia,1.7363
1974,Faeroe Islands,0.30045
1974,Falkland Islands (Malvinas),
1974,Fiji,0.67019
1974,Finland,46.6084
1974,France,524.7367
1974,French Guiana,
1974,French Polynesia,0.21618
1974,Gabon,5.4484
1974,Gambia,0.062288
1974,Georgia,10.5247
1974,Germany,1062.5108
1974,Ghana,2.6747
1974,Gibraltar,
1974,Greece,36.0618
1974,Greenland,0.55693
1974,Grenada,0.03664
1974,Guadeloupe,
1974,Guatemala,3.0655
1974,Guinea,0.83906
1974,Guinea-Bissau,0.10259
1974,Guyana,1.5535
1974,Haiti,0.47209
1974,Honduras,1.5533
1974,Hong Kong,10.6673
1974,Hungary,74.0276
1974,Iceland,1.7385
1974,India,215.854
1974,Indonesia,51.2254
1974,Iran,143.7718
1974,Iraq,30.9095
1974,Ireland,23.2933
1974,Israel,19.369
1974,Italy,358.2603
1974,Jamaica,7.5943
1974,Japan,914.3062
1974,Jordan,2.2253
1974,Kazakhstan,189.075
1974,Kenya,4.9401
1974,Kiribati,0.032976
1974,Kosovo,
1974,Kuwait,19.312
1974,Kyrgyzstan,16.2841
1974,Laos,0.29312
1974,Latvia,19.106
1974,Lebanon,7.0879
1974,Lesotho,
1974,Liberia,1.7217
1974,Libya,9.3376
1974,Liechtenstein,0.10917
1974,Lithuania,29.7852
1974,Luxembourg,14.4277
1974,Macao,0.26747
1974,Madagascar,1.1869
1974,Malawi,0.54909
1974,Malaysia,19.0447
1974,Maldives,0.003664
1974,Mali,0.30393
1974,Malta,0.74379
1974,Marshall Islands,
1974,Martinique,
1974,Mauritania,0.48365
1974,Mauritius,0.6925
1974,Mexico,154.7014
1974,Micronesia (Federated States of),
1974,Moldova,29.7263
1974,Mongolia,3.7408
1974,Montenegro,1.4685
1974,Montserrat,0.014656
1974,Morocco,11.0985
1974,Mozambique,3.1455
1974,Myanmar,4.6709
1974,Namibia,
1974,Nauru,0.098928
1974,Nepal,0.42488
1974,Netherlands,159.9888
1974,New Caledonia,2.7807
1974,New Zealand,18.76
1974,Nicaragua,1.9483
1974,Niger,0.28834
1974,Nigeria,62.2104
1974,Niue,0.003664
1974,North Korea,101.6115
1974,North Macedonia,7.3002
1974,Norway,27.6902
1974,Occupied Palestinian Territory,
1974,Oman,2.334
1974,Pakistan,21.3874
1974,Palau,
1974,Panama,3.8405
1974,Papua New Guinea,1.5865
1974,Paraguay,0.95067
1974,Peru,21.3252
1974,Philippines,30.4923
1974,Poland,346.2403
1974,Portugal,20.6449
1974,Qatar,10.4785
1974,Republic of South Sudan,0.45721
1974,Romania,150.6114
1974,Russian Federation,1741.1618
1974,Rwanda,0.07328
1974,Réunion,
1974,Saint Helena,0
1974,Saint Kitts and Nevis,0.03664
1974,Saint Lucia,0.07328
1974,Saint Pierre and Miquelon,0.043968
1974,Saint Vincent and the Grenadines,0.032976
1974,Samoa,0.043968
1974,Sao Tome and Principe,0.01832
1974,Saudi Arabia,98.701
1974,Senegal,1.849
1974,Serbia,38.2235
1974,Seychelles,0.05496
1974,Sierra Leone,0.52029
1974,Singapore,21.4271
1974,Slovakia,53.076
1974,Slovenia,10.866
1974,Solomon Islands,0.065952
1974,Somalia,0.32976
1974,South Africa,176.5479
1974,South Korea,75.5507
1974,Spain,172.6657
1974,Sri Lanka,2.9144
1974,Sudan,5.2212
1974,Suriname,1.601
1974,Swaziland,0.31144
1974,Sweden,79.8228
1974,Switzerland,41.4246
1974,Syria,9.6544
1974,Taiwan,39.3097
1974,Tajikistan,9.3762
1974,Tanzania,2.3035
1974,Thailand,24.1164
1974,Timor-Leste,
1974,Togo,0.39047
1974,Tonga,0.021984
1974,Trinidad and Tobago,10.042
1974,Tunisia,5.428
1974,Turkey,60.9613
1974,Turkmenistan,24.1174
1974,Turks and Caicos Islands,0
1974,Tuvalu,
1974,Uganda,1.1897
1974,Ukraine,551.2583
1974,United Arab Emirates,31.3016
1974,United Kingdom,617.1873
1974,United States of America,4608.4625
1974,Uruguay,5.677
1974,Uzbekistan,73.5064
1974,Vanuatu,0.062288
1974,Venezuela,75.0576
1974,Vietnam,19.058
1974,Wallis and Futuna Islands,
1974,Western Sahara,
1974,Yemen,2.2458
1974,Zambia,4.1972
1974,Zimbabwe,9.047
1975,Afghanistan,2.1214
1975,Albania,4.5912
1975,Algeria,31.9642
1975,Andorra,
1975,Angola,4.4088
1975,Anguilla,
1975,Antigua and Barbuda,0.70715
1975,Argentina,94.8605
1975,Armenia,6.6378
1975,Aruba,0.57071
1975,Australia,173.1015
1975,Austria,54.2391
1975,Azerbaijan,39.8715
1975,Bahamas,8.2461
1975,Bahrain,5.7488
1975,Bangladesh,4.8567
1975,Barbados,0.56792
1975,Belarus,83.6575
1975,Belgium,121.8231
1975,Belize,0.17587
1975,Benin,0.44334
1975,Bermuda,0.458
1975,Bhutan,0.003664
1975,Bolivia,4.055
1975,"Bonaire, Saint Eustatius and Saba",0.15935
1975,Bosnia and Herzegovina,13.7803
1975,Botswana,0.18686
1975,Brazil,150.2872
1975,British Virgin Islands,0.025648
1975,Brunei Darussalam,7.0752
1975,Bulgaria,72.9257
1975,Burkina Faso,0.21984
1975,Burundi,0.076944
1975,Cambodia,0.047632
1975,Cameroon,1.1605
1975,Canada,396.7904
1975,Cape Verde,0.076944
1975,Cayman Islands,
1975,Central African Republic,0.10259
1975,Chad,0.1832
1975,Chile,22.9467
1975,China,1183.1536
1975,Colombia,35.8112
1975,Comoros,0.032976
1975,Congo,1.0992
1975,Cook Islands,0.014656
1975,Costa Rica,2.0358
1975,Croatia,14.9514
1975,Cuba,27.0395
1975,Curaçao,8.5451
1975,Cyprus,1.9908
1975,Czech Republic,173.6909
1975,Côte d'Ivoire,3.9864
1975,Democratic Republic of the Congo,3.2328
1975,Denmark,55.7123
1975,Djibouti,0.19786
1975,Dominica,0.029312
1975,Dominican Republic,6.3327
1975,Ecuador,7.3549
1975,Egypt,30.8989
1975,El Salvador,2.1055
1975,Equatorial Guinea,0.062288
1975,Eritrea,
1975,Estonia,30.2538
1975,Ethiopia,1.2085
1975,Faeroe Islands,0.34808
1975,Falkland Islands (Malvinas),
1975,Fiji,0.62258
1975,Finland,46.0257
1975,France,486.0231
1975,French Guiana,
1975,French Polynesia,0.21251
1975,Gabon,5.3641
1975,Gambia,0.098928
1975,Georgia,11.0798
1975,Germany,1002.2858
1975,Ghana,2.4109
1975,Gibraltar,
1975,Greece,38.6698
1975,Greenland,0.50563
1975,Grenada,0.047632
1975,Guadeloupe,
1975,Guatemala,3.5195
1975,Guinea,0.84272
1975,Guinea-Bissau,0.11358
1975,Guyana,1.8247
1975,Haiti,0.48302
1975,Honduras,1.6608
1975,Hong Kong,11.008
1975,Hungary,75.3002
1975,Iceland,1.6135
1975,India,234.2097
1975,Indonesia,53.9308
1975,Iran,139.2139
1975,Iraq,33.1203
1975,Ireland,22.0514
1975,Israel,19.5405
1975,Italy,341.0561
1975,Jamaica,8.1807
1975,Japan,869.8149
1975,Jordan,2.4892
1975,Kazakhstan,198.6102
1975,Kenya,4.9647
1975,Kiribati,0.032976
1975,Kosovo,
1975,Kuwait,16.8129
1975,Kyrgyzstan,17.1151
1975,Laos,0.25282
1975,Latvia,20.0936
1975,Lebanon,6.2651
1975,Lesotho,
1975,Liberia,1.4836
1975,Libya,11.5684
1975,Liechtenstein,0.13745
1975,Lithuania,31.3587
1975,Luxembourg,11.8675
1975,Macao,0.29678
1975,Madagascar,1.6925
1975,Malawi,0.57827
1975,Malaysia,19.4452
1975,Maldives,0.007328
1975,Mali,0.34054
1975,Malta,0.66685
1975,Marshall Islands,
1975,Martinique,
1975,Mauritania,0.5093
1975,Mauritius,0.5899
1975,Mexico,164.1037
1975,Micronesia (Federated States of),
1975,Moldova,31.2617
1975,Mongolia,4.0546
1975,Montenegro,1.5325
1975,Montserrat,0.010992
1975,Morocco,11.0654
1975,Mozambique,2.8824
1975,Myanmar,4.5829
1975,Namibia,
1975,Nauru,0.10259
1975,Nepal,0.35171
1975,Netherlands,152.5291
1975,New Caledonia,2.5279
1975,New Zealand,18.2703
1975,Nicaragua,1.9266
1975,Niger,0.33251
1975,Nigeria,47.316
1975,Niue,0.003664
1975,North Korea,107.6238
1975,North Macedonia,7.6112
1975,Norway,30.6021
1975,Occupied Palestinian Territory,
1975,Oman,7.2511
1975,Pakistan,23.1878
1975,Palau,
1975,Panama,4.7654
1975,Papua New Guinea,1.5316
1975,Paraguay,0.83586
1975,Peru,21.9272
1975,Philippines,32.4824
1975,Poland,374.7837
1975,Portugal,21.2752
1975,Qatar,10.9474
1975,Republic of South Sudan,0.34099
1975,Romania,161.8616
1975,Russian Federation,1830.2134
1975,Rwanda,0.17587
1975,Réunion,
1975,Saint Helena,0
1975,Saint Kitts and Nevis,0.032976
1975,Saint Lucia,0.076944
1975,Saint Pierre and Miquelon,0.032976
1975,Saint Vincent and the Grenadines,0.032976
1975,Samoa,0.058624
1975,Sao Tome and Principe,0.01832
1975,Saudi Arabia,83.2596
1975,Senegal,2.578
1975,Serbia,39.8753
1975,Seychelles,0.058624
1975,Sierra Leone,0.52395
1975,Singapore,23.8636
1975,Slovakia,55.5426
1975,Slovenia,11.3304
1975,Solomon Islands,0.058624
1975,Somalia,0.50197
1975,South Africa,185.0048
1975,South Korea,81.6658
1975,Spain,181.0539
1975,Sri Lanka,2.8776
1975,Sudan,3.894
1975,Suriname,2.0187
1975,Swaziland,0.33709
1975,Sweden,80.7602
1975,Switzerland,39.0495
1975,Syria,11.1712
1975,Taiwan,43.4541
1975,Tajikistan,9.8729
1975,Tanzania,2.2816
1975,Thailand,24.2539
1975,Timor-Leste,
1975,Togo,0.31144
1975,Tonga,0.032976
1975,Trinidad and Tobago,9.6133
1975,Tunisia,5.5941
1975,Turkey,65.4631
1975,Turkmenistan,25.3694
1975,Turks and Caicos Islands,0
1975,Tuvalu,
1975,Uganda,1.1286
1975,Ukraine,579.4273
1975,United Arab Emirates,31.0451
1975,United Kingdom,603.2544
1975,United States of America,4414.4551
1975,Uruguay,5.9624
1975,Uzbekistan,77.3005
1975,Vanuatu,0.05496
1975,Venezuela,63.754
1975,Vietnam,21.7714
1975,Wallis and Futuna Islands,
1975,Western Sahara,
1975,Yemen,2.1689
1975,Zambia,4.0762
1975,Zimbabwe,8.3109
1976,Afghanistan,1.9809
1976,Albania,4.9472
1976,Algeria,39.0677
1976,Andorra,
1976,Angola,3.28
1976,Anguilla,
1976,Antigua and Barbuda,0.40304
1976,Argentina,99.718
1976,Armenia,6.8952
1976,Aruba,1.2191
1976,Australia,169.8031
1976,Austria,58.2294
1976,Azerbaijan,41.4101
1976,Bahamas,6.4573
1976,Bahrain,6.5696
1976,Bangladesh,5.5558
1976,Barbados,0.53128
1976,Belarus,86.8388
1976,Belgium,129.6813
1976,Belize,0.17587
1976,Benin,0.26014
1976,Bermuda,0.46899
1976,Bhutan,0.003664
1976,Bolivia,4.5751
1976,"Bonaire, Saint Eustatius and Saba",0.34039
1976,Bosnia and Herzegovina,14.2215
1976,Botswana,0.59357
1976,Brazil,154.5619
1976,British Virgin Islands,0.025648
1976,Brunei Darussalam,6.02
1976,Bulgaria,72.9684
1976,Burkina Faso,0.20885
1976,Burundi,0.087936
1976,Cambodia,0.047632
1976,Cameroon,1.089
1976,Canada,398.9659
1976,Cape Verde,0.07328
1976,Cayman Islands,
1976,Central African Republic,0.12824
1976,Chad,0.1832
1976,Chile,24.0289
1976,China,1226.3395
1976,Colombia,37.9828
1976,Comoros,0.040304
1976,Congo,1.2348
1976,Cook Islands,0.014656
1976,Costa Rica,2.0817
1976,Croatia,15.4269
1976,Cuba,27.1971
1976,Curaçao,18.2535
1976,Cyprus,2.4877
1976,Czech Republic,180.4275
1976,Côte d'Ivoire,3.9608
1976,Democratic Republic of the Congo,3.4049
1976,Denmark,60.057
1976,Djibouti,0.19786
1976,Dominica,0.029312
1976,Dominican Republic,6.3221
1976,Ecuador,8.1014
1976,Egypt,34.2723
1976,El Salvador,2.2066
1976,Equatorial Guinea,0.062288
1976,Eritrea,
1976,Estonia,31.4172
1976,Ethiopia,1.1747
1976,Faeroe Islands,0.32976
1976,Falkland Islands (Malvinas),
1976,Fiji,0.483
1976,Finland,51.1985
1976,France,527.3718
1976,French Guiana,
1976,French Polynesia,0.26381
1976,Gabon,5.7038
1976,Gambia,0.098928
1976,Georgia,11.5168
1976,Germany,1090.8076
1976,Ghana,2.1068
1976,Gibraltar,
1976,Greece,42.6555
1976,Greenland,0.21984
1976,Grenada,0.047632
1976,Guadeloupe,
1976,Guatemala,3.3047
1976,Guinea,0.88669
1976,Guinea-Bissau,0.095264
1976,Guyana,1.7514
1976,Haiti,0.67208
1976,Honduras,1.7706
1976,Hong Kong,12.4904
1976,Hungary,79.9195
1976,Iceland,1.7013
1976,India,244.7498
1976,Indonesia,61.7847
1976,Iran,156.4904
1976,Iraq,48.7469
1976,Ireland,22.2897
1976,Israel,19.4967
1976,Italy,365.7991
1976,Jamaica,7.2759
1976,Japan,909.5751
1976,Jordan,2.9468
1976,Kazakhstan,206.0673
1976,Kenya,4.5968
1976,Kiribati,0.032976
1976,Kosovo,
1976,Kuwait,18.4576
1976,Kyrgyzstan,17.7587
1976,Laos,0.2235
1976,Latvia,20.8677
1976,Lebanon,5.924
1976,Lesotho,
1976,Liberia,1.4756
1976,Libya,17.8879
1976,Liechtenstein,0.13366
1976,Lithuania,32.585
1976,Luxembourg,11.8655
1976,Macao,0.25282
1976,Madagascar,0.99223
1976,Malawi,0.58199
1976,Malaysia,23.8976
1976,Maldives,0.010992
1976,Mali,0.34026
1976,Malta,0.76211
1976,Marshall Islands,
1976,Martinique,
1976,Mauritania,0.51662
1976,Mauritius,0.61922
1976,Mexico,183.6935
1976,Micronesia (Federated States of),
1976,Moldova,32.4621
1976,Mongolia,4.39
1976,Montenegro,1.5816
1976,Montserrat,0.010992
1976,Morocco,11.4897
1976,Mozambique,2.5554
1976,Myanmar,4.8928
1976,Namibia,
1976,Nauru,0.10259
1976,Nepal,0.28184
1976,Netherlands,169.1308
1976,New Caledonia,2.3884
1976,New Zealand,19.2485
1976,Nicaragua,2.2221
1976,Niger,0.33071
1976,Nigeria,55.1569
1976,Niue,0.003664
1976,North Korea,110.0309
1976,North Macedonia,7.8445
1976,Norway,33.3322
1976,Occupied Palestinian Territory,
1976,Oman,8.3209
1976,Pakistan,22.7885
1976,Palau,
1976,Panama,4.6173
1976,Papua New Guinea,1.5719
1976,Paraguay,1.0291
1976,Peru,22.4004
1976,Philippines,35.0598
1976,Poland,398.1261
1976,Portugal,22.3258
1976,Qatar,10.3756
1976,Republic of South Sudan,0.30205
1976,Romania,174.2781
1976,Russian Federation,1900.7009
1976,Rwanda,0.26747
1976,Réunion,
1976,Saint Helena,0
1976,Saint Kitts and Nevis,0.03664
1976,Saint Lucia,0.084272
1976,Saint Pierre and Miquelon,0.047632
1976,Saint Vincent and the Grenadines,0.032976
1976,Samoa,0.043968
1976,Sao Tome and Principe,0.029312
1976,Saudi Arabia,101.4581
1976,Senegal,1.7697
1976,Serbia,41.1414
1976,Seychelles,0.080608
1976,Sierra Leone,0.45067
1976,Singapore,29.3376
1976,Slovakia,57.714
1976,Slovenia,11.684
1976,Solomon Islands,0.062288
1976,Somalia,0.47998
1976,South Africa,192.9087
1976,South Korea,93.1046
1976,Spain,197.7494
1976,Sri Lanka,2.781
1976,Sudan,3.4488
1976,Suriname,1.9966
1976,Swaziland,0.33342
1976,Sweden,88.2409
1976,Switzerland,40.4346
1976,Syria,13.7418
1976,Taiwan,56.1
1976,Tajikistan,10.2618
1976,Tanzania,2.786
1976,Thailand,28.5642
1976,Timor-Leste,
1976,Togo,0.32243
1976,Tonga,0.029312
1976,Trinidad and Tobago,15.9107
1976,Tunisia,5.8913
1976,Turkey,73.42
1976,Turkmenistan,26.3431
1976,Turks and Caicos Islands,0
1976,Tuvalu,
1976,Uganda,0.98538
1976,Ukraine,601.7162
1976,United Arab Emirates,39.6178
1976,United Kingdom,598.5333
1976,United States of America,4621.5392
1976,Uruguay,5.8879
1976,Uzbekistan,80.283
1976,Vanuatu,0.043968
1976,Venezuela,57.2779
1976,Vietnam,13.8987
1976,Wallis and Futuna Islands,
1976,Western Sahara,
1976,Yemen,2.5645
1976,Zambia,4.0194
1976,Zimbabwe,10.8549
1977,Afghanistan,2.3842
1977,Albania,5.7173
1977,Algeria,41.753
1977,Andorra,
1977,Angola,3.5275
1977,Anguilla,
1977,Antigua and Barbuda,0.46533
1977,Argentina,100.7289
1977,Armenia,7.1326
1977,Aruba,0.63676
1977,Australia,181.9129
1977,Austria,56.0157
1977,Azerbaijan,42.8234
1977,Bahamas,9.7086
1977,Bahrain,7.4636
1977,Bangladesh,5.7848
1977,Barbados,0.5899
1977,Belarus,89.7665
1977,Belgium,126.1993
1977,Belize,0.19786
1977,Benin,0.29678
1977,Bermuda,0.45434
1977,Bhutan,0.007328
1977,Bolivia,4.4755
1977,"Bonaire, Saint Eustatius and Saba",0.17779
1977,Bosnia and Herzegovina,13.83
1977,Botswana,0.78043
1977,Brazil,162.3136
1977,British Virgin Islands,0.029312
1977,Brunei Darussalam,6.39
1977,Bulgaria,75.7959
1977,Burkina Faso,0.24915
1977,Burundi,0.098928
1977,Cambodia,0.047632
1977,Cameroon,1.559
1977,Canada,407.7905
1977,Cape Verde,0.080608
1977,Cayman Islands,
1977,Central African Republic,0.12824
1977,Chad,0.19786
1977,Chile,23.0169
1977,China,1340.7152
1977,Colombia,39.2442
1977,Comoros,0.040304
1977,Congo,0.47998
1977,Cook Islands,0.029312
1977,Costa Rica,2.6071
1977,Croatia,14.9956
1977,Cuba,29.3742
1977,Curaçao,9.534
1977,Cyprus,2.7001
1977,Czech Republic,185.8033
1977,Côte d'Ivoire,4.0524
1977,Democratic Republic of the Congo,3.477
1977,Denmark,61.7691
1977,Djibouti,0.19786
1977,Dominica,0.025648
1977,Dominican Republic,5.5982
1977,Ecuador,7.4738
1977,Egypt,37.6162
1977,El Salvador,2.2814
1977,Equatorial Guinea,0.062288
1977,Eritrea,
1977,Estonia,32.4849
1977,Ethiopia,1.0468
1977,Faeroe Islands,0.4067
1977,Falkland Islands (Malvinas),
1977,Fiji,0.76463
1977,Finland,50.137
1977,France,511.269
1977,French Guiana,
1977,French Polynesia,0.2748
1977,Gabon,6.3065
1977,Gambia,0.11358
1977,Georgia,11.919
1977,Germany,1052.5133
1977,Ghana,2.6963
1977,Gibraltar,
1977,Greece,46.6572
1977,Greenland,0.72181
1977,Grenada,0.047632
1977,Guadeloupe,
1977,Guatemala,3.804
1977,Guinea,0.90134
1977,Guinea-Bissau,0.10259
1977,Guyana,1.898
1977,Haiti,0.70394
1977,Honduras,1.9934
1977,Hong Kong,14.2039
1977,Hungary,83.0752
1977,Iceland,1.9027
1977,India,258.9621
1977,Indonesia,82.4103
1977,Iran,163.8064
1977,Iraq,43.656
1977,Ireland,23.5652
1977,Israel,19.7659
1977,Italy,354.4213
1977,Jamaica,7.4409
1977,Japan,935.554
1977,Jordan,3.1587
1977,Kazakhstan,212.8828
1977,Kenya,5.0414
1977,Kiribati,0.021984
1977,Kosovo,
1977,Kuwait,17.2042
1977,Kyrgyzstan,18.3493
1977,Laos,0.23083
1977,Latvia,21.5805
1977,Lebanon,5.3855
1977,Lesotho,
1977,Liberia,1.4714
1977,Libya,20.1982
1977,Liechtenstein,0.15227
1977,Lithuania,33.7218
1977,Luxembourg,10.9576
1977,Macao,0.30778
1977,Madagascar,0.8456
1977,Malawi,0.63686
1977,Malaysia,22.6208
1977,Maldives,0.014656
1977,Mali,0.41347
1977,Malta,0.80242
1977,Marshall Islands,
1977,Martinique,
1977,Mauritania,0.55693
1977,Mauritius,0.6412
1977,Mexico,192.3377
1977,Micronesia (Federated States of),
1977,Moldova,33.5693
1977,Mongolia,4.9607
1977,Montenegro,1.5382
1977,Montserrat,0.025648
1977,Morocco,12.6245
1977,Mozambique,2.7064
1977,Myanmar,5.1657
1977,Namibia,
1977,Nauru,0.11358
1977,Nepal,0.3364
1977,Netherlands,163.6093
1977,New Caledonia,2.139
1977,New Zealand,20.3134
1977,Nicaragua,2.8329
1977,Niger,0.36326
1977,Nigeria,50.4682
1977,Niue,0.003664
1977,North Korea,113.6652
1977,North Macedonia,7.6059
1977,Norway,33.3095
1977,Occupied Palestinian Territory,
1977,Oman,8.5005
1977,Pakistan,24.3199
1977,Palau,
1977,Panama,4.5794
1977,Papua New Guinea,1.5792
1977,Paraguay,1.1518
1977,Peru,23.296
1977,Philippines,36.6642
1977,Poland,417.9623
1977,Portugal,22.605
1977,Qatar,9.9174
1977,Republic of South Sudan,0.30618
1977,Romania,177.8325
1977,Russian Federation,1965.3506
1977,Rwanda,0.26747
1977,Réunion,
1977,Saint Helena,0
1977,Saint Kitts and Nevis,0.03664
1977,Saint Lucia,0.069616
1977,Saint Pierre and Miquelon,0.03664
1977,Saint Vincent and the Grenadines,0.032976
1977,Samoa,0.07328
1977,Sao Tome and Principe,0.029312
1977,Saudi Arabia,118.0685
1977,Senegal,2.2373
1977,Serbia,39.9972
1977,Seychelles,0.084272
1977,Sierra Leone,0.51296
1977,Singapore,27.6119
1977,Slovakia,59.4522
1977,Slovenia,11.3494
1977,Solomon Islands,0.080608
1977,Somalia,0.79875
1977,South Africa,199.7383
1977,South Korea,105.4597
1977,Spain,194.8291
1977,Sri Lanka,2.8956
1977,Sudan,3.495
1977,Suriname,1.8976
1977,Swaziland,0.34075
1977,Sweden,85.7404
1977,Switzerland,41.0307
1977,Syria,14.644
1977,Taiwan,61.13
1977,Tajikistan,10.6215
1977,Tanzania,2.0076
1977,Thailand,31.8776
1977,Timor-Leste,
1977,Togo,0.46166
1977,Tonga,0.029312
1977,Trinidad and Tobago,16.1591
1977,Tunisia,6.8192
1977,Turkey,81.1999
1977,Turkmenistan,27.2375
1977,Turks and Caicos Islands,0
1977,Tuvalu,
1977,Uganda,0.80197
1977,Ukraine,622.1341
1977,United Arab Emirates,38.7529
1977,United Kingdom,604.369
1977,United States of America,4749.5009
1977,Uruguay,5.6414
1977,Uzbekistan,83.0028
1977,Vanuatu,0.051296
1977,Venezuela,63.658
1977,Vietnam,15.2468
1977,Wallis and Futuna Islands,
1977,Western Sahara,
1977,Yemen,2.9785
1977,Zambia,3.7349
1977,Zimbabwe,9.2844
1978,Afghanistan,2.1533
1978,Albania,6.4912
1978,Algeria,62.299
1978,Andorra,
1978,Angola,5.3998
1978,Anguilla,
1978,Antigua and Barbuda,0.49098
1978,Argentina,102.5834
1978,Armenia,7.3826
1978,Aruba,0.54229
1978,Australia,191.0516
1978,Austria,57.2485
1978,Azerbaijan,44.3055
1978,Bahamas,6.5966
1978,Bahrain,7.7604
1978,Bangladesh,5.9844
1978,Barbados,0.63021
1978,Belarus,92.85
1978,Belgium,135.4502
1978,Belize,0.21618
1978,Benin,0.36274
1978,Bermuda,0.42502
1978,Bhutan,0.010992
1978,Bolivia,5.0211
1978,"Bonaire, Saint Eustatius and Saba",0.15141
1978,Bosnia and Herzegovina,15.4528
1978,Botswana,0.83173
1978,Brazil,177.0606
1978,British Virgin Islands,0.029312
1978,Brunei Darussalam,9.5337
1978,Bulgaria,81.2072
1978,Burkina Faso,0.34808
1978,Burundi,0.10259
1978,Cambodia,0.047632
1978,Cameroon,1.9932
1978,Canada,415.5323
1978,Cape Verde,0.20854
1978,Cayman Islands,
1978,Central African Republic,0.14656
1978,Chad,0.19419
1978,Chile,22.842
1978,China,1492.5175
1978,Colombia,41.5389
1978,Comoros,0.029312
1978,Congo,0.32243
1978,Cook Islands,0.029312
1978,Costa Rica,2.9114
1978,Croatia,16.7636
1978,Cuba,30.6612
1978,Curaçao,8.1195
1978,Cyprus,2.845
1978,Czech Republic,187.4835
1978,Côte d'Ivoire,4.8145
1978,Democratic Republic of the Congo,3.526
1978,Denmark,61.0284
1978,Djibouti,0.20152
1978,Dominica,0.025648
1978,Dominican Republic,5.4292
1978,Ecuador,10.4096
1978,Egypt,39.0538
1978,El Salvador,2.3808
1978,Equatorial Guinea,0.069616
1978,Eritrea,
1978,Estonia,33.5955
1978,Ethiopia,1.3685
1978,Faeroe Islands,0.39938
1978,Falkland Islands (Malvinas),
1978,Fiji,0.70908
1978,Finland,51.825
1978,France,532.6825
1978,French Guiana,
1978,French Polynesia,0.31144
1978,Gabon,7.5549
1978,Gambia,0.13923
1978,Georgia,12.3388
1978,Germany,1079.0667
1978,Ghana,2.7184
1978,Gibraltar,
1978,Greece,47.6818
1978,Greenland,0.39205
1978,Grenada,0.051296
1978,Guadeloupe,
1978,Guatemala,4.1165
1978,Guinea,0.90134
1978,Guinea-Bissau,0.10259
1978,Guyana,2.0555
1978,Haiti,0.75033
1978,Honduras,2.0394
1978,Hong Kong,15.7141
1978,Hungary,88.0399
1978,Iceland,1.9208
1978,India,263.1499
1978,Indonesia,93.9285
1978,Iran,162.2887
1978,Iraq,42.2507
1978,Ireland,23.576
1978,Israel,21.0317
1978,Italy,371.2775
1978,Jamaica,9.1119
1978,Japan,905.0875
1978,Jordan,3.6344
1978,Kazakhstan,219.9917
1978,Kenya,5.3082
1978,Kiribati,0.021984
1978,Kosovo,
1978,Kuwait,20.9794
1978,Kyrgyzstan,18.9672
1978,Laos,0.23083
1978,Latvia,22.3262
1978,Lebanon,5.4959
1978,Lesotho,
1978,Liberia,1.5032
1978,Libya,21.1554
1978,Liechtenstein,0.15188
1978,Lithuania,34.9218
1978,Luxembourg,11.8845
1978,Macao,0.41403
1978,Madagascar,1.0172
1978,Malawi,0.66973
1978,Malaysia,23.2604
1978,Maldives,0.021984
1978,Mali,0.39495
1978,Malta,0.93432
1978,Marshall Islands,
1978,Martinique,
1978,Mauritania,0.58258
1978,Mauritius,0.63021
1978,Mexico,222.0476
1978,Micronesia (Federated States of),
1978,Moldova,34.7193
1978,Mongolia,5.7638
1978,Montenegro,1.7189
1978,Montserrat,0.025648
1978,Morocco,12.9917
1978,Mozambique,2.8658
1978,Myanmar,5.1461
1978,Namibia,
1978,Nauru,0.11358
1978,Nepal,0.32898
1978,Netherlands,169.7931
1978,New Caledonia,1.5413
1978,New Zealand,18.024
1978,Nicaragua,2.6272
1978,Niger,0.41341
1978,Nigeria,48.1846
1978,Niue,0.003664
1978,North Korea,108.2093
1978,North Macedonia,8.5148
1978,Norway,32.6245
1978,Occupied Palestinian Territory,
1978,Oman,7.7897
1978,Pakistan,26.0506
1978,Palau,
1978,Panama,3.9133
1978,Papua New Guinea,1.6744
1978,Paraguay,1.4525
1978,Peru,22.4127
1978,Philippines,37.3618
1978,Poland,430.8774
1978,Portugal,22.5848
1978,Qatar,10.5216
1978,Republic of South Sudan,0.27668
1978,Romania,193.2439
1978,Russian Federation,2032.8491
1978,Rwanda,0.28946
1978,Réunion,
1978,Saint Helena,0
1978,Saint Kitts and Nevis,0.032976
1978,Saint Lucia,0.098928
1978,Saint Pierre and Miquelon,0.032976
1978,Saint Vincent and the Grenadines,0.03664
1978,Samoa,0.098928
1978,Sao Tome and Principe,0.032976
1978,Saudi Arabia,115.0214
1978,Senegal,2.6196
1978,Serbia,44.6752
1978,Seychelles,0.076944
1978,Sierra Leone,0.71082
1978,Singapore,32.463
1978,Slovakia,59.9908
1978,Slovenia,12.6801
1978,Solomon Islands,0.062288
1978,Somalia,0.55693
1978,South Africa,201.8795
1978,South Korea,113.1193
1978,Spain,199.5139
1978,Sri Lanka,3.4092
1978,Sudan,3.1564
1978,Suriname,2.3921
1978,Swaziland,0.43968
1978,Sweden,79.4765
1978,Switzerland,42.1651
1978,Syria,15.1994
1978,Taiwan,71.0276
1978,Tajikistan,10.9973
1978,Tanzania,2.1973
1978,Thailand,34.7601
1978,Timor-Leste,
1978,Togo,0.35541
1978,Tonga,0.03664
1978,Trinidad and Tobago,15.3116
1978,Tunisia,7.6029
1978,Turkey,76.8143
1978,Turkmenistan,28.1789
1978,Turks and Caicos Islands,0
1978,Tuvalu,
1978,Uganda,0.69517
1978,Ukraine,643.4315
1978,United Arab Emirates,44.7692
1978,United Kingdom,604.7281
1978,United States of America,4897.3391
1978,Uruguay,5.7319
1978,Uzbekistan,85.864
1978,Vanuatu,0.058624
1978,Venezuela,68.6045
1978,Vietnam,15.3877
1978,Wallis and Futuna Islands,
1978,Western Sahara,
1978,Yemen,3.103
1978,Zambia,3.4709
1978,Zimbabwe,9.2797
1979,Afghanistan,2.2328
1979,Albania,7.584
1979,Algeria,45.3034
1979,Andorra,
1979,Angola,5.4892
1979,Anguilla,
1979,Antigua and Barbuda,0.4067
1979,Argentina,110.649
1979,Armenia,7.4435
1979,Aruba,0.56887
1979,Australia,192.3219
1979,Austria,61.347
1979,Azerbaijan,44.6762
1979,Bahamas,6.9149
1979,Bahrain,8.1268
1979,Bangladesh,6.6126
1979,Barbados,0.6009
1979,Belarus,93.5848
1979,Belgium,139.7866
1979,Belize,0.20885
1979,Benin,0.3664
1979,Bermuda,0.46166
1979,Bhutan,0.021984
1979,Bolivia,4.7313
1979,"Bonaire, Saint Eustatius and Saba",0.15883
1979,Bosnia and Herzegovina,16.8061
1979,Botswana,0.94165
1979,Brazil,187.7277
1979,British Virgin Islands,0.029312
1979,Brunei Darussalam,7.4343
1979,Bulgaria,78.9314
1979,Burkina Faso,0.4067
1979,Burundi,0.10992
1979,Cambodia,0.029312
1979,Cameroon,1.8153
1979,Canada,441.684
1979,Cape Verde,0.24915
1979,Cayman Islands,
1979,Central African Republic,0.10259
1979,Chad,0.20152
1979,Chile,24.7297
1979,China,1525.4174
1979,Colombia,44.2725
1979,Comoros,0.021984
1979,Congo,0.34808
1979,Cook Islands,0.025648
1979,Costa Rica,2.7801
1979,Croatia,18.2376
1979,Cuba,31.6845
1979,Curaçao,8.5175
1979,Cyprus,3.0454
1979,Czech Republic,182.5712
1979,Côte d'Ivoire,5.4191
1979,Democratic Republic of the Congo,3.7401
1979,Denmark,62.9078
1979,Djibouti,0.36274
1979,Dominica,0.032976
1979,Dominican Republic,6.7841
1979,Ecuador,12.146
1979,Egypt,42.6616
1979,El Salvador,2.3757
1979,Equatorial Guinea,0.062288
1979,Eritrea,
1979,Estonia,33.8711
1979,Ethiopia,1.8441
1979,Faeroe Islands,0.47998
1979,Falkland Islands (Malvinas),
1979,Fiji,0.83646
1979,Finland,54.237
1979,France,536.0529
1979,French Guiana,
1979,French Polynesia,0.28213
1979,Gabon,6.7468
1979,Gambia,0.14656
1979,Georgia,12.4477
1979,Germany,1117.7455
1979,Ghana,2.5208
1979,Gibraltar,
1979,Greece,50.8187
1979,Greenland,0.57158
1979,Grenada,0.047632
1979,Guadeloupe,
1979,Guatemala,4.6771
1979,Guinea,0.94531
1979,Guinea-Bissau,0.10992
1979,Guyana,1.5206
1979,Haiti,0.74951
1979,Honduras,1.9228
1979,Hong Kong,15.8376
1979,Hungary,86.0583
1979,Iceland,1.983
1979,India,276.285
1979,Indonesia,95.1232
1979,Iran,163.1373
1979,Iraq,52.9083
1979,Ireland,27.3992
1979,Israel,20.8644
1979,Italy,385.2592
1979,Jamaica,8.5295
1979,Japan,957.1471
1979,Jordan,3.7873
1979,Kazakhstan,221.6568
1979,Kenya,5.0246
1979,Kiribati,0.025648
1979,Kosovo,
1979,Kuwait,17.645
1979,Kyrgyzstan,19.1065
1979,Laos,0.2235
1979,Latvia,22.51
1979,Lebanon,5.7852
1979,Lesotho,
1979,Liberia,1.9419
1979,Libya,25.9264
1979,Liechtenstein,0.13066
1979,Lithuania,35.2198
1979,Luxembourg,12.1623
1979,Macao,0.41403
1979,Madagascar,1.1302
1979,Malawi,0.63672
1979,Malaysia,27.3059
1979,Maldives,0.029312
1979,Mali,0.42791
1979,Malta,0.90501
1979,Marshall Islands,
1979,Martinique,
1979,Mauritania,0.60456
1979,Mauritius,0.65952
1979,Mexico,240.1754
1979,Micronesia (Federated States of),
1979,Moldova,34.9947
1979,Mongolia,6.2773
1979,Montenegro,1.8695
1979,Montserrat,0.025648
1979,Morocco,15.8502
1979,Mozambique,2.6346
1979,Myanmar,5.086
1979,Namibia,
1979,Nauru,0.11358
1979,Nepal,0.51236
1979,Netherlands,187.0071
1979,New Caledonia,1.6399
1979,New Zealand,16.4944
1979,Nicaragua,1.7091
1979,Niger,0.47599
1979,Nigeria,70.1428
1979,Niue,0.003664
1979,North Korea,110.263
1979,North Macedonia,9.2768
1979,Norway,34.6252
1979,Occupied Palestinian Territory,
1979,Oman,7.7164
1979,Pakistan,28.1345
1979,Palau,
1979,Panama,4.19
1979,Papua New Guinea,1.7954
1979,Paraguay,1.3242
1979,Peru,22.2173
1979,Philippines,38.0086
1979,Poland,441.3124
1979,Portugal,24.8556
1979,Qatar,14.3464
1979,Republic of South Sudan,0.2873
1979,Romania,195.3236
1979,Russian Federation,2049.7088
1979,Rwanda,0.29678
1979,Réunion,
1979,Saint Helena,0
1979,Saint Kitts and Nevis,0.03664
1979,Saint Lucia,0.15022
1979,Saint Pierre and Miquelon,0.03664
1979,Saint Vincent and the Grenadines,0.029312
1979,Samoa,0.084272
1979,Sao Tome and Principe,0.032976
1979,Saudi Arabia,138.0003
1979,Senegal,2.8881
1979,Serbia,48.5734
1979,Seychelles,0.12091
1979,Sierra Leone,0.67784
1979,Singapore,35.4198
1979,Slovakia,58.4255
1979,Slovenia,13.7897
1979,Solomon Islands,0.10992
1979,Somalia,0.48731
1979,South Africa,218.6708
1979,South Korea,132.8742
1979,Spain,202.7465
1979,Sri Lanka,3.7804
1979,Sudan,3.2768
1979,Suriname,2.2931
1979,Swaziland,0.44701
1979,Sweden,84.8686
1979,Switzerland,39.858
1979,Syria,22.5154
1979,Taiwan,75.7658
1979,Tajikistan,11.0932
1979,Tanzania,2.0628
1979,Thailand,36.3956
1979,Timor-Leste,
1979,Togo,1.3813
1979,Tonga,0.040304
1979,Trinidad and Tobago,16.7067
1979,Tunisia,8.9719
1979,Turkey,75.1393
1979,Turkmenistan,28.4078
1979,Turks and Caicos Islands,0
1979,Tuvalu,
1979,Uganda,0.67087
1979,Ukraine,648.7713
1979,United Arab Emirates,36.5677
1979,United Kingdom,644.5091
1979,United States of America,4908.766
1979,Uruguay,6.2658
1979,Uzbekistan,86.5528
1979,Vanuatu,0.062288
1979,Venezuela,76.4675
1979,Vietnam,16.2497
1979,Wallis and Futuna Islands,
1979,Western Sahara,
1979,Yemen,3.22
1979,Zambia,3.5965
1979,Zimbabwe,9.4317
1980,Afghanistan,1.7563
1980,Albania,5.1708
1980,Algeria,66.1236
1980,Andorra,
1980,Angola,5.3344
1980,Anguilla,
1980,Antigua and Barbuda,0.1429
1980,Argentina,108.6952
1980,Armenia,7.7349
1980,Aruba,0.58543
1980,Australia,204.3702
1980,Austria,52.0542
1980,Azerbaijan,46.4277
1980,Bahamas,7.9711
1980,Bahrain,7.8813
1980,Bangladesh,7.5972
1980,Barbados,0.67418
1980,Belarus,97.226
1980,Belgium,134.8359
1980,Belize,0.19053
1980,Benin,0.47983
1980,Bermuda,0.43602
1980,Bhutan,0.021984
1980,Bolivia,4.6608
1980,"Bonaire, Saint Eustatius and Saba",0.16346
1980,Bosnia and Herzegovina,16.5238
1980,Botswana,1.4034
1980,Brazil,186.1274
1980,British Virgin Islands,0.029312
1980,Brunei Darussalam,6.8773
1980,Bulgaria,77.2541
1980,Burkina Faso,0.43235
1980,Burundi,0.14656
1980,Cambodia,0.28579
1980,Cameroon,3.8859
1980,Canada,442.8432
1980,Cape Verde,0.12091
1980,Cayman Islands,
1980,Central African Republic,0.10626
1980,Chad,0.20885
1980,Chile,25.1
1980,China,1494.2978
1980,Colombia,44.1804
1980,Comoros,0.047632
1980,Congo,0.40553
1980,Cook Islands,0.029312
1980,Costa Rica,2.4473
1980,Croatia,17.9255
1980,Cuba,31.374
1980,Curaçao,8.7655
1980,Cyprus,3.2606
1980,Czech Republic,184.6911
1980,Côte d'Ivoire,5.5693
1980,Democratic Republic of the Congo,3.485
1980,Denmark,60.2898
1980,Djibouti,0.34808
1980,Dominica,0.03664
1980,Dominican Republic,6.4249
1980,Ecuador,13.416
1980,Egypt,44.9181
1980,El Salvador,2.1184
1980,Equatorial Guinea,0.058624
1980,Eritrea,
1980,Estonia,35.2072
1980,Ethiopia,1.8175
1980,Faeroe Islands,0.42136
1980,Falkland Islands (Malvinas),
1980,Fiji,0.79242
1980,Finland,58.1429
1980,France,514.5095
1980,French Guiana,
1980,French Polynesia,0.29312
1980,Gabon,6.6247
1980,Gambia,0.15755
1980,Georgia,12.9404
1980,Germany,1099.9011
1980,Ghana,2.4107
1980,Gibraltar,
1980,Greece,50.8887
1980,Greenland,0.56426
1980,Grenada,0.047632
1980,Guadeloupe,
1980,Guatemala,4.4914
1980,Guinea,0.96363
1980,Guinea-Bissau,0.14656
1980,Guyana,1.788
1980,Haiti,0.74457
1980,Honduras,2.038
1980,Hong Kong,16.6002
1980,Hungary,86.6969
1980,Iceland,1.8618
1980,India,291.7144
1980,Indonesia,94.8539
1980,Iran,120.6953
1980,Iraq,45.473
1980,Ireland,26.2751
1980,Israel,20.9846
1980,Italy,386.4367
1980,Jamaica,8.4454
1980,Japan,948.5517
1980,Jordan,4.7148
1980,Kazakhstan,230.2634
1980,Kenya,6.1766
1980,Kiribati,0.029312
1980,Kosovo,
1980,Kuwait,24.6435
1980,Kyrgyzstan,19.8473
1980,Laos,0.18686
1980,Latvia,23.3949
1980,Lebanon,5.8898
1980,Lesotho,
1980,Liberia,2.0376
1980,Libya,26.7806
1980,Liechtenstein,0.15781
1980,Lithuania,36.6137
1980,Luxembourg,11.0772
1980,Macao,0.52762
1980,Madagascar,1.6139
1980,Malawi,0.71008
1980,Malaysia,28.0326
1980,Maldives,0.043968
1980,Mali,0.39134
1980,Malta,1.0223
1980,Marshall Islands,
1980,Martinique,
1980,Mauritania,0.63021
1980,Mauritius,0.5899
1980,Mexico,267.6447
1980,Micronesia (Federated States of),
1980,Moldova,36.3663
1980,Mongolia,6.8552
1980,Montenegro,1.8383
1980,Montserrat,0.014656
1980,Morocco,15.8177
1980,Mozambique,3.1985
1980,Myanmar,5.5088
1980,Namibia,
1980,Nauru,0.12458
1980,Nepal,0.5413
1980,Netherlands,176.6354
1980,New Caledonia,1.9986
1980,New Zealand,17.4825
1980,Nicaragua,2.022
1980,Niger,0.56627
1980,Nigeria,67.9868
1980,Niue,0.003664
1980,North Korea,114.0822
1980,North Macedonia,9.1013
1980,Norway,31.777
1980,Occupied Palestinian Territory,
1980,Oman,6.0419
1980,Pakistan,31.9316
1980,Palau,
1980,Panama,3.0882
1980,Papua New Guinea,1.8283
1980,Paraguay,1.4839
1980,Peru,24.0647
1980,Philippines,36.8368
1980,Poland,463.3328
1980,Portugal,26.7735
1980,Qatar,13.086
1980,Republic of South Sudan,0.30146
1980,Romania,195.8066
1980,Russian Federation,2130.3552
1980,Rwanda,0.49464
1980,Réunion,
1980,Saint Helena,0
1980,Saint Kitts and Nevis,0.051296
1980,Saint Lucia,0.11358
1980,Saint Pierre and Miquelon,0.03664
1980,Saint Vincent and the Grenadines,0.03664
1980,Samoa,0.076944
1980,Sao Tome and Principe,0.040304
1980,Saudi Arabia,169.2339
1980,Senegal,3.3364
1980,Serbia,47.7413
1980,Seychelles,0.095264
1980,Sierra Leone,0.60822
1980,Singapore,30.4332
1980,Slovakia,59.1162
1980,Slovenia,13.545
1980,Solomon Islands,0.10259
1980,Somalia,0.81341
1980,South Africa,228.2014
1980,South Korea,134.5244
1980,Spain,213.9153
1980,Sri Lanka,3.3598
1980,Sudan,3.4375
1980,Suriname,2.3698
1980,Swaziland,0.46533
1980,Sweden,71.7137
1980,Switzerland,40.4818
1980,Syria,20.7683
1980,Taiwan,83.5146
1980,Tajikistan,11.5355
1980,Tanzania,1.8736
1980,Thailand,39.7505
1980,Timor-Leste,
1980,Togo,0.79443
1980,Tonga,0.040304
1980,Trinidad and Tobago,16.9191
1980,Tunisia,9.7838
1980,Turkey,75.3176
1980,Turkmenistan,29.5104
1980,Turks and Caicos Islands,0
1980,Tuvalu,
1980,Uganda,0.62969
1980,Ukraine,674.3489
1980,United Arab Emirates,36.8593
1980,United Kingdom,579.0391
1980,United States of America,4730.2184
1980,Uruguay,5.8236
1980,Uzbekistan,89.878
1980,Vanuatu,0.062288
1980,Venezuela,90.6714
1980,Vietnam,16.789
1980,Wallis and Futuna Islands,
1980,Western Sahara,
1980,Yemen,3.3152
1980,Zambia,3.5233
1980,Zimbabwe,9.614
1981,Afghanistan,1.9785
1981,Albania,7.3431
1981,Algeria,45.9993
1981,Andorra,
1981,Angola,5.2668
1981,Anguilla,
1981,Antigua and Barbuda,0.10626
1981,Argentina,102.0086
1981,Armenia,7.6005
1981,Aruba,0.55762
1981,Australia,213.8099
1981,Austria,55.8622
1981,Azerbaijan,45.5728
1981,Bahamas,2.7984
1981,Bahrain,8.5188
1981,Bangladesh,7.8861
1981,Barbados,0.68517
1981,Belarus,95.3953
1981,Belgium,123.5773
1981,Belize,0.1832
1981,Benin,0.38729
1981,Bermuda,0.38838
1981,Bhutan,0.055349
1981,Bolivia,4.7839
1981,"Bonaire, Saint Eustatius and Saba",0.15569
1981,Bosnia and Herzegovina,17.983
1981,Botswana,1.4076
1981,Brazil,171.2619
1981,British Virgin Islands,0.043968
1981,Brunei Darussalam,2.0592
1981,Bulgaria,80.0903
1981,Burkina Faso,0.55693
1981,Burundi,0.15755
1981,Cambodia,0.30045
1981,Cameroon,5.3191
1981,Canada,429.6224
1981,Cape Verde,0.032976
1981,Cayman Islands,
1981,Central African Republic,0.13557
1981,Chad,0.20885
1981,Chile,24.3471
1981,China,1476.28
1981,Colombia,44.2672
1981,Comoros,0.047632
1981,Congo,0.47072
1981,Cook Islands,0.065952
1981,Costa Rica,2.2351
1981,Croatia,19.4797
1981,Cuba,32.7235
1981,Curaçao,8.3491
1981,Cyprus,3.0957
1981,Czech Republic,182.6733
1981,Côte d'Ivoire,3.8655
1981,Democratic Republic of the Congo,3.7554
1981,Denmark,51.7195
1981,Djibouti,0.30045
1981,Dominica,0.03664
1981,Dominican Republic,6.1329
1981,Ecuador,16.6622
1981,Egypt,50.5801
1981,El Salvador,1.8176
1981,Equatorial Guinea,0.069616
1981,Eritrea,
1981,Estonia,34.534
1981,Ethiopia,1.86
1981,Faeroe Islands,0.43968
1981,Falkland Islands (Malvinas),
1981,Fiji,1.0772
1981,Finland,51.4033
1981,France,462.5964
1981,French Guiana,
1981,French Polynesia,0.32976
1981,Gabon,6.564
1981,Gambia,0.15755
1981,Georgia,12.7207
1981,Germany,1048.3621
1981,Ghana,2.8467
1981,Gibraltar,
1981,Greece,50.1254
1981,Greenland,0.52762
1981,Grenada,0.058624
1981,Guadeloupe,
1981,Guatemala,3.9482
1981,Guinea,0.98928
1981,Guinea-Bissau,0.1429
1981,Guyana,1.799
1981,Haiti,0.75834
1981,Honduras,1.8078
1981,Hong Kong,18.6167
1981,Hungary,86.4372
1981,Iceland,1.748
1981,India,314.9693
1981,Indonesia,100.2723
1981,Iran,113.2732
1981,Iraq,32.0418
1981,Ireland,26.0615
1981,Israel,21.0176
1981,Italy,375.3073
1981,Jamaica,7.4085
1981,Japan,930.3774
1981,Jordan,5.8493
1981,Kazakhstan,225.578
1981,Kenya,6.5049
1981,Kiribati,0.029312
1981,Kosovo,
1981,Kuwait,25.1785
1981,Kyrgyzstan,19.4584
1981,Laos,0.15022
1981,Latvia,22.9646
1981,Lebanon,5.8442
1981,Lesotho,
1981,Liberia,1.9349
1981,Libya,28.668
1981,Liechtenstein,0.14821
1981,Lithuania,35.9914
1981,Luxembourg,9.4896
1981,Macao,0.53494
1981,Madagascar,1.0245
1981,Malawi,0.60385
1981,Malaysia,30.8777
1981,Maldives,0.047632
1981,Mali,0.39488
1981,Malta,1.1432
1981,Marshall Islands,
1981,Martinique,
1981,Mauritania,0.63371
1981,Mauritius,0.54227
1981,Mexico,283.5867
1981,Micronesia (Federated States of),
1981,Moldova,35.7041
1981,Mongolia,6.6147
1981,Montenegro,2.0006
1981,Montserrat,0.01832
1981,Morocco,15.7181
1981,Mozambique,2.479
1981,Myanmar,5.623
1981,Namibia,
1981,Nauru,0.12458
1981,Nepal,0.45319
1981,Netherlands,164.1135
1981,New Caledonia,1.3903
1981,New Zealand,16.561
1981,Nicaragua,2.1344
1981,Niger,0.68034
1981,Nigeria,65.7509
1981,Niue,0.003664
1981,North Korea,114.3986
1981,North Macedonia,9.8967
1981,Norway,31.8047
1981,Occupied Palestinian Territory,
1981,Oman,6.0126
1981,Pakistan,34.2328
1981,Palau,
1981,Panama,3.3041
1981,Papua New Guinea,1.9309
1981,Paraguay,1.3816
1981,Peru,24.0268
1981,Philippines,34.4934
1981,Poland,409.0043
1981,Portugal,27.0005
1981,Qatar,12.8471
1981,Republic of South Sudan,0.29291
1981,Romania,197.3225
1981,Russian Federation,2089.7911
1981,Rwanda,0.6009
1981,Réunion,
1981,Saint Helena,0.007328
1981,Saint Kitts and Nevis,0.05496
1981,Saint Lucia,0.095264
1981,Saint Pierre and Miquelon,0.040304
1981,Saint Vincent and the Grenadines,0.03664
1981,Samoa,0.07328
1981,Sao Tome and Principe,0.043968
1981,Saudi Arabia,175.2929
1981,Senegal,3.2799
1981,Serbia,51.9554
1981,Seychelles,0.098928
1981,Sierra Leone,0.6925
1981,Singapore,25.7066
1981,Slovakia,58.4736
1981,Slovenia,14.7263
1981,Solomon Islands,0.13557
1981,Somalia,0.2748
1981,South Africa,257.0789
1981,South Korea,139.5897
1981,Spain,206.0996
1981,Sri Lanka,3.9721
1981,Sudan,3.3401
1981,Suriname,2.0289
1981,Swaziland,0.43602
1981,Sweden,69.3885
1981,Switzerland,38.802
1981,Syria,26.5926
1981,Taiwan,75.0519
1981,Tajikistan,11.3394
1981,Tanzania,2.1068
1981,Thailand,37.5405
1981,Timor-Leste,
1981,Togo,0.70648
1981,Tonga,0.047632
1981,Trinidad and Tobago,17.242
1981,Tunisia,10.1998
1981,Turkey,79.3214
1981,Turkmenistan,28.9758
1981,Turks and Caicos Islands,0
1981,Tuvalu,
1981,Uganda,0.53071
1981,Ukraine,661.2732
1981,United Arab Emirates,36.81
1981,United Kingdom,560.5471
1981,United States of America,4543.6332
1981,Uruguay,5.3616
1981,Uzbekistan,88.2828
1981,Vanuatu,0.051296
1981,Venezuela,91.8288
1981,Vietnam,17.6954
1981,Wallis and Futuna Islands,
1981,Western Sahara,
1981,Yemen,4.2275
1981,Zambia,3.358
1981,Zimbabwe,9.4054
1982,Afghanistan,2.0946
1982,Albania,7.3076
1982,Algeria,38.8078
1982,Andorra,
1982,Angola,4.6352
1982,Anguilla,
1982,Antigua and Barbuda,0.29312
1982,Argentina,103.3881
1982,Armenia,7.7452
1982,Aruba,0.62347
1982,Australia,218.0009
1982,Austria,53.5983
1982,Azerbaijan,46.4357
1982,Bahamas,2.2583
1982,Bahrain,9.8305
1982,Bangladesh,8.5523
1982,Barbados,0.64486
1982,Belarus,97.1671
1982,Belgium,117.1092
1982,Belize,0.17221
1982,Benin,0.44254
1982,Bermuda,0.39571
1982,Bhutan,0.062681
1982,Bolivia,4.3407
1982,"Bonaire, Saint Eustatius and Saba",0.17408
1982,Bosnia and Herzegovina,16.5187
1982,Botswana,1.3992
1982,Brazil,171.4391
1982,British Virgin Islands,0.03664
1982,Brunei Darussalam,2.6647
1982,Bulgaria,89.8442
1982,Burkina Faso,0.57525
1982,Burundi,0.15755
1982,Cambodia,0.33709
1982,Cameroon,6.3159
1982,Canada,414.4549
1982,Cape Verde,0.03664
1982,Cayman Islands,
1982,Central African Republic,0.1429
1982,Chad,0.20518
1982,Chile,20.4753
1982,China,1606.2391
1982,Colombia,45.6878
1982,Comoros,0.047632
1982,Congo,1.3431
1982,Cook Islands,0.051296
1982,Costa Rica,2.0694
1982,Croatia,17.8909
1982,Cuba,34.5273
1982,Curaçao,9.335
1982,Cyprus,3.1572
1982,Czech Republic,180.8766
1982,Côte d'Ivoire,5.5546
1982,Democratic Republic of the Congo,3.047
1982,Denmark,53.6191
1982,Djibouti,0.34808
1982,Dominica,0.040304
1982,Dominican Republic,6.3007
1982,Ecuador,19.2493
1982,Egypt,56.0002
1982,El Salvador,1.7509
1982,Equatorial Guinea,0.07328
1982,Eritrea,
1982,Estonia,35.1861
1982,Ethiopia,1.4739
1982,Faeroe Islands,0.458
1982,Falkland Islands (Malvinas),
1982,Fiji,0.83512
1982,Finland,42.9801
1982,France,443.3955
1982,French Guiana,
1982,French Polynesia,0.33709
1982,Gabon,6.5436
1982,Gambia,0.16122
1982,Georgia,12.9674
1982,Germany,1015.4995
1982,Ghana,2.8946
1982,Gibraltar,
1982,Greece,51.5088
1982,Greenland,0.51662
1982,Grenada,0.062288
1982,Guadeloupe,
1982,Guatemala,3.6053
1982,Guinea,0.98195
1982,Guinea-Bissau,0.1429
1982,Guyana,1.4033
1982,Haiti,0.81668
1982,Honduras,1.7495
1982,Hong Kong,19.6228
1982,Hungary,86.6838
1982,Iceland,1.5938
1982,India,325.383
1982,Indonesia,105.5546
1982,Iran,138.1323
1982,Iraq,30.538
1982,Ireland,25.5663
1982,Israel,23.8549
1982,Italy,366.8829
1982,Jamaica,6.214
1982,Japan,900.7245
1982,Jordan,6.2789
1982,Kazakhstan,229.7422
1982,Kenya,4.6718
1982,Kiribati,0.025648
1982,Kosovo,
1982,Kuwait,21.1356
1982,Kyrgyzstan,19.8171
1982,Laos,0.15755
1982,Latvia,23.3965
1982,Lebanon,5.7194
1982,Lesotho,
1982,Liberia,0.59741
1982,Libya,30.5651
1982,Liechtenstein,0.10379
1982,Lithuania,36.6808
1982,Luxembourg,8.9315
1982,Macao,0.48365
1982,Madagascar,1.0133
1982,Malawi,0.59309
1982,Malaysia,30.6419
1982,Maldives,0.047632
1982,Mali,0.36513
1982,Malta,1.3117
1982,Marshall Islands,
1982,Martinique,
1982,Mauritania,0.88302
1982,Mauritius,0.50197
1982,Mexico,303.7637
1982,Micronesia (Federated States of),
1982,Moldova,36.3597
1982,Mongolia,6.7123
1982,Montenegro,1.8379
1982,Montserrat,0.01832
1982,Morocco,16.9046
1982,Mozambique,2.5239
1982,Myanmar,5.5795
1982,Namibia,
1982,Nauru,0.12458
1982,Nepal,0.44236
1982,Netherlands,133.4907
1982,New Caledonia,1.2618
1982,New Zealand,18.2702
1982,Nicaragua,2.1104
1982,Niger,0.7422
1982,Nigeria,65.3091
1982,Niue,0.003664
1982,North Korea,116.8848
1982,North Macedonia,9.0628
1982,Norway,30.9121
1982,Occupied Palestinian Territory,
1982,Oman,5.7305
1982,Pakistan,37.1896
1982,Palau,
1982,Panama,3.2655
1982,Papua New Guinea,1.9456
1982,Paraguay,1.3612
1982,Peru,23.6001
1982,Philippines,34.7952
1982,Poland,420.9778
1982,Portugal,28.9999
1982,Qatar,12.3416
1982,Republic of South Sudan,0.30795
1982,Romania,194.8769
1982,Russian Federation,2129.1895
1982,Rwanda,0.60822
1982,Réunion,
1982,Saint Helena,0.003664
1982,Saint Kitts and Nevis,0.065952
1982,Saint Lucia,0.11358
1982,Saint Pierre and Miquelon,0.040304
1982,Saint Vincent and the Grenadines,0.040304
1982,Samoa,0.065952
1982,Sao Tome and Principe,0.047632
1982,Saudi Arabia,157.8741
1982,Senegal,3.0366
1982,Serbia,47.7041
1982,Seychelles,0.084272
1982,Sierra Leone,0.55326
1982,Singapore,28.3815
1982,Slovakia,57.917
1982,Slovenia,13.5099
1982,Solomon Islands,0.12091
1982,Somalia,0.71814
1982,South Africa,280.437
1982,South Korea,140.7819
1982,Spain,208.5949
1982,Sri Lanka,4.4317
1982,Sudan,3.5095
1982,Suriname,1.8712
1982,Swaziland,0.43602
1982,Sweden,62.2567
1982,Switzerland,36.5749
1982,Syria,24.4403
1982,Taiwan,70.0346
1982,Tajikistan,11.5579
1982,Tanzania,2.1483
1982,Thailand,37.357
1982,Timor-Leste,
1982,Togo,0.81787
1982,Tonga,0.043968
1982,Trinidad and Tobago,18.4047
1982,Tunisia,9.8779
1982,Turkey,86.3613
1982,Turkmenistan,29.521
1982,Turks and Caicos Islands,0
1982,Tuvalu,
1982,Uganda,0.5447
1982,Ukraine,673.8092
1982,United Arab Emirates,36.8177
1982,United Kingdom,548.2294
1982,United States of America,4311.9185
1982,Uruguay,4.8597
1982,Uzbekistan,89.9665
1982,Vanuatu,0.051296
1982,Venezuela,93.2494
1982,Vietnam,18.3416
1982,Wallis and Futuna Islands,
1982,Western Sahara,
1982,Yemen,5.9405
1982,Zambia,3.5108
1982,Zimbabwe,8.7799
1983,Afghanistan,2.52
1983,Albania,7.6308
1983,Algeria,52.0742
1983,Andorra,
1983,Angola,5.1005
1983,Anguilla,
1983,Antigua and Barbuda,0.084272
1983,Argentina,105.1821
1983,Armenia,7.8611
1983,Aruba,0.32042
1983,Australia,207.6454
1983,Austria,51.6976
1983,Azerbaijan,47.1059
1983,Bahamas,2.0143
1983,Bahrain,8.222
1983,Bangladesh,8.1883
1983,Barbados,0.68517
1983,Belarus,98.525
1983,Belgium,101.2055
1983,Belize,0.17221
1983,Benin,0.40441
1983,Bermuda,0.45067
1983,Bhutan,0.086749
1983,Bolivia,4.2815
1983,"Bonaire, Saint Eustatius and Saba",0.089466
1983,Bosnia and Herzegovina,17.7879
1983,Botswana,1.3296
1983,Brazil,165.8513
1983,British Virgin Islands,0.040304
1983,Brunei Darussalam,2.7333
1983,Bulgaria,90.0613
1983,Burkina Faso,0.59357
1983,Burundi,0.20518
1983,Cambodia,0.3664
1983,Cameroon,6.5545
1983,Canada,408.3348
1983,Cape Verde,0.03664
1983,Cayman Islands,
1983,Central African Republic,0.14656
1983,Chad,0.20518
1983,Chile,20.6741
1983,China,1693.7467
1983,Colombia,49.2183
1983,Comoros,0.047632
1983,Congo,1.1425
1983,Cook Islands,0.051296
1983,Costa Rica,2.0875
1983,Croatia,19.2666
1983,Cuba,30.8206
1983,Curaçao,4.7976
1983,Cyprus,3.1513
1983,Czech Republic,181.1067
1983,Côte d'Ivoire,4.5177
1983,Democratic Republic of the Congo,3.998
1983,Denmark,50.1018
1983,Djibouti,0.34808
1983,Dominica,0.040304
1983,Dominican Republic,7.8619
1983,Ecuador,19.517
1983,Egypt,56.3796
1983,El Salvador,1.8839
1983,Equatorial Guinea,0.062288
1983,Eritrea,
1983,Estonia,35.6896
1983,Ethiopia,1.8348
1983,Faeroe Islands,0.48731
1983,Falkland Islands (Malvinas),
1983,Fiji,0.70893
1983,Finland,41.4634
1983,France,426.0392
1983,French Guiana,
1983,French Polynesia,0.42136
1983,Gabon,5.5086
1983,Gambia,0.16122
1983,Georgia,13.1691
1983,Germany,1011.4363
1983,Ghana,3.51
1983,Gibraltar,
1983,Greece,54.7894
1983,Greenland,0.36274
1983,Grenada,0.062288
1983,Guadeloupe,
1983,Guatemala,3.1584
1983,Guinea,0.95264
1983,Guinea-Bissau,0.1429
1983,Guyana,1.2458
1983,Haiti,0.88532
1983,Honduras,1.9765
1983,Hong Kong,20.9121
1983,Hungary,88.9457
1983,Iceland,1.5425
1983,India,352.2049
1983,Indonesia,105.1491
1983,Iran,150.0282
1983,Iraq,38.652
1983,Ireland,25.725
1983,Israel,23.709
1983,Italy,358.4091
1983,Jamaica,6.4449
1983,Japan,884.4238
1983,Jordan,7.3424
1983,Kazakhstan,232.7916
1983,Kenya,4.6381
1983,Kiribati,0.021984
1983,Kosovo,
1983,Kuwait,21.5788
1983,Kyrgyzstan,20.0877
1983,Laos,0.17954
1983,Latvia,23.7367
1983,Lebanon,6.9422
1983,Lesotho,
1983,Liberia,0.70652
1983,Libya,30.146
1983,Liechtenstein,0.13069
1983,Lithuania,37.2428
1983,Luxembourg,8.3713
1983,Macao,0.6815
1983,Madagascar,0.65039
1983,Malawi,0.57454
1983,Malaysia,38.0483
1983,Maldives,0.051296
1983,Mali,0.41662
1983,Malta,0.99661
1983,Marshall Islands,
1983,Martinique,
1983,Mauritania,0.93798
1983,Mauritius,0.59723
1983,Mexico,277.4304
1983,Micronesia (Federated States of),
1983,Moldova,36.8924
1983,Mongolia,6.9691
1983,Montenegro,1.9791
1983,Montserrat,0.021984
1983,Morocco,17.6265
1983,Mozambique,1.9545
1983,Myanmar,5.7538
1983,Namibia,
1983,Nauru,0.12458
1983,Nepal,0.49242
1983,Netherlands,137.361
1983,New Caledonia,1.1512
1983,New Zealand,17.9981
1983,Nicaragua,1.9963
1983,Niger,0.95793
1983,Nigeria,59.6221
1983,Niue,0.003664
1983,North Korea,125.1631
1983,North Macedonia,9.7917
1983,Norway,31.9473
1983,Occupied Palestinian Territory,
1983,Oman,7.5259
1983,Pakistan,40.0222
1983,Palau,
1983,Panama,3.4673
1983,Papua New Guinea,2.0079
1983,Paraguay,1.4061
1983,Peru,20.3929
1983,Philippines,35.1893
1983,Poland,421.0274
1983,Portugal,29.9016
1983,Qatar,11.2551
1983,Republic of South Sudan,0.31444
1983,Romania,199.6634
1983,Russian Federation,2159.389
1983,Rwanda,0.69616
1983,Réunion,
1983,Saint Helena,0.003664
1983,Saint Kitts and Nevis,0.051296
1983,Saint Lucia,0.10259
1983,Saint Pierre and Miquelon,0.032976
1983,Saint Vincent and the Grenadines,0.047632
1983,Samoa,0.065952
1983,Sao Tome and Principe,0.05496
1983,Saudi Arabia,160.8134
1983,Senegal,2.6114
1983,Serbia,51.3646
1983,Seychelles,0.098928
1983,Sierra Leone,0.68883
1983,Singapore,33.3974
1983,Slovakia,57.9984
1983,Slovenia,14.5518
1983,Solomon Islands,0.1429
1983,Somalia,0.93432
1983,South Africa,291.9057
1983,South Korea,149.1336
1983,Spain,203.4461
1983,Sri Lanka,4.8262
1983,Sudan,3.5819
1983,Suriname,1.3728
1983,Swaziland,0.27114
1983,Sweden,58.2683
1983,Switzerland,40.0106
1983,Syria,27.8956
1983,Taiwan,76.5534
1983,Tajikistan,11.739
1983,Tanzania,2.1963
1983,Thailand,41.7846
1983,Timor-Leste,
1983,Togo,0.62363
1983,Tonga,0.047632
1983,Trinidad and Tobago,16.2743
1983,Tunisia,11.9201
1983,Turkey,89.9565
1983,Turkmenistan,29.9452
1983,Turks and Caicos Islands,0
1983,Tuvalu,
1983,Uganda,0.61721
1983,Ukraine,683.2902
1983,United Arab Emirates,35.2895
1983,United Kingdom,545.4741
1983,United States of America,4346.3808
1983,Uruguay,3.8077
1983,Uzbekistan,91.2608
1983,Vanuatu,0.05496
1983,Venezuela,92.9531
1983,Vietnam,19.2697
1983,Wallis and Futuna Islands,
1983,Western Sahara,
1983,Yemen,6.3141
1983,Zambia,3.2608
1983,Zimbabwe,10.4251
1984,Afghanistan,2.8215
1984,Albania,7.8259
1984,Algeria,70.417
1984,Andorra,
1984,Angola,4.9858
1984,Anguilla,
1984,Antigua and Barbuda,0.14656
1984,Argentina,106.4918
1984,Armenia,7.9355
1984,Aruba,0.80014
1984,Australia,217.5146
1984,Austria,54.247
1984,Azerbaijan,47.5335
1984,Bahamas,1.854
1984,Bahrain,9.2003
1984,Bangladesh,9.0772
1984,Barbados,0.747
1984,Belarus,99.364
1984,Belgium,104.9702
1984,Belize,0.17221
1984,Benin,0.4483
1984,Bermuda,0.44334
1984,Bhutan,0.10874
1984,Bolivia,4.0326
1984,"Bonaire, Saint Eustatius and Saba",0.22341
1984,Bosnia and Herzegovina,18.7593
1984,Botswana,1.3442
1984,Brazil,167.5242
1984,British Virgin Islands,0.040304
1984,Brunei Darussalam,1.9163
1984,Bulgaria,87.0449
1984,Burkina Faso,0.46533
1984,Burundi,0.21984
1984,Cambodia,0.41037
1984,Cameroon,6.0529
1984,Canada,425.237
1984,Cape Verde,0.084272
1984,Cayman Islands,
1984,Central African Republic,0.15022
1984,Chad,0.21618
1984,Chile,22.0047
1984,China,1844.2128
1984,Colombia,48.712
1984,Comoros,0.047632
1984,Congo,1.1395
1984,Cook Islands,0.021984
1984,Costa Rica,1.9792
1984,Croatia,20.3211
1984,Cuba,32.5807
1984,Curaçao,11.9802
1984,Cyprus,3.2346
1984,Czech Republic,187.201
1984,Côte d'Ivoire,5.1333
1984,Democratic Republic of the Congo,3.9316
1984,Denmark,50.7844
1984,Djibouti,0.35174
1984,Dominica,0.043968
1984,Dominican Republic,7.3862
1984,Ecuador,21.2094
1984,Egypt,62.9419
1984,El Salvador,1.5868
1984,Equatorial Guinea,0.080608
1984,Eritrea,
1984,Estonia,36.0088
1984,Ethiopia,1.6503
1984,Faeroe Islands,0.4983
1984,Falkland Islands (Malvinas),
1984,Fiji,0.57721
1984,Finland,42.1472
1984,France,414.6559
1984,French Guiana,
1984,French Polynesia,0.46166
1984,Gabon,5.9795
1984,Gambia,0.17221
1984,Georgia,13.3023
1984,Germany,1033.0174
1984,Ghana,2.4657
1984,Gibraltar,
1984,Greece,56.2849
1984,Greenland,0.56792
1984,Grenada,0.062288
1984,Guadeloupe,
1984,Guatemala,3.3995
1984,Guinea,0.97829
1984,Guinea-Bissau,0.16122
1984,Guyana,1.4033
1984,Haiti,0.90233
1984,Honduras,1.9574
1984,Hong Kong,22.2248
1984,Hungary,90.6648
1984,Iceland,1.8097
1984,India,361.5688
1984,Indonesia,112.4197
1984,Iran,150.4005
1984,Iraq,40.071
1984,Ireland,25.5494
1984,Israel,23.4985
1984,Italy,364.6047
1984,Jamaica,5.1406
1984,Japan,940.5418
1984,Jordan,8.3215
1984,Kazakhstan,234.663
1984,Kenya,4.2981
1984,Kiribati,0.021984
1984,Kosovo,
1984,Kuwait,28.3297
1984,Kyrgyzstan,20.2531
1984,Laos,0.1832
1984,Latvia,23.9518
1984,Lebanon,6.7132
1984,Lesotho,
1984,Liberia,0.69543
1984,Libya,28.2762
1984,Liechtenstein,0.13643
1984,Lithuania,37.6005
1984,Luxembourg,9.0078
1984,Macao,0.60456
1984,Madagascar,0.86637
1984,Malawi,0.55618
1984,Malaysia,34.7944
1984,Maldives,0.058624
1984,Mali,0.43482
1984,Malta,1.363
1984,Marshall Islands,
1984,Martinique,
1984,Mauritania,0.87203
1984,Mauritius,0.62654
1984,Mexico,276.491
1984,Micronesia (Federated States of),
1984,Moldova,37.226
1984,Mongolia,6.4247
1984,Montenegro,2.0872
1984,Montserrat,0.021984
1984,Morocco,17.6452
1984,Mozambique,1.5109
1984,Myanmar,6.5485
1984,Namibia,
1984,Nauru,0.12458
1984,Nepal,0.70142
1984,Netherlands,144.0729
1984,New Caledonia,1.2022
1984,New Zealand,19.3366
1984,Nicaragua,1.8456
1984,Niger,0.98681
1984,Nigeria,69.3379
1984,Niue,0.003664
1984,North Korea,134.658
1984,North Macedonia,10.3517
1984,Norway,33.8102
1984,Occupied Palestinian Territory,
1984,Oman,8.0535
1984,Pakistan,42.5573
1984,Palau,
1984,Panama,2.8554
1984,Papua New Guinea,2.0445
1984,Paraguay,1.4886
1984,Peru,20.6325
1984,Philippines,30.7846
1984,Poland,432.4746
1984,Portugal,28.7938
1984,Qatar,12.316
1984,Republic of South Sudan,0.28199
1984,Romania,188.3234
1984,Russian Federation,2178.5631
1984,Rwanda,0.63387
1984,Réunion,
1984,Saint Helena,0.003664
1984,Saint Kitts and Nevis,0.051296
1984,Saint Lucia,0.11358
1984,Saint Pierre and Miquelon,0.03664
1984,Saint Vincent and the Grenadines,0.065952
1984,Samoa,0.069616
1984,Sao Tome and Principe,0.051296
1984,Saudi Arabia,155.4901
1984,Senegal,3.2842
1984,Serbia,54.1656
1984,Seychelles,0.098928
1984,Sierra Leone,0.61555
1984,Singapore,31.9686
1984,Slovakia,59.9737
1984,Slovenia,15.3495
1984,Solomon Islands,0.1429
1984,Somalia,0.71448
1984,South Africa,315.5967
1984,South Korea,160.7005
1984,Spain,197.7075
1984,Sri Lanka,3.8228
1984,Sudan,3.2114
1984,Suriname,1.5526
1984,Swaziland,0.33342
1984,Sweden,57.3081
1984,Switzerland,39.1117
1984,Syria,33.0098
1984,Taiwan,77.6063
1984,Tajikistan,11.8564
1984,Tanzania,2.347
1984,Thailand,45.1546
1984,Timor-Leste,
1984,Togo,0.69458
1984,Tonga,0.047632
1984,Trinidad and Tobago,17.5029
1984,Tunisia,12.1934
1984,Turkey,95.0933
1984,Turkmenistan,30.215
1984,Turks and Caicos Islands,0
1984,Tuvalu,
1984,Uganda,0.58042
1984,Ukraine,689.3144
1984,United Arab Emirates,46.3062
1984,United Kingdom,529.0972
1984,United States of America,4479.3796
1984,Uruguay,3.4419
1984,Uzbekistan,92.1063
1984,Vanuatu,0.05496
1984,Venezuela,93.0576
1984,Vietnam,17.4952
1984,Wallis and Futuna Islands,
1984,Western Sahara,
1984,Yemen,7.1492
1984,Zambia,2.8044
1984,Zimbabwe,9.8796
1985,Afghanistan,3.5014
1985,Albania,7.8815
1985,Algeria,71.9878
1985,Andorra,
1985,Angola,4.6761
1985,Anguilla,
1985,Antigua and Barbuda,0.24915
1985,Argentina,100.5693
1985,Armenia,8.5511
1985,Aruba,0.93653
1985,Australia,224.5574
1985,Austria,54.403
1985,Azerbaijan,51.2483
1985,Bahamas,1.5096
1985,Bahrain,10.1859
1985,Bangladesh,10.1892
1985,Barbados,0.84571
1985,Belarus,107.0897
1985,Belgium,104.0118
1985,Belize,0.19053
1985,Benin,0.68637
1985,Bermuda,0.45067
1985,Bhutan,0.11974
1985,Bolivia,4.1146
1985,"Bonaire, Saint Eustatius and Saba",0.26149
1985,Bosnia and Herzegovina,19.1355
1985,Botswana,1.6578
1985,Brazil,180.0648
1985,British Virgin Islands,0.047632
1985,Brunei Darussalam,2.5941
1985,Bulgaria,89.2213
1985,Burkina Faso,0.47632
1985,Burundi,0.23083
1985,Cambodia,0.4177
1985,Cameroon,6.4706
1985,Canada,421.726
1985,Cape Verde,0.084272
1985,Cayman Islands,
1985,Central African Republic,0.16122
1985,Chad,0.17954
1985,Chile,21.2923
1985,China,1997.1933
1985,Colombia,48.0909
1985,Comoros,0.047632
1985,Congo,1.2752
1985,Cook Islands,0.021984
1985,Costa Rica,2.2405
1985,Croatia,20.7315
1985,Cuba,32.5559
1985,Curaçao,14.0223
1985,Cyprus,3.145
1985,Czech Republic,184.6329
1985,Côte d'Ivoire,6.9836
1985,Democratic Republic of the Congo,3.6119
1985,Denmark,59.9842
1985,Djibouti,0.35907
1985,Dominica,0.047632
1985,Dominican Republic,7.2374
1985,Ecuador,19.3776
1985,Egypt,63.0866
1985,El Salvador,1.9635
1985,Equatorial Guinea,0.065952
1985,Eritrea,
1985,Estonia,38.8415
1985,Ethiopia,1.7987
1985,Faeroe Islands,0.51662
1985,Falkland Islands (Malvinas),
1985,Fiji,0.57299
1985,Finland,49.5491
1985,France,407.8019
1985,French Guiana,
1985,French Polynesia,0.5899
1985,Gabon,6.2985
1985,Gambia,0.17221
1985,Georgia,14.34
1985,Germany,1043.9129
1985,Ghana,3.1437
1985,Gibraltar,
1985,Greece,59.7719
1985,Greenland,0.5093
1985,Grenada,0.062288
1985,Guadeloupe,
1985,Guatemala,3.4947
1985,Guinea,0.99294
1985,Guinea-Bissau,0.17221
1985,Guyana,1.418
1985,Haiti,0.92842
1985,Honduras,1.8857
1985,Hong Kong,22.8814
1985,Hungary,85.9362
1985,Iceland,1.6226
1985,India,397.6011
1985,Indonesia,121.548
1985,Iran,160.4858
1985,Iraq,44.5298
1985,Ireland,26.7461
1985,Israel,24.613
1985,Italy,368.9861
1985,Jamaica,5.0417
1985,Japan,915.2762
1985,Jordan,8.5059
1985,Kazakhstan,253.15
1985,Kenya,3.7527
1985,Kiribati,0.021984
1985,Kosovo,
1985,Kuwait,29.1199
1985,Kyrgyzstan,21.8368
1985,Laos,0.20518
1985,Latvia,25.8191
1985,Lebanon,7.7649
1985,Lesotho,
1985,Liberia,0.71608
1985,Libya,31.0022
1985,Liechtenstein,0.17021
1985,Lithuania,40.5109
1985,Luxembourg,9.2405
1985,Macao,0.7328
1985,Madagascar,1.053
1985,Malawi,0.55631
1985,Malaysia,36.3298
1985,Maldives,0.065952
1985,Mali,0.40538
1985,Malta,1.1981
1985,Marshall Islands,
1985,Martinique,
1985,Mauritania,0.65586
1985,Mauritius,0.70715
1985,Mexico,287.1811
1985,Micronesia (Federated States of),
1985,Moldova,40.1054
1985,Mongolia,8.998
1985,Montenegro,2.1291
1985,Montserrat,0.025648
1985,Morocco,17.6818
1985,Mozambique,1.1349
1985,Myanmar,6.6755
1985,Namibia,
1985,Nauru,0.12458
1985,Nepal,0.67602
1985,Netherlands,146.98
1985,New Caledonia,1.451
1985,New Zealand,21.858
1985,Nicaragua,1.9844
1985,Niger,0.99002
1985,Nigeria,69.5614
1985,Niue,0.003664
1985,North Korea,144.2884
1985,North Macedonia,10.5788
1985,Norway,32.2856
1985,Occupied Palestinian Territory,
1985,Oman,8.6456
1985,Pakistan,46.8135
1985,Palau,
1985,Panama,2.7145
1985,Papua New Guinea,2.1251
1985,Paraguay,1.5472
1985,Peru,19.4546
1985,Philippines,27.8554
1985,Poland,444.5116
1985,Portugal,27.133
1985,Qatar,12.391
1985,Republic of South Sudan,0.32771
1985,Romania,193.4492
1985,Russian Federation,2349.5173
1985,Rwanda,0.61555
1985,Réunion,
1985,Saint Helena,0.003664
1985,Saint Kitts and Nevis,0.051296
1985,Saint Lucia,0.12824
1985,Saint Pierre and Miquelon,0.032976
1985,Saint Vincent and the Grenadines,0.065952
1985,Samoa,0.076944
1985,Sao Tome and Principe,0.05496
1985,Saudi Arabia,172.3937
1985,Senegal,2.6505
1985,Serbia,55.2443
1985,Seychelles,0.15022
1985,Sierra Leone,0.66318
1985,Singapore,32.3971
1985,Slovakia,59.1671
1985,Slovenia,15.6579
1985,Solomon Islands,0.15022
1985,Somalia,0.85738
1985,South Africa,323.865
1985,South Korea,168.7577
1985,Spain,199.9426
1985,Sri Lanka,3.8804
1985,Sudan,3.7317
1985,Suriname,1.5965
1985,Swaziland,0.43968
1985,Sweden,62.364
1985,Switzerland,39.7623
1985,Syria,29.5687
1985,Taiwan,76.4492
1985,Tajikistan,12.7789
1985,Tanzania,2.3379
1985,Thailand,47.8652
1985,Timor-Leste,
1985,Togo,0.65903
1985,Tonga,0.047632
1985,Trinidad and Tobago,20.7217
1985,Tunisia,12.7038
1985,Turkey,105.8778
1985,Turkmenistan,32.5642
1985,Turks and Caicos Islands,0
1985,Tuvalu,
1985,Uganda,0.61691
1985,Ukraine,743.6727
1985,United Arab Emirates,49.8281
1985,United Kingdom,559.6347
1985,United States of America,4495.3786
1985,Uruguay,3.2878
1985,Uzbekistan,99.2819
1985,Vanuatu,0.12091
1985,Venezuela,101.0937
1985,Vietnam,21.0974
1985,Wallis and Futuna Islands,
1985,Western Sahara,
1985,Yemen,8.6317
1985,Zambia,2.7327
1985,Zimbabwe,10.2137
1986,Afghanistan,3.1336
1986,Albania,8.0581
1986,Algeria,75.3818
1986,Andorra,
1986,Angola,4.6338
1986,Anguilla,
1986,Antigua and Barbuda,0.24915
1986,Argentina,104.1987
1986,Armenia,8.1425
1986,Aruba,0.17954
1986,Australia,224.0403
1986,Austria,53.7652
1986,Azerbaijan,53.3719
1986,Bahamas,1.4106
1986,Bahrain,11.003
1986,Bangladesh,11.4058
1986,Barbados,0.91541
1986,Belarus,121.5334
1986,Belgium,102.3741
1986,Belize,0.20518
1986,Benin,0.624
1986,Bermuda,0.42136
1986,Bhutan,0.11242
1986,Bolivia,3.7678
1986,"Bonaire, Saint Eustatius and Saba",0.050128
1986,Bosnia and Herzegovina,19.9831
1986,Botswana,1.5662
1986,Brazil,197.1834
1986,British Virgin Islands,0.05496
1986,Brunei Darussalam,2.2973
1986,Bulgaria,91.1724
1986,Burkina Faso,0.47998
1986,Burundi,0.2345
1986,Cambodia,0.43235
1986,Cameroon,1.9932
1986,Canada,404.7152
1986,Cape Verde,0.058624
1986,Cayman Islands,
1986,Central African Republic,0.16122
1986,Chad,0.18686
1986,Chile,22.0225
1986,China,2103.43
1986,Colombia,48.7679
1986,Comoros,0.043968
1986,Congo,1.0624
1986,Cook Islands,0.021984
1986,Costa Rica,2.575
1986,Croatia,21.657
1986,Cuba,33.5468
1986,Curaçao,2.6881
1986,Cyprus,3.6061
1986,Czech Republic,185.8875
1986,Côte d'Ivoire,5.5766
1986,Democratic Republic of the Congo,3.3457
1986,Denmark,58.8019
1986,Djibouti,0.37739
1986,Dominica,0.047632
1986,Dominican Republic,8.1162
1986,Ecuador,15.2222
1986,Egypt,73.3779
1986,El Salvador,1.9655
1986,Equatorial Guinea,0.080608
1986,Eritrea,
1986,Estonia,38.8391
1986,Ethiopia,2.1952
1986,Faeroe Islands,0.49098
1986,Falkland Islands (Malvinas),
1986,Fiji,0.59809
1986,Finland,53.218
1986,France,392.8717
1986,French Guiana,
1986,French Polynesia,0.60822
1986,Gabon,4.9508
1986,Gambia,0.16122
1986,Georgia,14.1572
1986,Germany,1047.2337
1986,Ghana,2.9349
1986,Gibraltar,
1986,Greece,58.2748
1986,Greenland,0.3261
1986,Grenada,0.065952
1986,Guadeloupe,
1986,Guatemala,3.6616
1986,Guinea,0.99661
1986,Guinea-Bissau,0.1832
1986,Guyana,1.0442
1986,Haiti,0.82908
1986,Honduras,1.825
1986,Hong Kong,25.5259
1986,Hungary,83.1978
1986,Iceland,1.7802
1986,India,426.318
1986,Indonesia,122.1089
1986,Iran,148.3049
1986,Iraq,47.5963
1986,Ireland,28.5503
1986,Israel,26.3483
1986,Italy,363.1876
1986,Jamaica,4.5472
1986,Japan,914.0489
1986,Jordan,9.2474
1986,Kazakhstan,258.1336
1986,Kenya,4.1361
1986,Kiribati,0.01832
1986,Kosovo,
1986,Kuwait,35.2769
1986,Kyrgyzstan,21.8238
1986,Laos,0.20885
1986,Latvia,23.6088
1986,Lebanon,7.4784
1986,Lesotho,
1986,Liberia,0.72288
1986,Libya,33.8955
1986,Liechtenstein,0.19512
1986,Lithuania,36.0626
1986,Luxembourg,9.1148
1986,Macao,0.8757
1986,Madagascar,1.1371
1986,Malawi,0.55246
1986,Malaysia,40.1019
1986,Maldives,0.080608
1986,Mali,0.37961
1986,Malta,1.4839
1986,Marshall Islands,
1986,Martinique,
1986,Mauritania,0.37373
1986,Mauritius,0.79875
1986,Mexico,293.2194
1986,Micronesia (Federated States of),
1986,Moldova,39.1123
1986,Mongolia,9.5951
1986,Montenegro,2.2235
1986,Montserrat,0.029312
1986,Morocco,18.6839
1986,Mozambique,0.97714
1986,Myanmar,6.7563
1986,Namibia,
1986,Nauru,0.16122
1986,Nepal,0.69701
1986,Netherlands,144.0144
1986,New Caledonia,1.4008
1986,New Zealand,22.946
1986,Nicaragua,2.2551
1986,Niger,0.89438
1986,Nigeria,73.1074
1986,Niue,0.003664
1986,North Korea,156.8353
1986,North Macedonia,11.0637
1986,Norway,34.7853
1986,Occupied Palestinian Territory,
1986,Oman,9.857
1986,Pakistan,49.0586
1986,Palau,
1986,Panama,2.7204
1986,Papua New Guinea,2.0628
1986,Paraguay,1.6521
1986,Peru,21.7751
1986,Philippines,28.9694
1986,Poland,451.856
1986,Portugal,30.2211
1986,Qatar,13.2812
1986,Republic of South Sudan,0.34187
1986,Romania,201.0733
1986,Russian Federation,2349.9043
1986,Rwanda,0.59723
1986,Réunion,
1986,Saint Helena,0.003664
1986,Saint Kitts and Nevis,0.058624
1986,Saint Lucia,0.1319
1986,Saint Pierre and Miquelon,0.047632
1986,Saint Vincent and the Grenadines,0.065952
1986,Samoa,0.080608
1986,Sao Tome and Principe,0.051296
1986,Saudi Arabia,204.5705
1986,Senegal,2.6364
1986,Serbia,57.6801
1986,Seychelles,0.16488
1986,Sierra Leone,0.67418
1986,Singapore,34.1008
1986,Slovakia,59.584
1986,Slovenia,16.3519
1986,Solomon Islands,0.15389
1986,Somalia,0.92333
1986,South Africa,330.5008
1986,South Korea,176.2972
1986,Spain,189.1237
1986,Sri Lanka,3.6228
1986,Sudan,3.8952
1986,Suriname,1.7576
1986,Swaziland,0.458
1986,Sweden,62.0098
1986,Switzerland,42.2261
1986,Syria,31.266
1986,Taiwan,86.162
1986,Tajikistan,12.3499
1986,Tanzania,2.2776
1986,Thailand,48.9698
1986,Timor-Leste,
1986,Togo,0.84792
1986,Tonga,0.047632
1986,Trinidad and Tobago,17.3534
1986,Tunisia,12.8612
1986,Turkey,115.8723
1986,Turkmenistan,35.8208
1986,Turks and Caicos Islands,0
1986,Tuvalu,
1986,Uganda,0.70186
1986,Ukraine,740.756
1986,United Arab Emirates,47.156
1986,United Kingdom,568.5687
1986,United States of America,4498.1356
1986,Uruguay,3.1697
1986,Uzbekistan,95.2379
1986,Vanuatu,0.058624
1986,Venezuela,109.3202
1986,Vietnam,20.5847
1986,Wallis and Futuna Islands,
1986,Western Sahara,
1986,Yemen,8.2454
1986,Zambia,2.8656
1986,Zimbabwe,13.068
1987,Afghanistan,3.1138
1987,Albania,7.4473
1987,Algeria,83.0197
1987,Andorra,
1987,Angola,5.786
1987,Anguilla,
1987,Antigua and Barbuda,0.2748
1987,Argentina,114.9359
1987,Armenia,8.1695
1987,Aruba,0.44701
1987,Australia,234.5983
1987,Austria,57.4069
1987,Azerbaijan,50.5864
1987,Bahamas,1.4216
1987,Bahrain,11.4207
1987,Bangladesh,11.7997
1987,Barbados,0.94105
1987,Belarus,111.8619
1987,Belgium,102.5924
1987,Belize,0.22717
1987,Benin,0.4737
1987,Bermuda,0.57158
1987,Bhutan,0.16006
1987,Bolivia,4.0179
1987,"Bonaire, Saint Eustatius and Saba",0.044565
1987,Bosnia and Herzegovina,19.5084
1987,Botswana,1.8384
1987,Brazil,205.9118
1987,British Virgin Islands,0.062288
1987,Brunei Darussalam,3.3159
1987,Bulgaria,91.2767
1987,Burkina Faso,0.51662
1987,Burundi,0.24915
1987,Cambodia,0.43602
1987,Cameroon,1.843
1987,Canada,430.9821
1987,Cape Verde,0.080608
1987,Cayman Islands,
1987,Central African Republic,0.26014
1987,Chad,0.19786
1987,Chile,22.4102
1987,China,2256.6294
1987,Colombia,50.1383
1987,Comoros,0.047632
1987,Congo,1.3201
1987,Cook Islands,0.021984
1987,Costa Rica,2.721
1987,Croatia,21.1392
1987,Cuba,33.9333
1987,Curaçao,2.3898
1987,Cyprus,4.185
1987,Czech Republic,183.6773
1987,Côte d'Ivoire,7.35
1987,Democratic Republic of the Congo,3.8159
1987,Denmark,58.2459
1987,Djibouti,0.38838
1987,Dominica,0.047632
1987,Dominican Republic,9.6819
1987,Ecuador,15.055
1987,Egypt,73.3773
1987,El Salvador,2.4115
1987,Equatorial Guinea,0.098928
1987,Eritrea,
1987,Estonia,37.9078
1987,Ethiopia,2.5544
1987,Faeroe Islands,0.4983
1987,Falkland Islands (Malvinas),
1987,Fiji,0.472
1987,Finland,57.5334
1987,France,390.1346
1987,French Guiana,
1987,French Polynesia,0.61189
1987,Gabon,4.0095
1987,Gambia,0.17954
1987,Georgia,14.5158
1987,Germany,1032.267
1987,Ghana,3.1474
1987,Gibraltar,
1987,Greece,62.5763
1987,Greenland,0.2345
1987,Grenada,0.07328
1987,Guadeloupe,
1987,Guatemala,3.9118
1987,Guinea,0.99294
1987,Guinea-Bissau,0.19419
1987,Guyana,1.308
1987,Haiti,0.89755
1987,Honduras,2.1442
1987,Hong Kong,28.0856
1987,Hungary,84.1149
1987,Iceland,1.8451
1987,India,455.3547
1987,Indonesia,123.8127
1987,Iran,159.3401
1987,Iraq,52.6836
1987,Ireland,30.2263
1987,Israel,27.0689
1987,Italy,380.0988
1987,Jamaica,5.379
1987,Japan,902.2074
1987,Jordan,9.6195
1987,Kazakhstan,256.6849
1987,Kenya,5.1461
1987,Kiribati,0.021984
1987,Kosovo,
1987,Kuwait,31.4287
1987,Kyrgyzstan,21.2176
1987,Laos,0.21251
1987,Latvia,19.2941
1987,Lebanon,7.6704
1987,Lesotho,
1987,Liberia,0.75846
1987,Libya,32.3483
1987,Liechtenstein,0.1351
1987,Lithuania,36.0714
1987,Luxembourg,8.8124
1987,Macao,0.97096
1987,Madagascar,1.2824
1987,Malawi,0.5451
1987,Malaysia,40.8777
1987,Maldives,0.080608
1987,Mali,0.3575
1987,Malta,1.854
1987,Marshall Islands,
1987,Martinique,
1987,Mauritania,3.2426
1987,Mauritius,0.93066
1987,Mexico,305.7901
1987,Micronesia (Federated States of),
1987,Moldova,37.4978
1987,Mongolia,10.4825
1987,Montenegro,2.1708
1987,Montserrat,0.029312
1987,Morocco,19.9049
1987,Mozambique,0.97675
1987,Myanmar,4.9434
1987,Namibia,
1987,Nauru,0.15755
1987,Nepal,0.86068
1987,Netherlands,151.484
1987,New Caledonia,1.4545
1987,New Zealand,24.1653
1987,Nicaragua,2.4305
1987,Niger,0.99285
1987,Nigeria,58.9423
1987,Niue,0.003664
1987,North Korea,175.626
1987,North Macedonia,10.7929
1987,Norway,33.207
1987,Occupied Palestinian Territory,
1987,Oman,9.4438
1987,Pakistan,52.9887
1987,Palau,
1987,Panama,3.1641
1987,Papua New Guinea,2.334
1987,Paraguay,1.8726
1987,Peru,25.6937
1987,Philippines,32.4391
1987,Poland,463.7363
1987,Portugal,31.1983
1987,Qatar,11.4856
1987,Republic of South Sudan,0.26961
1987,Romania,211.0243
1987,Russian Federation,2358.7951
1987,Rwanda,0.61142
1987,Réunion,
1987,Saint Helena,0.003664
1987,Saint Kitts and Nevis,0.05496
1987,Saint Lucia,0.14656
1987,Saint Pierre and Miquelon,0.051296
1987,Saint Vincent and the Grenadines,0.076944
1987,Samoa,0.076944
1987,Sao Tome and Principe,0.051296
1987,Saudi Arabia,190.4143
1987,Senegal,2.4246
1987,Serbia,56.2976
1987,Seychelles,0.20152
1987,Sierra Leone,0.4983
1987,Singapore,31.8108
1987,Slovakia,58.886
1987,Slovenia,15.9352
1987,Solomon Islands,0.16122
1987,Somalia,0.99294
1987,South Africa,328.672
1987,South Korea,185.3584
1987,Spain,189.5154
1987,Sri Lanka,3.9882
1987,Sudan,3.0705
1987,Suriname,1.7576
1987,Swaziland,0.43602
1987,Sweden,59.6947
1987,Switzerland,40.1821
1987,Syria,36.1366
1987,Taiwan,90.5195
1987,Tajikistan,12.0177
1987,Tanzania,2.3675
1987,Thailand,53.8144
1987,Timor-Leste,
1987,Togo,0.92498
1987,Tonga,0.05496
1987,Trinidad and Tobago,17.4875
1987,Tunisia,12.7173
1987,Turkey,128.7475
1987,Turkmenistan,36.3891
1987,Turks and Caicos Islands,0
1987,Tuvalu,
1987,Uganda,0.77224
1987,Ukraine,734.1185
1987,United Arab Emirates,47.6058
1987,United Kingdom,571.6493
1987,United States of America,4691.9303
1987,Uruguay,3.5487
1987,Uzbekistan,97.6852
1987,Vanuatu,0.047632
1987,Venezuela,110.7544
1987,Vietnam,23.2969
1987,Wallis and Futuna Islands,
1987,Western Sahara,
1987,Yemen,8.6646
1987,Zambia,2.6738
1987,Zimbabwe,15.1701
1988,Afghanistan,2.8569
1988,Albania,7.3292
1988,Algeria,82.8386
1988,Andorra,
1988,Angola,5.0493
1988,Anguilla,
1988,Antigua and Barbuda,0.28579
1988,Argentina,121.4644
1988,Armenia,9.2986
1988,Aruba,0.61189
1988,Australia,240.737
1988,Austria,52.9629
1988,Azerbaijan,51.5963
1988,Bahamas,1.5389
1988,Bahrain,12.0765
1988,Bangladesh,13.4784
1988,Barbados,0.94479
1988,Belarus,114.8926
1988,Belgium,99.7501
1988,Belize,0.24915
1988,Benin,0.50805
1988,Bermuda,0.64486
1988,Bhutan,0.16739
1988,Bolivia,4.2943
1988,"Bonaire, Saint Eustatius and Saba",0.0439
1988,Bosnia and Herzegovina,20.1296
1988,Botswana,2.0007
1988,Brazil,207.6403
1988,British Virgin Islands,0.065952
1988,Brunei Darussalam,5.7122
1988,Bulgaria,86.917
1988,Burkina Faso,0.55326
1988,Burundi,0.22717
1988,Cambodia,0.45067
1988,Cameroon,2.154
1988,Canada,455.6728
1988,Cape Verde,0.07328
1988,Cayman Islands,
1988,Central African Republic,0.23083
1988,Chad,0.065952
1988,Chile,26.6
1988,China,2424.4441
1988,Colombia,52.1519
1988,Comoros,0.051296
1988,Congo,1.4929
1988,Cook Islands,0.021984
1988,Costa Rica,2.9029
1988,Croatia,21.8205
1988,Cuba,35.6164
1988,Curaçao,2.3541
1988,Cyprus,4.1976
1988,Czech Republic,180.6643
1988,Côte d'Ivoire,8.8046
1988,Democratic Republic of the Congo,3.978
1988,Denmark,55.014
1988,Djibouti,0.34808
1988,Dominica,0.05496
1988,Dominican Republic,9.7317
1988,Ecuador,17.2049
1988,Egypt,72.847
1988,El Salvador,2.4297
1988,Equatorial Guinea,0.10626
1988,Eritrea,
1988,Estonia,38.014
1988,Ethiopia,2.6401
1988,Faeroe Islands,0.52762
1988,Falkland Islands (Malvinas),
1988,Fiji,0.54977
1988,Finland,52.0581
1988,France,387.6012
1988,French Guiana,
1988,French Polynesia,0.57525
1988,Gabon,4.3207
1988,Gambia,0.1832
1988,Georgia,15.133
1988,Germany,1028.7017
1988,Ghana,3.2097
1988,Gibraltar,
1988,Greece,67.0519
1988,Greenland,0.54594
1988,Grenada,0.095264
1988,Guadeloupe,
1988,Guatemala,4.071
1988,Guinea,1.0259
1988,Guinea-Bissau,0.21618
1988,Guyana,1.4033
1988,Haiti,1.0063
1988,Honduras,2.465
1988,Hong Kong,29.2848
1988,Hungary,78.0307
1988,Iceland,1.8411
1988,India,491.7001
1988,Indonesia,132.6492
1988,Iran,175.9583
1988,Iraq,67.6985
1988,Ireland,29.8836
1988,Israel,29.7026
1988,Italy,385.9623
1988,Jamaica,4.5255
1988,Japan,984.6985
1988,Jordan,9.2764
1988,Kazakhstan,273.7329
1988,Kenya,4.7618
1988,Kiribati,0.021984
1988,Kosovo,
1988,Kuwait,32.8734
1988,Kyrgyzstan,21.3517
1988,Laos,0.21251
1988,Latvia,18.8654
1988,Lebanon,7.3457
1988,Lesotho,
1988,Liberia,0.80918
1988,Libya,36.1604
1988,Liechtenstein,0.179
1988,Lithuania,36.4674
1988,Luxembourg,9.1033
1988,Macao,0.96363
1988,Madagascar,1.2858
1988,Malawi,0.54149
1988,Malaysia,42.8692
1988,Maldives,0.095264
1988,Mali,0.38303
1988,Malta,2.0115
1988,Marshall Islands,
1988,Martinique,
1988,Mauritania,3.184
1988,Mauritius,0.85371
1988,Mexico,305.4183
1988,Micronesia (Federated States of),
1988,Moldova,39.0373
1988,Mongolia,11.4929
1988,Montenegro,2.24
1988,Montserrat,0.029312
1988,Morocco,20.9308
1988,Mozambique,1.0062
1988,Myanmar,4.0867
1988,Namibia,
1988,Nauru,0.15755
1988,Nepal,0.97597
1988,Netherlands,145.6028
1988,New Caledonia,1.5012
1988,New Zealand,25.4457
1988,Nicaragua,2.2395
1988,Niger,0.983
1988,Nigeria,70.3471
1988,Niue,0.003664
1988,North Korea,199.2341
1988,North Macedonia,11.1578
1988,Norway,35.5917
1988,Occupied Palestinian Territory,
1988,Oman,10.5637
1988,Pakistan,57.6074
1988,Palau,
1988,Panama,2.9047
1988,Papua New Guinea,2.1984
1988,Paraguay,2.1385
1988,Peru,25.0181
1988,Philippines,37.4091
1988,Poland,444.2409
1988,Portugal,32.5676
1988,Qatar,11.914
1988,Republic of South Sudan,0.38995
1988,Romania,211.5678
1988,Russian Federation,2437.8008
1988,Rwanda,0.69231
1988,Réunion,
1988,Saint Helena,0.007328
1988,Saint Kitts and Nevis,0.065952
1988,Saint Lucia,0.16488
1988,Saint Pierre and Miquelon,0.065952
1988,Saint Vincent and the Grenadines,0.065952
1988,Samoa,0.084272
1988,Sao Tome and Principe,0.047632
1988,Saudi Arabia,202.208
1988,Senegal,2.7108
1988,Serbia,58.0816
1988,Seychelles,0.19786
1988,Sierra Leone,0.458
1988,Singapore,35.2807
1988,Slovakia,57.9195
1988,Slovenia,16.5146
1988,Solomon Islands,0.15389
1988,Somalia,1.0037
1988,South Africa,342.662
1988,South Korea,210.9535
1988,Spain,197.4616
1988,Sri Lanka,3.43
1988,Sudan,4.4432
1988,Suriname,1.8747
1988,Swaziland,0.43602
1988,Sweden,57.4251
1988,Switzerland,40.6398
1988,Syria,36.8599
1988,Taiwan,106.3797
1988,Tajikistan,12.9684
1988,Tanzania,2.2717
1988,Thailand,60.7315
1988,Timor-Leste,
1988,Togo,0.96345
1988,Tonga,0.069616
1988,Trinidad and Tobago,15.8312
1988,Tunisia,13.4364
1988,Turkey,125.0648
1988,Turkmenistan,37.2
1988,Turks and Caicos Islands,0
1988,Tuvalu,
1988,Uganda,0.86287
1988,Ukraine,727.5283
1988,United Arab Emirates,48.274
1988,United Kingdom,570.2791
1988,United States of America,4897.7758
1988,Uruguay,4.7931
1988,Uzbekistan,101.1072
1988,Vanuatu,0.065952
1988,Venezuela,115.8542
1988,Vietnam,23.0725
1988,Wallis and Futuna Islands,
1988,Western Sahara,
1988,Yemen,9.5854
1988,Zambia,3.109
1988,Zimbabwe,16.0295
1989,Afghanistan,2.7649
1989,Albania,8.9862
1989,Algeria,78.9421
1989,Andorra,
1989,Angola,4.9227
1989,Anguilla,
1989,Antigua and Barbuda,0.28579
1989,Argentina,117.067
1989,Armenia,9.4183
1989,Aruba,0.64853
1989,Australia,256.8381
1989,Austria,53.7181
1989,Azerbaijan,51.5869
1989,Bahamas,1.9456
1989,Bahrain,11.6515
1989,Bangladesh,13.3824
1989,Barbados,0.98869
1989,Belarus,109.1996
1989,Belgium,106.7922
1989,Belize,0.30045
1989,Benin,0.57016
1989,Bermuda,0.78043
1989,Bhutan,0.11977
1989,Bolivia,4.9775
1989,"Bonaire, Saint Eustatius and Saba",0.083567
1989,Bosnia and Herzegovina,20.0677
1989,Botswana,2.229
1989,Brazil,212.016
1989,British Virgin Islands,0.065952
1989,Brunei Darussalam,6.3424
1989,Bulgaria,86.4672
1989,Burkina Faso,0.82074
1989,Burundi,0.26747
1989,Cambodia,0.45067
1989,Cameroon,7.5777
1989,Canada,462.8888
1989,Cape Verde,0.080608
1989,Cayman Islands,
1989,Central African Republic,0.24915
1989,Chad,0.10259
1989,Chile,32.0179
1989,China,2462.15
1989,Colombia,53.1001
1989,Comoros,0.051296
1989,Congo,1.4956
1989,Cook Islands,0.021984
1989,Costa Rica,2.9298
1989,Croatia,21.7521
1989,Cuba,35.7191
1989,Curaçao,4.4813
1989,Cyprus,4.4297
1989,Czech Republic,172.3671
1989,Côte d'Ivoire,8.266
1989,Democratic Republic of the Congo,4.352
1989,Denmark,48.6852
1989,Djibouti,0.38838
1989,Dominica,0.058624
1989,Dominican Republic,10.2486
1989,Ecuador,20.1938
1989,Egypt,69.9397
1989,El Salvador,2.5436
1989,Equatorial Guinea,0.11725
1989,Eritrea,
1989,Estonia,38.9447
1989,Ethiopia,2.7941
1989,Faeroe Islands,0.57891
1989,Falkland Islands (Malvinas),
1989,Fiji,0.6252
1989,Finland,52.4515
1989,France,401.4692
1989,French Guiana,
1989,French Polynesia,0.54227
1989,Gabon,5.7575
1989,Gambia,0.17954
1989,Georgia,15.0433
1989,Germany,1008.5652
1989,Ghana,3.0594
1989,Gibraltar,
1989,Greece,73.2274
1989,Greenland,0.47266
1989,Grenada,0.098928
1989,Guadeloupe,
1989,Guatemala,4.1831
1989,Guinea,1.0442
1989,Guinea-Bissau,0.23083
1989,Guyana,1.1835
1989,Haiti,1.0218
1989,Honduras,2.6803
1989,Hong Kong,30.1412
1989,Hungary,75.9094
1989,Iceland,1.8965
1989,India,540.6619
1989,Indonesia,131.5861
1989,Iran,191.1145
1989,Iraq,72.9737
1989,Ireland,30.0611
1989,Israel,31.3943
1989,Italy,404.7419
1989,Jamaica,6.7241
1989,Japan,1021.2978
1989,Jordan,9.1924
1989,Kazakhstan,264.6061
1989,Kenya,5.1644
1989,Kiribati,0.021984
1989,Kosovo,
1989,Kuwait,35.8365
1989,Kyrgyzstan,20.7297
1989,Laos,0.23083
1989,Latvia,17.9431
1989,Lebanon,7.7208
1989,Lesotho,
1989,Liberia,0.65959
1989,Libya,37.0685
1989,Liechtenstein,0.18713
1989,Lithuania,36.8167
1989,Luxembourg,9.8499
1989,Macao,1.0296
1989,Madagascar,0.9258
1989,Malawi,0.56335
1989,Malaysia,50.0839
1989,Maldives,0.12458
1989,Mali,0.41588
1989,Malta,2.1691
1989,Marshall Islands,
1989,Martinique,
1989,Mauritania,2.803
1989,Mauritius,1.0516
1989,Mexico,323.216
1989,Micronesia (Federated States of),
1989,Moldova,38.1412
1989,Mongolia,10.459
1989,Montenegro,2.2331
1989,Montserrat,0.029312
1989,Morocco,22.6607
1989,Mozambique,1.0345
1989,Myanmar,4.4253
1989,Namibia,
1989,Nauru,0.15755
1989,Nepal,0.89356
1989,Netherlands,161.6642
1989,New Caledonia,1.6394
1989,New Zealand,25.4532
1989,Nicaragua,1.4675
1989,Niger,1.034
1989,Nigeria,42.0464
1989,Niue,0.003664
1989,North Korea,209.2525
1989,North Macedonia,11.1302
1989,Norway,34.1479
1989,Occupied Palestinian Territory,
1989,Oman,10.0411
1989,Pakistan,60.3166
1989,Palau,
1989,Panama,2.5024
1989,Papua New Guinea,2.0335
1989,Paraguay,2.2179
1989,Peru,21.7621
1989,Philippines,38.8345
1989,Poland,422.2438
1989,Portugal,40.8222
1989,Qatar,14.31
1989,Republic of South Sudan,0.30235
1989,Romania,212.9695
1989,Russian Federation,2405.6967
1989,Rwanda,0.68425
1989,Réunion,
1989,Saint Helena,0.007328
1989,Saint Kitts and Nevis,0.065952
1989,Saint Lucia,0.16488
1989,Saint Pierre and Miquelon,0.10259
1989,Saint Vincent and the Grenadines,0.076944
1989,Samoa,0.084272
1989,Sao Tome and Principe,0.047632
1989,Saudi Arabia,203.3754
1989,Senegal,3.6619
1989,Serbia,57.8966
1989,Seychelles,0.2345
1989,Sierra Leone,0.37373
1989,Singapore,41.0038
1989,Slovakia,55.2719
1989,Slovenia,16.4344
1989,Solomon Islands,0.16122
1989,Somalia,0.95207
1989,South Africa,340.7147
1989,South Korea,223.5104
1989,Spain,224.893
1989,Sri Lanka,3.4195
1989,Sudan,3.4412
1989,Suriname,1.8527
1989,Swaziland,0.43602
1989,Sweden,55.5209
1989,Switzerland,39.3885
1989,Syria,34.4758
1989,Taiwan,115.0099
1989,Tajikistan,12.8561
1989,Tanzania,2.1616
1989,Thailand,71.6959
1989,Timor-Leste,
1989,Togo,1.0242
1989,Tonga,0.069616
1989,Trinidad and Tobago,16.1028
1989,Tunisia,14.2727
1989,Turkey,137.9328
1989,Turkmenistan,37.6487
1989,Turks and Caicos Islands,0
1989,Tuvalu,
1989,Uganda,0.80415
1989,Ukraine,683.8561
1989,United Arab Emirates,54.3843
1989,United Kingdom,581.5614
1989,United States of America,4960.2376
1989,Uruguay,4.8626
1989,Uzbekistan,104.1268
1989,Vanuatu,0.062288
1989,Venezuela,108.6513
1989,Vietnam,17.3979
1989,Wallis and Futuna Islands,
1989,Western Sahara,
1989,Yemen,9.9759
1989,Zambia,2.57
1989,Zimbabwe,16.1137
1990,Afghanistan,2.0243
1990,Albania,5.5206
1990,Algeria,75.8921
1990,Andorra,0.40304
1990,Angola,5.0899
1990,Anguilla,0.043968
1990,Antigua and Barbuda,0.24182
1990,Argentina,112.1883
1990,Armenia,9.0032
1990,Aruba,0.48731
1990,Australia,278.061
1990,Austria,62.1914
1990,Azerbaijan,51.3447
1990,Bahamas,2.0225
1990,Bahrain,11.494
1990,Bangladesh,14.0816
1990,Barbados,1.0371
1990,Belarus,108.4589
1990,Belgium,120.3354
1990,Belize,0.31144
1990,Benin,0.57935
1990,Bermuda,0.50197
1990,Bhutan,0.18573
1990,Bolivia,10.0175
1990,"Bonaire, Saint Eustatius and Saba",0.089493
1990,Bosnia and Herzegovina,19.8721
1990,Botswana,2.7004
1990,Brazil,218.6577
1990,British Virgin Islands,0.065952
1990,Brunei Darussalam,5.0087
1990,Bulgaria,76.6379
1990,Burkina Faso,0.59357
1990,Burundi,0.20885
1990,Cambodia,1.2604
1990,Cameroon,2.6048
1990,Canada,458.0178
1990,Cape Verde,0.17954
1990,Cayman Islands,
1990,Central African Republic,0.1832
1990,Chad,0.37739
1990,Chile,32.9082
1990,China,2483.5345
1990,Colombia,56.8569
1990,Comoros,0.062288
1990,Congo,1.0079
1990,Cook Islands,0.040304
1990,Costa Rica,2.9092
1990,Croatia,22.8852
1990,Cuba,29.6378
1990,Curaçao,4.7991
1990,Cyprus,4.6478
1990,Czech Republic,164.2523
1990,Côte d'Ivoire,4.7815
1990,Democratic Republic of the Congo,4.249
1990,Denmark,53.477
1990,Djibouti,0.29678
1990,Dominica,0.058624
1990,Dominican Republic,8.9294
1990,Ecuador,16.5007
1990,Egypt,72.8837
1990,El Salvador,2.4711
1990,Equatorial Guinea,0.062288
1990,Eritrea,
1990,Estonia,36.9062
1990,Ethiopia,2.9865
1990,Faeroe Islands,0.70349
1990,Falkland Islands (Malvinas),
1990,Fiji,0.80122
1990,Finland,56.921
1990,France,394.9043
1990,French Guiana,
1990,French Polynesia,0.52395
1990,Gabon,4.4847
1990,Gambia,0.19786
1990,Georgia,14.8503
1990,Germany,1054.7959
1990,Ghana,3.5138
1990,Gibraltar,
1990,Greece,83.4368
1990,Greenland,0.6242
1990,Grenada,0.10626
1990,Guadeloupe,
1990,Guatemala,4.6577
1990,Guinea,0.9673
1990,Guinea-Bissau,0.095264
1990,Guyana,1.1285
1990,Haiti,0.99375
1990,Honduras,2.5047
1990,Hong Kong,27.1477
1990,Hungary,73.4273
1990,Iceland,2.222
1990,India,577.9866
1990,Indonesia,154.9907
1990,Iran,211.0746
1990,Iraq,49.6833
1990,Ireland,32.9453
1990,Israel,35.8244
1990,Italy,438.208
1990,Jamaica,7.5272
1990,Japan,1154.8533
1990,Jordan,10.5904
1990,Kazakhstan,267.4054
1990,Kenya,5.7888
1990,Kiribati,0.021984
1990,Kosovo,
1990,Kuwait,37.8634
1990,Kyrgyzstan,19.204
1990,Laos,0.51296
1990,Latvia,19.6616
1990,Lebanon,7.8682
1990,Lesotho,1.4729
1990,Liberia,0.45613
1990,Libya,36.5138
1990,Liechtenstein,0.19897
1990,Lithuania,35.7377
1990,Luxembourg,11.8092
1990,Macao,0.90134
1990,Madagascar,0.9443
1990,Malawi,0.73691
1990,Malaysia,54.2694
1990,Maldives,0.16854
1990,Mali,0.42224
1990,Malta,2.4274
1990,Marshall Islands,
1990,Martinique,
1990,Mauritania,0.85352
1990,Mauritius,1.4619
1990,Mexico,316.7458
1990,Micronesia (Federated States of),
1990,Moldova,36.5055
1990,Mongolia,9.7911
1990,Montenegro,2.2091
1990,Montserrat,0.029312
1990,Morocco,22.298
1990,Mozambique,1.0254
1990,Myanmar,4.2357
1990,Namibia,
1990,Nauru,0.12458
1990,Nepal,0.72144
1990,Netherlands,163.0327
1990,New Caledonia,1.5764
1990,New Zealand,25.4901
1990,Nicaragua,2.0426
1990,Niger,0.5988
1990,Nigeria,38.7856
1990,Niue,0.007328
1990,North Korea,118.3826
1990,North Macedonia,11.0982
1990,Norway,35.009
1990,Occupied Palestinian Territory,0.86104
1990,Oman,11.2851
1990,Pakistan,67.8274
1990,Palau,
1990,Panama,2.6177
1990,Papua New Guinea,2.1544
1990,Paraguay,2.1298
1990,Peru,21.4008
1990,Philippines,40.774
1990,Poland,376.3415
1990,Portugal,45.3107
1990,Qatar,11.4279
1990,Republic of South Sudan,0.41945
1990,Romania,176.5351
1990,Russian Federation,2536.2837
1990,Rwanda,0.52386
1990,Réunion,
1990,Saint Helena,0.007328
1990,Saint Kitts and Nevis,0.10626
1990,Saint Lucia,0.17954
1990,Saint Pierre and Miquelon,0.0916
1990,Saint Vincent and the Grenadines,0.080608
1990,Samoa,0.0916
1990,Sao Tome and Principe,0.047632
1990,Saudi Arabia,181.9711
1990,Senegal,2.93
1990,Serbia,57.5379
1990,Seychelles,0.15022
1990,Sierra Leone,0.4983
1990,Singapore,43.5356
1990,Slovakia,61.5285
1990,Slovenia,15.0973
1990,Solomon Islands,0.14656
1990,Somalia,0.7822
1990,South Africa,312.9339
1990,South Korea,250.5108
1990,Spain,229.3826
1990,Sri Lanka,3.8023
1990,Sudan,4.7834
1990,Suriname,1.7383
1990,Swaziland,0.95997
1990,Sweden,57.4165
1990,Switzerland,44.1487
1990,Syria,37.2645
1990,Taiwan,124.258
1990,Tajikistan,12.3066
1990,Tanzania,2.1123
1990,Thailand,86.5633
1990,Timor-Leste,
1990,Togo,0.97764
1990,Tonga,0.080608
1990,Trinidad and Tobago,16.9784
1990,Tunisia,14.622
1990,Turkey,154.5721
1990,Turkmenistan,33.3612
1990,Turks and Caicos Islands,0.058624
1990,Tuvalu,0.003664
1990,Uganda,0.76085
1990,Ukraine,706.5257
1990,United Arab Emirates,51.9079
1990,United Kingdom,601.9451
1990,United States of America,5131.7609
1990,Uruguay,3.9768
1990,Uzbekistan,103.1235
1990,Vanuatu,0.065952
1990,Venezuela,120.8639
1990,Vietnam,21.2986
1990,Wallis and Futuna Islands,0.01832
1990,Western Sahara,
1990,Yemen,9.572
1990,Zambia,2.4071
1990,Zimbabwe,15.537
1991,Afghanistan,1.9143
1991,Albania,4.2902
1991,Algeria,77.9759
1991,Andorra,0.40304
1991,Angola,5.0641
1991,Anguilla,0.043968
1991,Antigua and Barbuda,0.24915
1991,Argentina,117.7269
1991,Armenia,7.383
1991,Aruba,0.53128
1991,Australia,279.4374
1991,Austria,65.7901
1991,Azerbaijan,50.074
1991,Bahamas,1.9969
1991,Bahrain,11.3291
1991,Bangladesh,14.753
1991,Barbados,1.1837
1991,Belarus,104.186
1991,Belgium,123.3962
1991,Belize,0.4067
1991,Benin,0.61965
1991,Bermuda,0.53861
1991,Bhutan,0.18574
1991,Bolivia,10.5058
1991,"Bonaire, Saint Eustatius and Saba",0.071413
1991,Bosnia and Herzegovina,14.06
1991,Botswana,2.6344
1991,Brazil,229.3936
1991,British Virgin Islands,0.07328
1991,Brunei Darussalam,6.826
1991,Bulgaria,61.5207
1991,Burkina Faso,0.63754
1991,Burundi,0.23816
1991,Cambodia,1.3044
1991,Cameroon,2.6684
1991,Canada,449.7765
1991,Cape Verde,0.16488
1991,Cayman Islands,
1991,Central African Republic,0.19053
1991,Chad,0.38838
1991,Chile,30.8918
1991,China,2619.1433
1991,Colombia,56.609
1991,Comoros,0.065952
1991,Congo,1.0828
1991,Cook Islands,0.040304
1991,Costa Rica,3.2825
1991,Croatia,16.9994
1991,Cuba,26.9612
1991,Curaçao,3.8295
1991,Cyprus,5.1361
1991,Czech Republic,148.8862
1991,Côte d'Ivoire,4.3089
1991,Democratic Republic of the Congo,3.1326
1991,Denmark,64.1046
1991,Djibouti,0.30045
1991,Dominica,0.058624
1991,Dominican Republic,9.5287
1991,Ecuador,16.1985
1991,Egypt,74.4468
1991,El Salvador,3.1494
1991,Equatorial Guinea,0.065952
1991,Eritrea,
1991,Estonia,34.1354
1991,Ethiopia,2.9585
1991,Faeroe Islands,0.65952
1991,Falkland Islands (Malvinas),
1991,Fiji,0.65503
1991,Finland,55.195
1991,France,419.1187
1991,French Guiana,
1991,French Polynesia,0.52762
1991,Gabon,4.5217
1991,Gambia,0.19786
1991,Georgia,14.6015
1991,Germany,1016.9295
1991,Ghana,3.9019
1991,Gibraltar,
1991,Greece,83.4062
1991,Greenland,0.6094
1991,Grenada,0.10992
1991,Guadeloupe,
1991,Guatemala,4.7565
1991,Guinea,0.98928
1991,Guinea-Bissau,0.095264
1991,Guyana,1.1065
1991,Haiti,0.97419
1991,Honduras,2.527
1991,Hong Kong,28.4631
1991,Hungary,69.8249
1991,Iceland,2.1031
1991,India,615.3882
1991,Indonesia,174.7542
1991,Iran,223.042
1991,Iraq,45.5053
1991,Ireland,33.6752
1991,Israel,36.1485
1991,Italy,437.7418
1991,Jamaica,7.751
1991,Japan,1166.5525
1991,Jordan,9.9911
1991,Kazakhstan,260.4205
1991,Kenya,4.8048
1991,Kiribati,0.021984
1991,Kosovo,
1991,Kuwait,15.0546
1991,Kyrgyzstan,15.8975
1991,Laos,0.54594
1991,Latvia,17.9196
1991,Lebanon,8.1152
1991,Lesotho,1.5279
1991,Liberia,0.37455
1991,Libya,42.6198
1991,Liechtenstein,0.20633
1991,Lithuania,37.8204
1991,Luxembourg,12.4204
1991,Macao,0.9673
1991,Madagascar,1.0249
1991,Malawi,0.78735
1991,Malaysia,65.7851
1991,Maldives,0.15389
1991,Mali,0.42589
1991,Malta,2.2719
1991,Marshall Islands,
1991,Martinique,
1991,Mauritania,0.86837
1991,Mauritius,1.5206
1991,Mexico,329.831
1991,Micronesia (Federated States of),
1991,Moldova,29.6179
1991,Mongolia,11.9598
1991,Montenegro,1.5629
1991,Montserrat,0.029312
1991,Morocco,23.6882
1991,Mozambique,0.94146
1991,Myanmar,4.1374
1991,Namibia,1.0442
1991,Nauru,0.12458
1991,Nepal,1.0263
1991,Netherlands,171.4691
1991,New Caledonia,1.7587
1991,New Zealand,26.1699
1991,Nicaragua,1.9845
1991,Niger,0.56629
1991,Nigeria,41.8415
1991,Niue,0.007328
1991,North Korea,112.8188
1991,North Macedonia,7.7888
1991,Norway,33.466
1991,Occupied Palestinian Territory,0.88302
1991,Oman,11.6585
1991,Pakistan,67.4771
1991,Palau,
1991,Panama,3.0887
1991,Papua New Guinea,2.1728
1991,Paraguay,2.0979
1991,Peru,20.7579
1991,Philippines,42.8745
1991,Poland,373.366
1991,Portugal,46.8794
1991,Qatar,17.4142
1991,Republic of South Sudan,0.3929
1991,Romania,142.2581
1991,Russian Federation,2407.6417
1991,Rwanda,0.47214
1991,Réunion,
1991,Saint Helena,0.007328
1991,Saint Kitts and Nevis,0.10626
1991,Saint Lucia,0.18686
1991,Saint Pierre and Miquelon,0.10259
1991,Saint Vincent and the Grenadines,0.084272
1991,Samoa,0.095264
1991,Sao Tome and Principe,0.047632
1991,Saudi Arabia,244.5339
1991,Senegal,3.1081
1991,Serbia,40.577
1991,Seychelles,0.17221
1991,Sierra Leone,0.55693
1991,Singapore,44.2355
1991,Slovakia,53.3339
1991,Slovenia,13.9765
1991,Solomon Islands,0.15389
1991,Somalia,0.70759
1991,South Africa,326.0304
1991,South Korea,275.6882
1991,Spain,239.2907
1991,Sri Lanka,4.1067
1991,Sudan,4.48
1991,Suriname,2.024
1991,Swaziland,0.87203
1991,Sweden,57.664
1991,Switzerland,46.1307
1991,Syria,42.4247
1991,Taiwan,133.631
1991,Tajikistan,10.0151
1991,Tanzania,2.2553
1991,Thailand,95.0448
1991,Timor-Leste,
1991,Togo,1.0498
1991,Tonga,0.087936
1991,Trinidad and Tobago,16.9644
1991,Tunisia,16.7553
1991,Turkey,161.1259
1991,Turkmenistan,30.4392
1991,Turks and Caicos Islands,0.062288
1991,Tuvalu,0.003664
1991,Uganda,0.78347
1991,Ukraine,633.1939
1991,United Arab Emirates,56.8956
1991,United Kingdom,609.4127
1991,United States of America,5076.4128
1991,Uruguay,4.5367
1991,Uzbekistan,102.3241
1991,Vanuatu,0.065952
1991,Venezuela,114.2205
1991,Vietnam,21.3755
1991,Wallis and Futuna Islands,0.01832
1991,Western Sahara,
1991,Yemen,9.1817
1991,Zambia,2.3818
1991,Zimbabwe,15.4906
1992,Afghanistan,1.4821
1992,Albania,2.5171
1992,Algeria,79.2842
1992,Andorra,0.40304
1992,Angola,5.1644
1992,Anguilla,0.047632
1992,Antigua and Barbuda,0.24915
1992,Argentina,121.5142
1992,Armenia,5.7237
1992,Aruba,0.53861
1992,Australia,284.4335
1992,Austria,60.2911
1992,Azerbaijan,56.1744
1992,Bahamas,1.8686
1992,Bahrain,10.4021
1992,Bangladesh,15.3909
1992,Barbados,1.1642
1992,Belarus,93.5969
1992,Belgium,122.5193
1992,Belize,0.35541
1992,Benin,0.67095
1992,Bermuda,0.46166
1992,Bhutan,0.21506
1992,Bolivia,11.0252
1992,"Bonaire, Saint Eustatius and Saba",0.058836
1992,Bosnia and Herzegovina,15.0287
1992,Botswana,2.7773
1992,Brazil,233.6009
1992,British Virgin Islands,0.080608
1992,Brunei Darussalam,6.6685
1992,Bulgaria,57.3556
1992,Burkina Faso,0.63387
1992,Burundi,0.21618
1992,Cambodia,1.3484
1992,Cameroon,2.7123
1992,Canada,463.3928
1992,Cape Verde,0.17954
1992,Cayman Islands,
1992,Central African Republic,0.19419
1992,Chad,0.40304
1992,Chile,32.0007
1992,China,2731.2903
1992,Colombia,61.3407
1992,Comoros,0.069616
1992,Congo,1.2892
1992,Cook Islands,0.040304
1992,Costa Rica,3.7353
1992,Croatia,16.3792
1992,Cuba,20.7545
1992,Curaçao,3.1551
1992,Cyprus,5.5088
1992,Czech Republic,145.7082
1992,Côte d'Ivoire,3.8435
1992,Democratic Republic of the Congo,2.8082
1992,Denmark,58.3266
1992,Djibouti,0.30411
1992,Dominica,0.058624
1992,Dominican Republic,10.4054
1992,Ecuador,21.9975
1992,Egypt,77.4193
1992,El Salvador,3.3129
1992,Equatorial Guinea,0.065952
1992,Eritrea,
1992,Estonia,24.4131
1992,Ethiopia,2.9367
1992,Faeroe Islands,0.64853
1992,Falkland Islands (Malvinas),
1992,Fiji,0.73031
1992,Finland,54.272
1992,France,408.433
1992,French Guiana,
1992,French Polynesia,0.4983
1992,Gabon,4.9169
1992,Gambia,0.19786
1992,Georgia,14.1267
1992,Germany,969.4644
1992,Ghana,3.2426
1992,Gibraltar,
1992,Greece,84.974
1992,Greenland,0.5953
1992,Grenada,0.11725
1992,Guadeloupe,
1992,Guatemala,5.7914
1992,Guinea,1.0149
1992,Guinea-Bissau,0.095264
1992,Guyana,1.0406
1992,Haiti,0.88665
1992,Honduras,2.8033
1992,Hong Kong,32.9221
1992,Hungary,62.2808
1992,Iceland,2.2493
1992,India,655.4235
1992,Indonesia,199.298
1992,Iran,228.1938
1992,Iraq,59.02
1992,Ireland,33.4961
1992,Israel,42.0825
1992,Italy,437.9365
1992,Jamaica,7.7087
1992,Japan,1175.4543
1992,Jordan,12.1889
1992,Kazakhstan,233.5234
1992,Kenya,5.5047
1992,Kiribati,0.025648
1992,Kosovo,
1992,Kuwait,29.6832
1992,Kyrgyzstan,11.0417
1992,Laos,0.59275
1992,Latvia,14.1935
1992,Lebanon,9.7269
1992,Lesotho,1.5865
1992,Liberia,0.39166
1992,Libya,37.0244
1992,Liechtenstein,0.20695
1992,Lithuania,21.1684
1992,Luxembourg,12.1894
1992,Macao,0.97829
1992,Madagascar,1.0028
1992,Malawi,0.78709
1992,Malaysia,72.961
1992,Maldives,0.23083
1992,Mali,0.46252
1992,Malta,2.2936
1992,Marshall Islands,0.076944
1992,Martinique,
1992,Mauritania,0.90501
1992,Mauritius,1.7074
1992,Mexico,332.4534
1992,Micronesia (Federated States of),0.13557
1992,Moldova,20.9781
1992,Mongolia,10.9426
1992,Montenegro,1.6713
1992,Montserrat,0.029312
1992,Morocco,24.7368
1992,Mozambique,1.0272
1992,Myanmar,4.8419
1992,Namibia,1.1395
1992,Nauru,0.12091
1992,Nepal,1.2329
1992,Netherlands,171.2774
1992,New Caledonia,1.5755
1992,New Zealand,28.154
1992,Nicaragua,2.37
1992,Niger,0.52094
1992,Nigeria,46.1615
1992,Niue,0.007328
1992,North Korea,97.9853
1992,North Macedonia,8.3942
1992,Norway,34.402
1992,Occupied Palestinian Territory,0.91234
1992,Oman,11.956
1992,Pakistan,72.0149
1992,Palau,0.19419
1992,Panama,4.0979
1992,Papua New Guinea,2.1911
1992,Paraguay,2.5709
1992,Peru,20.9858
1992,Philippines,47.7717
1992,Poland,364.2826
1992,Portugal,50.9567
1992,Qatar,26.8159
1992,Republic of South Sudan,0.35131
1992,Romania,132.0028
1992,Russian Federation,1963.4583
1992,Rwanda,0.47949
1992,Réunion,
1992,Saint Helena,0.007328
1992,Saint Kitts and Nevis,0.10992
1992,Saint Lucia,0.21251
1992,Saint Pierre and Miquelon,0.095264
1992,Saint Vincent and the Grenadines,0.084272
1992,Samoa,0.098928
1992,Sao Tome and Principe,0.047632
1992,Saudi Arabia,276.0113
1992,Senegal,3.1659
1992,Serbia,43.6357
1992,Seychelles,0.17221
1992,Sierra Leone,0.28213
1992,Singapore,47.4415
1992,Slovakia,48.931
1992,Slovenia,13.8859
1992,Solomon Islands,0.16122
1992,Somalia,0.66609
1992,South Africa,301.3291
1992,South Korea,299.9054
1992,Spain,247.6866
1992,Sri Lanka,5.0358
1992,Sudan,4.0014
1992,Suriname,2.0313
1992,Swaziland,0.83173
1992,Sweden,57.5098
1992,Switzerland,46.0181
1992,Syria,42.8034
1992,Taiwan,142.432
1992,Tajikistan,7.3326
1992,Tanzania,2.1776
1992,Thailand,105.5135
1992,Timor-Leste,
1992,Togo,1.0305
1992,Tonga,0.07328
1992,Trinidad and Tobago,19.0983
1992,Tunisia,15.8434
1992,Turkey,167.234
1992,Turkmenistan,31.9942
1992,Turks and Caicos Islands,0.062288
1992,Tuvalu,0.003664
1992,Uganda,0.80145
1992,Ukraine,589.5052
1992,United Arab Emirates,58.0052
1992,United Kingdom,593.8459
1992,United States of America,5178.7694
1992,Uruguay,5.1513
1992,Uzbekistan,110.9909
1992,Vanuatu,0.062288
1992,Venezuela,104.7386
1992,Vietnam,21.4665
1992,Wallis and Futuna Islands,0.01832
1992,Western Sahara,
1992,Yemen,9.9259
1992,Zambia,2.4247
1992,Zimbabwe,16.7024
1993,Afghanistan,1.4869
1993,Albania,2.338
1993,Algeria,81.306
1993,Andorra,0.4067
1993,Angola,5.7484
1993,Anguilla,0.05496
1993,Antigua and Barbuda,0.25648
1993,Argentina,118.021
1993,Armenia,2.5102
1993,Aruba,0.64853
1993,Australia,288.7804
1993,Austria,60.7105
1993,Azerbaijan,48.4061
1993,Bahamas,1.7441
1993,Bahrain,16.7481
1993,Bangladesh,16.0739
1993,Barbados,0.93565
1993,Belarus,80.6745
1993,Belgium,121.4512
1993,Belize,0.37739
1993,Benin,0.80742
1993,Bermuda,0.53861
1993,Bhutan,0.18179
1993,Bolivia,11.5616
1993,"Bonaire, Saint Eustatius and Saba",0.090823
1993,Bosnia and Herzegovina,12.5806
1993,Botswana,3.195
1993,Brazil,244.3055
1993,British Virgin Islands,0.084272
1993,Brunei Darussalam,5.8514
1993,Bulgaria,58.3892
1993,Burkina Faso,0.63387
1993,Burundi,0.22717
1993,Cambodia,1.385
1993,Cameroon,2.8658
1993,Canada,464.0716
1993,Cape Verde,0.16854
1993,Cayman Islands,
1993,Central African Republic,0.19786
1993,Chad,0.39938
1993,Chile,34.0979
1993,China,2914.2844
1993,Colombia,63.2602
1993,Comoros,0.069616
1993,Congo,1.1604
1993,Cook Islands,0.043968
1993,Costa Rica,3.8815
1993,Croatia,16.811
1993,Cuba,19.7897
1993,Curaçao,4.8704
1993,Cyprus,5.7528
1993,Czech Republic,140.1261
1993,Côte d'Ivoire,5.093
1993,Democratic Republic of the Congo,2.6623
1993,Denmark,60.5737
1993,Djibouti,0.30411
1993,Dominica,0.062288
1993,Dominican Republic,11.1949
1993,Ecuador,24.1215
1993,Egypt,90.8347
1993,El Salvador,3.9662
1993,Equatorial Guinea,0.069616
1993,Eritrea,
1993,Estonia,19.4332
1993,Ethiopia,2.9936
1993,Faeroe Islands,0.58258
1993,Falkland Islands (Malvinas),
1993,Fiji,0.72865
1993,Finland,56.32
1993,France,388.8897
1993,French Guiana,
1993,French Polynesia,0.52029
1993,Gabon,4.9747
1993,Gambia,0.20885
1993,Georgia,9.8837
1993,Germany,959.3859
1993,Ghana,3.8179
1993,Gibraltar,
1993,Greece,84.2833
1993,Greenland,0.5454
1993,Grenada,0.12458
1993,Guadeloupe,
1993,Guatemala,5.5716
1993,Guinea,1.0442
1993,Guinea-Bissau,0.098928
1993,Guyana,1.0442
1993,Haiti,0.68311
1993,Honduras,2.9408
1993,Hong Kong,34.7778
1993,Hungary,62.9914
1993,Iceland,2.4001
1993,India,677.2621
1993,Indonesia,214.9628
1993,Iran,236.9925
1993,Iraq,63.2631
1993,Ireland,33.7171
1993,Israel,44.2345
1993,Italy,430.2678
1993,Jamaica,8.001
1993,Japan,1169.328
1993,Jordan,12.0085
1993,Kazakhstan,207.5587
1993,Kenya,6.3116
1993,Kiribati,0.029312
1993,Kosovo,
1993,Kuwait,49.1628
1993,Kyrgyzstan,8.4682
1993,Laos,0.60742
1993,Latvia,11.9217
1993,Lebanon,10.3549
1993,Lesotho,1.6305
1993,Liberia,0.4173
1993,Libya,38.7083
1993,Liechtenstein,0.21503
1993,Lithuania,16.3197
1993,Luxembourg,12.3383
1993,Macao,1.1029
1993,Madagascar,1.0285
1993,Malawi,0.87858
1993,Malaysia,86.6124
1993,Maldives,0.19419
1993,Mali,0.50281
1993,Malta,2.8856
1993,Marshall Islands,0.080608
1993,Martinique,
1993,Mauritania,0.9268
1993,Mauritius,1.7734
1993,Mexico,337.7219
1993,Micronesia (Federated States of),0.1429
1993,Moldova,15.8458
1993,Mongolia,9.193
1993,Montenegro,1.4576
1993,Montserrat,0.029312
1993,Morocco,26.7822
1993,Mozambique,1.1403
1993,Myanmar,5.303
1993,Namibia,1.374
1993,Nauru,0.11358
1993,Nepal,1.3973
1993,Netherlands,171.185
1993,New Caledonia,1.8318
1993,New Zealand,27.746
1993,Nicaragua,2.2796
1993,Niger,0.60207
1993,Nigeria,44.7046
1993,Niue,0.007328
1993,North Korea,89.5852
1993,North Macedonia,7.5992
1993,Norway,35.948
1993,Occupied Palestinian Territory,0.93432
1993,Oman,13.2914
1993,Pakistan,77.1757
1993,Palau,0.19419
1993,Panama,3.7492
1993,Papua New Guinea,2.1947
1993,Paraguay,2.9055
1993,Peru,23.8848
1993,Philippines,48.342
1993,Poland,364.9578
1993,Portugal,49.469
1993,Qatar,30.7207
1993,Republic of South Sudan,0.24217
1993,Romania,122.7092
1993,Russian Federation,1866.5248
1993,Rwanda,0.48295
1993,Réunion,
1993,Saint Helena,0.010992
1993,Saint Kitts and Nevis,0.11358
1993,Saint Lucia,0.2345
1993,Saint Pierre and Miquelon,0.07328
1993,Saint Vincent and the Grenadines,0.10259
1993,Samoa,0.10626
1993,Sao Tome and Principe,0.047632
1993,Saudi Arabia,297.7542
1993,Senegal,3.2862
1993,Serbia,37.997
1993,Seychelles,0.1832
1993,Sierra Leone,0.26381
1993,Singapore,49.6619
1993,Slovakia,46.3943
1993,Slovenia,14.2543
1993,Solomon Islands,0.17221
1993,Somalia,0.62577
1993,South Africa,320.3526
1993,South Korea,330.174
1993,Spain,239.0993
1993,Sri Lanka,4.912
1993,Sudan,2.7547
1993,Suriname,2.0385
1993,Swaziland,0.70715
1993,Sweden,57.5168
1993,Switzerland,43.6097
1993,Syria,45.5215
1993,Taiwan,154.046
1993,Tajikistan,5.1526
1993,Tanzania,2.426
1993,Thailand,121.8551
1993,Timor-Leste,
1993,Togo,1.0688
1993,Tonga,0.084272
1993,Trinidad and Tobago,17.4054
1993,Tunisia,17.1799
1993,Turkey,174.2911
1993,Turkmenistan,27.5164
1993,Turks and Caicos Islands,0.065952
1993,Tuvalu,0.007328
1993,Uganda,0.79746
1993,Ukraine,510.4954
1993,United Arab Emirates,65.8321
1993,United Kingdom,579.6125
1993,United States of America,5279.5205
1993,Uruguay,4.4471
1993,Uzbekistan,115.6191
1993,Vanuatu,0.062288
1993,Venezuela,123.0515
1993,Vietnam,22.853
1993,Wallis and Futuna Islands,0.021984
1993,Western Sahara,
1993,Yemen,8.6787
1993,Zambia,2.466
1993,Zimbabwe,16.032
1994,Afghanistan,1.4538
1994,Albania,1.9238
1994,Algeria,87.8485
1994,Andorra,0.40304
1994,Angola,11.3532
1994,Anguilla,0.05496
1994,Antigua and Barbuda,0.26747
1994,Argentina,118.5068
1994,Armenia,2.6847
1994,Aruba,0.65952
1994,Australia,293.6133
1994,Austria,61.0801
1994,Azerbaijan,41.9449
1994,Bahamas,1.7697
1994,Bahrain,14.3519
1994,Bangladesh,17.5527
1994,Barbados,0.94002
1994,Belarus,67.9898
1994,Belgium,124.833
1994,Belize,0.37373
1994,Benin,0.91153
1994,Bermuda,0.53128
1994,Bhutan,0.21241
1994,Bolivia,9.6496
1994,"Bonaire, Saint Eustatius and Saba",0.087074
1994,Bosnia and Herzegovina,3.205
1994,Botswana,3.0301
1994,Brazil,254.0023
1994,British Virgin Islands,0.087936
1994,Brunei Darussalam,5.2928
1994,Bulgaria,56.3826
1994,Burkina Faso,0.65952
1994,Burundi,0.2345
1994,Cambodia,1.4253
1994,Cameroon,4.8798
1994,Canada,478.4679
1994,Cape Verde,0.17587
1994,Cayman Islands,
1994,Central African Republic,0.20885
1994,Chad,0.41577
1994,Chile,37.9749
1994,China,3093.8909
1994,Colombia,66.9818
1994,Comoros,0.07328
1994,Congo,3.3839
1994,Cook Islands,0.043968
1994,Costa Rica,5.1881
1994,Croatia,16.0546
1994,Cuba,21.4264
1994,Curaçao,4.6694
1994,Cyprus,5.995
1994,Czech Republic,132.6701
1994,Côte d'Ivoire,4.133
1994,Democratic Republic of the Congo,2.751
1994,Denmark,64.6733
1994,Djibouti,0.30045
1994,Dominica,0.069616
1994,Dominican Republic,11.7805
1994,Ecuador,14.3384
1994,Egypt,87.483
1994,El Salvador,4.5021
1994,Equatorial Guinea,1.1493
1994,Eritrea,0.70719
1994,Estonia,20.0389
1994,Ethiopia,2.1972
1994,Faeroe Islands,0.57525
1994,Falkland Islands (Malvinas),
1994,Fiji,0.72308
1994,Finland,61.739
1994,France,381.9031
1994,French Guiana,
1994,French Polynesia,0.53494
1994,Gabon,4.5417
1994,Gambia,0.20885
1994,Georgia,5.8974
1994,Germany,943.2277
1994,Ghana,4.5397
1994,Gibraltar,
1994,Greece,86.429
1994,Greenland,0.4954
1994,Grenada,0.1429
1994,Guadeloupe,
1994,Guatemala,6.6388
1994,Guinea,1.0845
1994,Guinea-Bissau,0.098928
1994,Guyana,1.4583
1994,Haiti,0.1832
1994,Honduras,3.231
1994,Hong Kong,31.0793
1994,Hungary,61.8804
1994,Iceland,2.3493
1994,India,714.0428
1994,Indonesia,219.1999
1994,Iran,264.8219
1994,Iraq,76.5726
1994,Ireland,34.839
1994,Israel,47.4746
1994,Italy,424.5067
1994,Jamaica,8.1886
1994,Japan,1223.1584
1994,Jordan,13.5215
1994,Kazakhstan,174.6711
1994,Kenya,6.5227
1994,Kiribati,0.029312
1994,Kosovo,
1994,Kuwait,57.2646
1994,Kyrgyzstan,6.1445
1994,Laos,0.6306
1994,Latvia,10.3702
1994,Lebanon,11.1108
1994,Lesotho,1.6744
1994,Liberia,0.41526
1994,Libya,51.3599
1994,Liechtenstein,0.20111
1994,Lithuania,15.767
1994,Luxembourg,11.524
1994,Macao,1.1798
1994,Madagascar,1.1522
1994,Malawi,0.90175
1994,Malaysia,87.4974
1994,Maldives,0.19786
1994,Mali,0.54839
1994,Malta,2.6584
1994,Marshall Islands,0.084272
1994,Martinique,
1994,Mauritania,0.95941
1994,Mauritius,1.6232
1994,Mexico,351.5339
1994,Micronesia (Federated States of),0.15389
1994,Moldova,12.427
1994,Mongolia,7.8648
1994,Montenegro,1.4161
1994,Montserrat,0.032976
1994,Morocco,28.1238
1994,Mozambique,1.098
1994,Myanmar,6.174
1994,Namibia,1.5572
1994,Nauru,0.10992
1994,Nepal,1.6194
1994,Netherlands,171.9519
1994,New Caledonia,1.9748
1994,New Zealand,27.8852
1994,Nicaragua,2.5141
1994,Niger,0.57711
1994,Nigeria,80.3602
1994,Niue,0.007328
1994,North Korea,81.584
1994,North Macedonia,7.9032
1994,Norway,37.863
1994,Occupied Palestinian Territory,0.96363
1994,Oman,17.466
1994,Pakistan,84.0183
1994,Palau,0.19786
1994,Panama,4.1357
1994,Papua New Guinea,2.1859
1994,Paraguay,3.3934
1994,Peru,24.1766
1994,Philippines,53.4787
1994,Poland,359.991
1994,Portugal,50.2427
1994,Qatar,32.3753
1994,Republic of South Sudan,0.33302
1994,Romania,120.8685
1994,Russian Federation,1646.8763
1994,Rwanda,0.46212
1994,Réunion,
1994,Saint Helena,0.010992
1994,Saint Kitts and Nevis,0.12091
1994,Saint Lucia,0.26014
1994,Saint Pierre and Miquelon,0.069616
1994,Saint Vincent and the Grenadines,0.12091
1994,Samoa,0.098928
1994,Sao Tome and Principe,0.047632
1994,Saudi Arabia,291.2085
1994,Senegal,3.6357
1994,Serbia,36.967
1994,Seychelles,0.20152
1994,Sierra Leone,0.2748
1994,Singapore,60.0859
1994,Slovakia,43.8035
1994,Slovenia,14.6391
1994,Solomon Islands,0.1832
1994,Somalia,0.61842
1994,South Africa,338.7013
1994,South Korea,355.6948
1994,Spain,251.3882
1994,Sri Lanka,5.3415
1994,Sudan,3.8379
1994,Suriname,2.0431
1994,Swaziland,1.0772
1994,Sweden,59.9974
1994,Switzerland,42.668
1994,Syria,45.956
1994,Taiwan,161.564
1994,Tajikistan,2.3451
1994,Tanzania,2.0631
1994,Thailand,136.87
1994,Timor-Leste,
1994,Togo,1.0067
1994,Tonga,0.087936
1994,Trinidad and Tobago,15.3421
1994,Tunisia,16.7605
1994,Turkey,170.5924
1994,Turkmenistan,34.2161
1994,Turks and Caicos Islands,0.069616
1994,Tuvalu,0.003664
1994,Uganda,0.71184
1994,Ukraine,419.6303
1994,United Arab Emirates,75.3504
1994,United Kingdom,574.0169
1994,United States of America,5361.8633
1994,Uruguay,4.0407
1994,Uzbekistan,109.7866
1994,Vanuatu,0.062288
1994,Venezuela,119.0602
1994,Vietnam,27.3622
1994,Wallis and Futuna Islands,0.021984
1994,Western Sahara,
1994,Yemen,9.9645
1994,Zambia,2.3933
1994,Zimbabwe,17.3826
1995,Afghanistan,1.4173
1995,Albania,2.0891
1995,Algeria,95.9057
1995,Andorra,0.42502
1995,Angola,12.6167
1995,Anguilla,0.05496
1995,Antigua and Barbuda,0.27114
1995,Argentina,125.4155
1995,Armenia,3.3627
1995,Aruba,0.71082
1995,Australia,304.9623
1995,Austria,64.063
1995,Azerbaijan,33.3093
1995,Bahamas,1.8393
1995,Bahrain,14.7439
1995,Bangladesh,21.0564
1995,Barbados,1.0228
1995,Belarus,61.0145
1995,Belgium,125.9693
1995,Belize,0.37739
1995,Benin,0.95627
1995,Bermuda,0.53128
1995,Bhutan,0.24897
1995,Bolivia,9.0286
1995,"Bonaire, Saint Eustatius and Saba",0.086167
1995,Bosnia and Herzegovina,3.4056
1995,Botswana,3.0448
1995,Brazil,268.6775
1995,British Virgin Islands,0.087936
1995,Brunei Darussalam,5.8845
1995,Bulgaria,57.9166
1995,Burkina Faso,0.66075
1995,Burundi,0.23816
1995,Cambodia,1.4986
1995,Cameroon,5.3747
1995,Canada,491.3054
1995,Cape Verde,0.19786
1995,Cayman Islands,
1995,Central African Republic,0.20885
1995,Chad,0.42741
1995,Chile,41.5627
1995,China,3351.1974
1995,Colombia,59.3499
1995,Comoros,0.076944
1995,Congo,3.2247
1995,Cook Islands,0.043968
1995,Costa Rica,4.7886
1995,Croatia,16.8145
1995,Cuba,22.8683
1995,Curaçao,4.6207
1995,Cyprus,5.8658
1995,Czech Republic,131.6238
1995,Côte d'Ivoire,6.2253
1995,Democratic Republic of the Congo,3.0962
1995,Denmark,61.6534
1995,Djibouti,0.31144
1995,Dominica,0.080608
1995,Dominican Republic,15.0901
1995,Ecuador,23.5336
1995,Egypt,97.9682
1995,El Salvador,4.9858
1995,Equatorial Guinea,1.2234
1995,Eritrea,0.78981
1995,Estonia,18.0535
1995,Ethiopia,2.506
1995,Faeroe Islands,0.57158
1995,Falkland Islands (Malvinas),
1995,Fiji,0.7367
1995,Finland,58.122
1995,France,386.9588
1995,French Guiana,
1995,French Polynesia,0.52395
1995,Gabon,5.2204
1995,Gambia,0.21618
1995,Georgia,2.2657
1995,Germany,939.9336
1995,Ghana,4.624
1995,Gibraltar,
1995,Greece,86.9624
1995,Greenland,0.5338
1995,Grenada,0.15022
1995,Guadeloupe,
1995,Guatemala,7.085
1995,Guinea,1.1212
1995,Guinea-Bissau,0.10259
1995,Guyana,1.5645
1995,Haiti,0.8757
1995,Honduras,3.8362
1995,Hong Kong,31.2706
1995,Hungary,61.4641
1995,Iceland,2.4689
1995,India,760.4802
1995,Indonesia,222.2253
1995,Iran,270.8753
1995,Iraq,79.8413
1995,Ireland,35.8534
1995,Israel,49.8655
1995,Italy,448.5958
1995,Jamaica,9.1734
1995,Japan,1235.8731
1995,Jordan,13.4512
1995,Kazakhstan,168.468
1995,Kenya,7.5153
1995,Kiribati,0.029312
1995,Kosovo,
1995,Kuwait,56.2629
1995,Kyrgyzstan,4.5069
1995,Laos,0.67088
1995,Latvia,9.1339
1995,Lebanon,12.2547
1995,Lesotho,1.7074
1995,Liberia,0.41607
1995,Libya,54.5957
1995,Liechtenstein,0.2042
1995,Lithuania,15.0573
1995,Luxembourg,9.1345
1995,Macao,1.1248
1995,Madagascar,1.1924
1995,Malawi,0.90309
1995,Malaysia,109.5952
1995,Maldives,0.24915
1995,Mali,0.5952
1995,Malta,2.4521
1995,Marshall Islands,0.087936
1995,Martinique,
1995,Mauritania,1.0149
1995,Mauritius,1.8283
1995,Mexico,330.9053
1995,Micronesia (Federated States of),0.17587
1995,Moldova,11.4054
1995,Mongolia,7.8371
1995,Montenegro,1.4957
1995,Montserrat,0.032976
1995,Morocco,28.7503
1995,Mozambique,1.131
1995,Myanmar,6.8926
1995,Namibia,1.6195
1995,Nauru,0.10626
1995,Nepal,2.3089
1995,Netherlands,173.4824
1995,New Caledonia,2.0667
1995,New Zealand,27.9894
1995,Nicaragua,2.7505
1995,Niger,0.55804
1995,Nigeria,84.2304
1995,Niue,0.003664
1995,North Korea,76.0855
1995,North Macedonia,7.9252
1995,Norway,38.469
1995,Occupied Palestinian Territory,0.94531
1995,Oman,18.8163
1995,Pakistan,83.6144
1995,Palau,0.19419
1995,Panama,3.6083
1995,Papua New Guinea,2.0518
1995,Paraguay,3.9251
1995,Peru,25.1431
1995,Philippines,59.2199
1995,Poland,362.4829
1995,Portugal,54.5029
1995,Qatar,33.1701
1995,Republic of South Sudan,0.34423
1995,Romania,125.6754
1995,Russian Federation,1618.2862
1995,Rwanda,0.4511
1995,Réunion,
1995,Saint Helena,0.010992
1995,Saint Kitts and Nevis,0.12458
1995,Saint Lucia,0.2748
1995,Saint Pierre and Miquelon,0.069616
1995,Saint Vincent and the Grenadines,0.12824
1995,Samoa,0.10992
1995,Sao Tome and Principe,0.047632
1995,Saudi Arabia,274.6045
1995,Senegal,2.9904
1995,Serbia,39.047
1995,Seychelles,0.19786
1995,Sierra Leone,0.2235
1995,Singapore,40.5458
1995,Slovakia,44.1942
1995,Slovenia,15.357
1995,Solomon Islands,0.19053
1995,Somalia,0.58543
1995,South Africa,361.7119
1995,South Korea,383.6655
1995,Spain,265.0686
1995,Sri Lanka,5.7171
1995,Sudan,3.9625
1995,Suriname,2.0614
1995,Swaziland,1.0589
1995,Sweden,59.4873
1995,Switzerland,43.4137
1995,Syria,46.3919
1995,Taiwan,170.064
1995,Tajikistan,2.4348
1995,Tanzania,2.4339
1995,Thailand,153.65
1995,Timor-Leste,
1995,Togo,1.1747
1995,Tonga,0.095264
1995,Trinidad and Tobago,14.7247
1995,Tunisia,16.6231
1995,Turkey,184.6747
1995,Turkmenistan,34.5692
1995,Turks and Caicos Islands,0.07328
1995,Tuvalu,0.003664
1995,Uganda,0.92548
1995,Ukraine,390.1735
1995,United Arab Emirates,72.8738
1995,United Kingdom,566.159
1995,United States of America,5425.8373
1995,Uruguay,4.5653
1995,Uzbekistan,104.8041
1995,Vanuatu,0.065952
1995,Venezuela,124.8304
1995,Vietnam,30.0885
1995,Wallis and Futuna Islands,0.021984
1995,Western Sahara,
1995,Yemen,11.1379
1995,Zambia,2.1423
1995,Zimbabwe,15.0174
1996,Afghanistan,1.3701
1996,Albania,2.0175
1996,Algeria,99.5595
1996,Andorra,0.45434
1996,Angola,15.249
1996,Anguilla,0.058624
1996,Antigua and Barbuda,0.28579
1996,Argentina,131.4455
1996,Armenia,2.5003
1996,Aruba,0.72181
1996,Australia,311.8509
1996,Austria,67.4103
1996,Azerbaijan,31.2423
1996,Bahamas,1.8137
1996,Bahrain,15.9421
1996,Bangladesh,21.5075
1996,Barbados,1.0497
1996,Belarus,61.8436
1996,Belgium,129.5033
1996,Belize,0.30778
1996,Benin,1.1838
1996,Bermuda,0.52762
1996,Bhutan,0.29827
1996,Bolivia,10.0273
1996,"Bonaire, Saint Eustatius and Saba",0.080604
1996,Bosnia and Herzegovina,4.2395
1996,Botswana,2.7553
1996,Brazil,289.3109
1996,British Virgin Islands,0.098928
1996,Brunei Darussalam,5.9625
1996,Bulgaria,58.4604
1996,Burkina Faso,0.72668
1996,Burundi,0.24182
1996,Cambodia,1.5169
1996,Cameroon,5.9747
1996,Canada,507.7752
1996,Cape Verde,0.21984
1996,Cayman Islands,
1996,Central African Republic,0.21251
1996,Chad,0.44322
1996,Chile,48.2263
1996,China,3499.3106
1996,Colombia,59.6282
1996,Comoros,0.076944
1996,Congo,4.0374
1996,Cook Islands,0.051296
1996,Costa Rica,4.6734
1996,Croatia,17.3384
1996,Cuba,23.3037
1996,Curaçao,4.3224
1996,Cyprus,6.2157
1996,Czech Republic,135.0192
1996,Côte d'Ivoire,7.526
1996,Democratic Republic of the Congo,3.4726
1996,Denmark,74.8997
1996,Djibouti,0.30411
1996,Dominica,0.07328
1996,Dominican Republic,16.4585
1996,Ecuador,25.3372
1996,Egypt,97.0423
1996,El Salvador,4.3997
1996,Equatorial Guinea,1.3592
1996,Eritrea,0.86184
1996,Estonia,19.0329
1996,Ethiopia,2.7942
1996,Faeroe Islands,0.59723
1996,Falkland Islands (Malvinas),
1996,Fiji,0.79245
1996,Finland,64.04
1996,France,403.3519
1996,French Guiana,
1996,French Polynesia,0.52395
1996,Gabon,5.8856
1996,Gambia,0.21984
1996,Georgia,4.0457
1996,Germany,959.6901
1996,Ghana,4.8585
1996,Gibraltar,
1996,Greece,89.1141
1996,Greenland,0.5965
1996,Grenada,0.15389
1996,Guadeloupe,
1996,Guatemala,6.5398
1996,Guinea,1.1835
1996,Guinea-Bissau,0.098928
1996,Guyana,1.6561
1996,Haiti,1.0186
1996,Honduras,3.8755
1996,Hong Kong,28.9085
1996,Hungary,63.0831
1996,Iceland,2.523
1996,India,823.6022
1996,Indonesia,252.8557
1996,Iran,276.6203
1996,Iraq,74.823
1996,Ireland,37.4695
1996,Israel,51.9358
1996,Italy,442.8429
1996,Jamaica,9.6876
1996,Japan,1248.69
1996,Jordan,14.0736
1996,Kazakhstan,154.7157
1996,Kenya,9.2831
1996,Kiribati,0.032976
1996,Kosovo,
1996,Kuwait,51.7682
1996,Kyrgyzstan,5.6519
1996,Laos,0.75338
1996,Latvia,9.2117
1996,Lebanon,12.7528
1996,Lesotho,1.7367
1996,Liberia,0.42746
1996,Libya,53.9519
1996,Liechtenstein,0.20596
1996,Lithuania,15.74
1996,Luxembourg,9.1857
1996,Macao,1.3007
1996,Madagascar,1.249
1996,Malawi,0.91953
1996,Malaysia,110.1085
1996,Maldives,0.28946
1996,Mali,0.64608
1996,Malta,2.534
1996,Marshall Islands,0.0916
1996,Martinique,
1996,Mauritania,1.0626
1996,Mauritius,1.9492
1996,Mexico,341.5437
1996,Micronesia (Federated States of),0.1832
1996,Moldova,11.6871
1996,Mongolia,7.9354
1996,Montenegro,1.7496
1996,Montserrat,0.03664
1996,Morocco,29.5245
1996,Mozambique,1.0918
1996,Myanmar,7.188
1996,Namibia,1.7184
1996,Nauru,0.10259
1996,Nepal,2.3528
1996,Netherlands,182.5426
1996,New Caledonia,2.1839
1996,New Zealand,29.2878
1996,Nicaragua,2.8416
1996,Niger,0.63886
1996,Nigeria,97.7675
1996,Niue,0.003664
1996,North Korea,66.2915
1996,North Macedonia,9.4165
1996,Norway,41.54
1996,Occupied Palestinian Territory,1.0369
1996,Oman,18.1972
1996,Pakistan,93.5425
1996,Palau,0.19786
1996,Panama,4.3966
1996,Papua New Guinea,2.1974
1996,Paraguay,3.7063
1996,Peru,24.7171
1996,Philippines,60.4367
1996,Poland,377.1186
1996,Portugal,51.7995
1996,Qatar,34.4725
1996,Republic of South Sudan,0.35515
1996,Romania,129.1171
1996,Russian Federation,1586.6327
1996,Rwanda,0.46404
1996,Réunion,
1996,Saint Helena,0.010992
1996,Saint Kitts and Nevis,0.1319
1996,Saint Lucia,0.29312
1996,Saint Pierre and Miquelon,0.069616
1996,Saint Vincent and the Grenadines,0.1319
1996,Samoa,0.12458
1996,Sao Tome and Principe,0.047632
1996,Saudi Arabia,269.4984
1996,Senegal,3.2428
1996,Serbia,45.6956
1996,Seychelles,0.2345
1996,Sierra Leone,0.23083
1996,Singapore,48.0129
1996,Slovakia,44.0755
1996,Slovenia,16.0026
1996,Solomon Islands,0.19786
1996,Somalia,0.57525
1996,South Africa,363.7323
1996,South Korea,420.9961
1996,Spain,252.5619
1996,Sri Lanka,6.8627
1996,Sudan,4.096
1996,Suriname,2.0833
1996,Swaziland,0.78776
1996,Sweden,63.349
1996,Switzerland,44.1068
1996,Syria,47.4457
1996,Taiwan,178.059
1996,Tajikistan,2.8237
1996,Tanzania,2.5267
1996,Thailand,173.5658
1996,Timor-Leste,
1996,Togo,1.2652
1996,Tonga,0.076944
1996,Trinidad and Tobago,18.4487
1996,Tunisia,17.211
1996,Turkey,203.0979
1996,Turkmenistan,31.6542
1996,Turks and Caicos Islands,0.07328
1996,Tuvalu,0.003664
1996,Uganda,1.0181
1996,Ukraine,351.8342
1996,United Arab Emirates,75.8361
1996,United Kingdom,586.7607
1996,United States of America,5601.094
1996,Uruguay,5.4136
1996,Uzbekistan,108.1889
1996,Vanuatu,0.07328
1996,Venezuela,118.3468
1996,Vietnam,35.4815
1996,Wallis and Futuna Islands,0.021984
1996,Western Sahara,
1996,Yemen,11.3752
1996,Zambia,1.838
1996,Zimbabwe,14.8942
1997,Afghanistan,1.3042
1997,Albania,1.543
1997,Algeria,87.5169
1997,Andorra,0.46533
1997,Angola,15.8842
1997,Anguilla,0.058624
1997,Antigua and Barbuda,0.30778
1997,Argentina,136.617
1997,Armenia,3.2528
1997,Aruba,0.75845
1997,Australia,320.2425
1997,Austria,67.3049
1997,Azerbaijan,29.8429
1997,Bahamas,1.6085
1997,Bahrain,17.2208
1997,Bangladesh,23.1441
1997,Barbados,1.1557
1997,Belarus,61.6975
1997,Belgium,124.0174
1997,Belize,0.38838
1997,Benin,1.224
1997,Bermuda,0.52395
1997,Bhutan,0.39011
1997,Bolivia,11.7329
1997,"Bonaire, Saint Eustatius and Saba",0.084353
1997,Bosnia and Herzegovina,8.3658
1997,Botswana,2.7993
1997,Brazil,306.9491
1997,British Virgin Islands,0.10259
1997,Brunei Darussalam,6.1788
1997,Bulgaria,55.8062
1997,Burkina Faso,0.7637
1997,Burundi,0.24915
1997,Cambodia,1.4656
1997,Cameroon,5.3788
1997,Canada,522.0186
1997,Cape Verde,0.22717
1997,Cayman Islands,
1997,Central African Republic,0.21618
1997,Chad,0.4531
1997,Chile,55.942
1997,China,3512.3498
1997,Colombia,65.0956
1997,Comoros,0.080608
1997,Congo,4.8306
1997,Cook Islands,0.051296
1997,Costa Rica,4.9
1997,Croatia,18.5692
1997,Cuba,24.8237
1997,Curaçao,4.5234
1997,Cyprus,6.3024
1997,Czech Republic,130.942
1997,Côte d'Ivoire,7.2112
1997,Democratic Republic of the Congo,3.0894
1997,Denmark,65.4378
1997,Djibouti,0.33342
1997,Dominica,0.080608
1997,Dominican Republic,17.2342
1997,Ecuador,19.4614
1997,Egypt,110.9341
1997,El Salvador,5.3982
1997,Equatorial Guinea,1.9748
1997,Eritrea,0.76816
1997,Estonia,18.6732
1997,Ethiopia,2.9802
1997,Faeroe Islands,0.58624
1997,Falkland Islands (Malvinas),
1997,Fiji,0.76428
1997,Finland,62.703
1997,France,396.0231
1997,French Guiana,
1997,French Polynesia,0.54227
1997,Gabon,5.5269
1997,Gambia,0.2235
1997,Georgia,4.412
1997,Germany,931.5081
1997,Ghana,5.5143
1997,Gibraltar,
1997,Greece,93.8011
1997,Greenland,0.6173
1997,Grenada,0.16854
1997,Guadeloupe,
1997,Guatemala,7.4604
1997,Guinea,1.2384
1997,Guinea-Bissau,0.11725
1997,Guyana,1.8064
1997,Haiti,1.3484
1997,Honduras,4.0103
1997,Hong Kong,30.497
1997,Hungary,61.676
1997,Iceland,2.6184
1997,India,857.9757
1997,Indonesia,279.6956
1997,Iran,269.2629
1997,Iraq,76.2963
1997,Ireland,38.8049
1997,Israel,54.8657
1997,Italy,448.571
1997,Jamaica,10.0682
1997,Japan,1240.9803
1997,Jordan,14.3081
1997,Kazakhstan,147.2931
1997,Kenya,8.2267
1997,Kiribati,0.029312
1997,Kosovo,
1997,Kuwait,56.7649
1997,Kyrgyzstan,5.5607
1997,Laos,0.79241
1997,Latvia,8.6799
1997,Lebanon,15.0987
1997,Lesotho,1.7697
1997,Liberia,0.44619
1997,Libya,51.779
1997,Liechtenstein,0.21837
1997,Lithuania,15.1628
1997,Luxembourg,8.548
1997,Macao,1.3667
1997,Madagascar,1.5352
1997,Malawi,0.91822
1997,Malaysia,118.4713
1997,Maldives,0.32976
1997,Mali,0.723
1997,Malta,2.5563
1997,Marshall Islands,0.0916
1997,Martinique,
1997,Mauritania,1.0772
1997,Mauritius,1.9969
1997,Mexico,362.4659
1997,Micronesia (Federated States of),0.19419
1997,Moldova,7.3013
1997,Mongolia,7.6151
1997,Montenegro,1.8812
1997,Montserrat,0.032976
1997,Morocco,29.9776
1997,Mozambique,1.1702
1997,Myanmar,7.4196
1997,Namibia,1.8137
1997,Nauru,0.10259
1997,Nepal,2.6411
1997,Netherlands,175.4662
1997,New Caledonia,1.8175
1997,New Zealand,31.2614
1997,Nicaragua,3.108
1997,Niger,0.64786
1997,Nigeria,95.6489
1997,Niue,0.003664
1997,North Korea,63.6788
1997,North Macedonia,8.4455
1997,Norway,41.644
1997,Occupied Palestinian Territory,0.8647
1997,Oman,18.1445
1997,Pakistan,93.7882
1997,Palau,0.19786
1997,Panama,4.5723
1997,Papua New Guinea,2.6111
1997,Paraguay,4.0916
1997,Peru,27.7472
1997,Philippines,69.1471
1997,Poland,367.1991
1997,Portugal,54.6694
1997,Qatar,42.2322
1997,Republic of South Sudan,0.43479
1997,Romania,118.1146
1997,Russian Federation,1481.9635
1997,Rwanda,0.48253
1997,Réunion,
1997,Saint Helena,0.010992
1997,Saint Kitts and Nevis,0.13923
1997,Saint Lucia,0.29312
1997,Saint Pierre and Miquelon,0.047632
1997,Saint Vincent and the Grenadines,0.1319
1997,Samoa,0.12458
1997,Sao Tome and Principe,0.047632
1997,Saudi Arabia,227.1486
1997,Senegal,3.1824
1997,Serbia,49.0979
1997,Seychelles,0.27114
1997,Sierra Leone,0.20518
1997,Singapore,56.737
1997,Slovakia,44.1471
1997,Slovenia,16.5125
1997,Solomon Islands,0.20518
1997,Somalia,0.53494
1997,South Africa,385.2154
1997,South Korea,444.9676
1997,Spain,264.8994
1997,Sri Lanka,7.401
1997,Sudan,5.0227
1997,Suriname,2.1051
1997,Swaziland,1.1395
1997,Sweden,58.3553
1997,Switzerland,43.0463
1997,Syria,49.6052
1997,Taiwan,190.782
1997,Tajikistan,2.1504
1997,Tanzania,2.8244
1997,Thailand,181.2027
1997,Timor-Leste,
1997,Togo,0.87899
1997,Tonga,0.095264
1997,Trinidad and Tobago,18.9
1997,Tunisia,17.8096
1997,Turkey,215.5115
1997,Turkmenistan,31.1961
1997,Turks and Caicos Islands,0.084272
1997,Tuvalu,0.007328
1997,Uganda,1.0619
1997,Ukraine,340.586
1997,United Arab Emirates,73.2975
1997,United Kingdom,562.7081
1997,United States of America,5673.144
1997,Uruguay,5.5224
1997,Uzbekistan,109.029
1997,Vanuatu,0.076944
1997,Venezuela,129.7546
1997,Vietnam,45.5021
1997,Wallis and Futuna Islands,0.021984
1997,Western Sahara,
1997,Yemen,12.2603
1997,Zambia,2.3541
1997,Zimbabwe,13.901
1998,Afghanistan,1.2785
1998,Albania,1.7547
1998,Algeria,105.7401
1998,Andorra,0.49098
1998,Angola,16.5133
1998,Anguilla,0.065952
1998,Antigua and Barbuda,0.32243
1998,Argentina,139.5053
1998,Armenia,3.4191
1998,Aruba,0.80608
1998,Australia,334.0378
1998,Austria,66.9369
1998,Azerbaijan,31.7849
1998,Bahamas,1.9896
1998,Bahrain,18.276
1998,Bangladesh,23.2161
1998,Barbados,1.2277
1998,Belarus,60.184
1998,Belgium,130.2558
1998,Belize,0.37006
1998,Benin,1.1139
1998,Bermuda,0.52029
1998,Bhutan,0.38518
1998,Bolivia,11.264
1998,"Bonaire, Saint Eustatius and Saba",0.0046561
1998,Bosnia and Herzegovina,10.5506
1998,Botswana,3.3416
1998,Brazil,317.3594
1998,British Virgin Islands,0.10259
1998,Brunei Darussalam,5.5953
1998,Bulgaria,53.1138
1998,Burkina Faso,0.84795
1998,Burundi,0.24915
1998,Cambodia,1.876
1998,Cameroon,5.3732
1998,Canada,529.6148
1998,Cape Verde,0.24182
1998,Cayman Islands,
1998,Central African Republic,0.21984
1998,Chad,0.46384
1998,Chile,57.2584
1998,China,3355.336
1998,Colombia,65.5596
1998,Comoros,0.087936
1998,Congo,3.8693
1998,Cook Islands,0.051296
1998,Costa Rica,5.2138
1998,Croatia,19.04
1998,Cuba,24.3085
1998,Curaçao,0.24968
1998,Cyprus,6.5968
1998,Czech Republic,125.7168
1998,Côte d'Ivoire,6.7482
1998,Democratic Republic of the Congo,2.7333
1998,Denmark,61.2383
1998,Djibouti,0.38838
1998,Dominica,0.076944
1998,Dominican Republic,17.7563
1998,Ecuador,23.1167
1998,Egypt,124.2563
1998,El Salvador,5.7112
1998,Equatorial Guinea,2.295
1998,Eritrea,0.58617
1998,Estonia,16.9331
1998,Ethiopia,3.1474
1998,Faeroe Islands,0.62288
1998,Falkland Islands (Malvinas),
1998,Fiji,0.7433
1998,Finland,59.358
1998,France,414.357
1998,French Guiana,
1998,French Polynesia,0.53494
1998,Gabon,6.4529
1998,Gambia,0.24182
1998,Georgia,4.8635
1998,Germany,923.4986
1998,Ghana,5.5839
1998,Gibraltar,
1998,Greece,98.6214
1998,Greenland,0.5965
1998,Grenada,0.17587
1998,Guadeloupe,
1998,Guatemala,8.6203
1998,Guinea,1.3117
1998,Guinea-Bissau,0.087936
1998,Guyana,1.8283
1998,Haiti,1.2348
1998,Honduras,4.8106
1998,Hong Kong,38.925
1998,Hungary,61.2554
1998,Iceland,2.6383
1998,India,875.7834
1998,Indonesia,244.3153
1998,Iran,305.6416
1998,Iraq,80.9839
1998,Ireland,40.7084
1998,Israel,56.0098
1998,Italy,460.8244
1998,Jamaica,9.694
1998,Japan,1201.3344
1998,Jordan,14.4474
1998,Kazakhstan,145.6219
1998,Kenya,9.9985
1998,Kiribati,0.029312
1998,Kosovo,
1998,Kuwait,52.9104
1998,Kyrgyzstan,5.901
1998,Laos,0.82007
1998,Latvia,8.306
1998,Lebanon,16.2865
1998,Lesotho,1.8027
1998,Liberia,0.47305
1998,Libya,51.6526
1998,Liechtenstein,0.22923
1998,Lithuania,15.9971
1998,Luxembourg,7.6568
1998,Macao,1.4436
1998,Madagascar,1.6191
1998,Malawi,0.90175
1998,Malaysia,109.7817
1998,Maldives,0.30045
1998,Mali,0.93066
1998,Malta,2.5249
1998,Marshall Islands,0.0916
1998,Martinique,
1998,Mauritania,1.0736
1998,Mauritius,2.1691
1998,Mexico,381.1018
1998,Micronesia (Federated States of),0.20518
1998,Moldova,6.4438
1998,Mongolia,7.6215
1998,Montenegro,1.9801
1998,Montserrat,0.029312
1998,Morocco,30.8812
1998,Mozambique,1.1119
1998,Myanmar,8.0462
1998,Namibia,1.865
1998,Nauru,0.098928
1998,Nepal,2.2233
1998,Netherlands,176.3962
1998,New Caledonia,1.81
1998,New Zealand,29.8373
1998,Nicaragua,3.3857
1998,Niger,0.69617
1998,Nigeria,86.3382
1998,Niue,0.007328
1998,North Korea,58.7493
1998,North Macedonia,9.6472
1998,Norway,41.838
1998,Occupied Palestinian Territory,1.4583
1998,Oman,18.5431
1998,Pakistan,96.7407
1998,Palau,0.20152
1998,Panama,5.8351
1998,Papua New Guinea,3.5362
1998,Paraguay,4.3737
1998,Peru,28.0658
1998,Philippines,67.3787
1998,Poland,338.98
1998,Portugal,59.2109
1998,Qatar,36.96
1998,Republic of South Sudan,0.37698
1998,Romania,104.7834
1998,Russian Federation,1465.8587
1998,Rwanda,0.48152
1998,Réunion,
1998,Saint Helena,0.010992
1998,Saint Kitts and Nevis,0.15022
1998,Saint Lucia,0.32243
1998,Saint Pierre and Miquelon,0.05496
1998,Saint Vincent and the Grenadines,0.16122
1998,Samoa,0.13923
1998,Sao Tome and Principe,0.047632
1998,Saudi Arabia,218.915
1998,Senegal,3.3336
1998,Serbia,51.6908
1998,Seychelles,0.28946
1998,Sierra Leone,0.21984
1998,Singapore,47.4122
1998,Slovakia,43.8775
1998,Slovenia,16.0446
1998,Solomon Islands,0.21251
1998,Somalia,0.50563
1998,South Africa,377.2735
1998,South Korea,378.0378
1998,Spain,273.6498
1998,Sri Lanka,7.6213
1998,Sudan,4.3724
1998,Suriname,2.1051
1998,Swaziland,1.1615
1998,Sweden,58.7672
1998,Switzerland,44.6225
1998,Syria,53.4963
1998,Taiwan,200.546
1998,Tajikistan,2.4966
1998,Tanzania,2.4809
1998,Thailand,159.704
1998,Timor-Leste,0.060535
1998,Togo,1.29
1998,Tonga,0.0916
1998,Trinidad and Tobago,19.8923
1998,Tunisia,18.2921
1998,Turkey,215.5858
1998,Turkmenistan,33.4455
1998,Turks and Caicos Islands,0.087936
1998,Tuvalu,0.007328
1998,Uganda,1.2088
1998,Ukraine,328.878
1998,United Arab Emirates,80.6245
1998,United Kingdom,568.5437
1998,United States of America,5736.3601
1998,Uruguay,5.651
1998,Uzbekistan,120.9761
1998,Vanuatu,0.076944
1998,Venezuela,134.9932
1998,Vietnam,47.8664
1998,Wallis and Futuna Islands,0.021984
1998,Western Sahara,
1998,Yemen,12.9309
1998,Zambia,2.2785
1998,Zimbabwe,14.1275
1999,Afghanistan,1.0916
1999,Albania,2.9862
1999,Algeria,90.6129
1999,Andorra,0.51296
1999,Angola,17.2613
1999,Anguilla,0.069616
1999,Antigua and Barbuda,0.34442
1999,Argentina,148.3446
1999,Armenia,3.0402
1999,Aruba,0.80974
1999,Australia,343.8762
1999,Austria,65.6677
1999,Azerbaijan,28.8216
1999,Bahamas,2.0335
1999,Bahrain,18.254
1999,Bangladesh,25.0933
1999,Barbados,1.3017
1999,Belarus,58.0758
1999,Belgium,124.7186
1999,Belize,0.34808
1999,Benin,1.4619
1999,Bermuda,0.51296
1999,Bhutan,0.38587
1999,Bolivia,10.9503
1999,"Bonaire, Saint Eustatius and Saba",0.03489
1999,Bosnia and Herzegovina,10.3333
1999,Botswana,3.1584
1999,Brazil,327.2557
1999,British Virgin Islands,0.11358
1999,Brunei Darussalam,5.9781
1999,Bulgaria,46.3713
1999,Burkina Faso,1.0402
1999,Burundi,0.25282
1999,Cambodia,1.8943
1999,Cameroon,5.2194
1999,Canada,543.8595
1999,Cape Verde,0.28579
1999,Cayman Islands,
1999,Central African Republic,0.23083
1999,Chad,0.47358
1999,Chile,61.408
1999,China,3549.9491
1999,Colombia,55.2859
1999,Comoros,0.095264
1999,Congo,3.9156
1999,Cook Islands,0.051296
1999,Costa Rica,5.4154
1999,Croatia,20.0822
1999,Cuba,24.4892
1999,Curaçao,1.871
1999,Cyprus,6.8634
1999,Czech Republic,116.6689
1999,Côte d'Ivoire,6.0954
1999,Democratic Republic of the Congo,2.1994
1999,Denmark,58.6528
1999,Djibouti,0.38838
1999,Dominica,0.080608
1999,Dominican Republic,17.7749
1999,Ecuador,21.9968
1999,Egypt,126.9872
1999,El Salvador,5.5669
1999,Equatorial Guinea,2.5106
1999,Eritrea,0.61545
1999,Estonia,15.9295
1999,Ethiopia,3.0943
1999,Faeroe Islands,0.63387
1999,Falkland Islands (Malvinas),
1999,Fiji,0.75647
1999,Finland,58.874
1999,France,413.0702
1999,French Guiana,
1999,French Polynesia,0.59357
1999,Gabon,6.014
1999,Gambia,0.2748
1999,Georgia,4.2458
1999,Germany,895.4421
1999,Ghana,5.6132
1999,Gibraltar,
1999,Greece,97.9344
1999,Greenland,0.5941
1999,Grenada,0.19053
1999,Guadeloupe,
1999,Guatemala,8.8739
1999,Guinea,1.385
1999,Guinea-Bissau,0.098928
1999,Guyana,1.8357
1999,Haiti,1.2714
1999,Honduras,4.7046
1999,Hong Kong,42.549
1999,Hungary,61.5752
1999,Iceland,2.8409
1999,India,961.1938
1999,Indonesia,291.7707
1999,Iran,374.4523
1999,Iraq,82.4162
1999,Ireland,42.4403
1999,Israel,54.756
1999,Italy,465.5078
1999,Jamaica,9.9582
1999,Japan,1238.121
1999,Jordan,14.4673
1999,Kazakhstan,118.7616
1999,Kenya,10.0205
1999,Kiribati,0.029312
1999,Kosovo,
1999,Kuwait,55.0852
1999,Kyrgyzstan,4.6424
1999,Laos,0.84568
1999,Latvia,7.7179
1999,Lebanon,16.4297
1999,Lesotho,1.8247
1999,Liberia,0.37614
1999,Libya,50.2599
1999,Liechtenstein,0.22656
1999,Lithuania,13.4496
1999,Luxembourg,8.1193
1999,Macao,1.4253
1999,Madagascar,1.7664
1999,Malawi,0.89326
1999,Malaysia,103.9865
1999,Maldives,0.42136
1999,Mali,0.97096
1999,Malta,2.5729
1999,Marshall Islands,0.0916
1999,Martinique,
1999,Mauritania,1.0955
1999,Mauritius,2.4256
1999,Mexico,386.0364
1999,Micronesia (Federated States of),0.19053
1999,Moldova,4.6845
1999,Mongolia,7.4876
1999,Montenegro,1.3655
1999,Montserrat,0.03664
1999,Morocco,31.9893
1999,Mozambique,1.1683
1999,Myanmar,8.9336
1999,Namibia,1.7404
1999,Nauru,0.0916
1999,Nepal,3.1911
1999,Netherlands,171.053
1999,New Caledonia,2.0555
1999,New Zealand,31.4426
1999,Nicaragua,3.5901
1999,Niger,0.68164
1999,Nigeria,84.8377
1999,Niue,0.007328
1999,North Korea,64.1435
1999,North Macedonia,8.7827
1999,Norway,42.609
1999,Occupied Palestinian Territory,1.3667
1999,Oman,22.0761
1999,Pakistan,99.3893
1999,Palau,0.20152
1999,Panama,5.552
1999,Papua New Guinea,2.5485
1999,Paraguay,4.3624
1999,Peru,29.5624
1999,Philippines,67.295
1999,Poland,329.2043
1999,Portugal,66.8782
1999,Qatar,36.3246
1999,Republic of South Sudan,0.40883
1999,Romania,88.8986
1999,Russian Federation,1494.0878
1999,Rwanda,0.50241
1999,Réunion,
1999,Saint Helena,0.010992
1999,Saint Kitts and Nevis,0.15755
1999,Saint Lucia,0.33709
1999,Saint Pierre and Miquelon,0.05496
1999,Saint Vincent and the Grenadines,0.16488
1999,Samoa,0.13923
1999,Sao Tome and Principe,0.047632
1999,Saudi Arabia,237.7164
1999,Senegal,3.6036
1999,Serbia,35.6515
1999,Seychelles,0.30411
1999,Sierra Leone,0.17587
1999,Singapore,49.2002
1999,Slovakia,43.0884
1999,Slovenia,15.4186
1999,Solomon Islands,0.21984
1999,Somalia,0.48731
1999,South Africa,374.869
1999,South Korea,410.5188
1999,Spain,297.0249
1999,Sri Lanka,8.3814
1999,Sudan,4.7534
1999,Suriname,2.1233
1999,Swaziland,1.2421
1999,Sweden,55.9366
1999,Switzerland,44.4465
1999,Syria,55.5341
1999,Taiwan,208.023
1999,Tajikistan,2.5189
1999,Tanzania,2.4588
1999,Thailand,167.2347
1999,Timor-Leste,0.15297
1999,Togo,1.8504
1999,Tonga,0.10992
1999,Trinidad and Tobago,22.5804
1999,Tunisia,18.7092
1999,Turkey,211.2381
1999,Turkmenistan,39.7969
1999,Turks and Caicos Islands,0.098928
1999,Tuvalu,0.007328
1999,Uganda,1.2547
1999,Ukraine,298.6356
1999,United Arab Emirates,77.8441
1999,United Kingdom,561.6496
1999,United States of America,5800.2814
1999,Uruguay,6.6893
1999,Uzbekistan,123.5877
1999,Vanuatu,0.080608
1999,Venezuela,143.1259
1999,Vietnam,48.5483
1999,Wallis and Futuna Islands,0.021984
1999,Western Sahara,
1999,Yemen,14.7963
1999,Zambia,1.7776
1999,Zimbabwe,15.7241
2000,Afghanistan,1.0471
2000,Albania,3.0249
2000,Algeria,84.5525
2000,Andorra,0.52395
2000,Angola,15.9951
2000,Anguilla,0.080608
2000,Antigua and Barbuda,0.35541
2000,Argentina,143.3548
2000,Armenia,3.4914
2000,Aruba,2.3779
2000,Australia,349.8977
2000,Austria,66.204
2000,Azerbaijan,29.7653
2000,Bahamas,2.0262
2000,Bahrain,19.1994
2000,Bangladesh,26.5393
2000,Barbados,1.3091
2000,Belarus,55.0145
2000,Belgium,126.7757
2000,Belize,0.39571
2000,Benin,1.4729
2000,Bermuda,0.51662
2000,Bhutan,0.39687
2000,Bolivia,8.4423
2000,"Bonaire, Saint Eustatius and Saba",0.092577
2000,Bosnia and Herzegovina,13.7021
2000,Botswana,3.7776
2000,Brazil,340.1828
2000,British Virgin Islands,0.11725
2000,Brunei Darussalam,5.8862
2000,Bulgaria,45.4993
2000,Burkina Faso,0.93078
2000,Burundi,0.27114
2000,Cambodia,1.9969
2000,Cameroon,5.5886
2000,Canada,566.6799
2000,Cape Verde,0.29678
2000,Cayman Islands,
2000,Central African Republic,0.12458
2000,Chad,0.48751
2000,Chile,58.5026
2000,China,3643.8095
2000,Colombia,56.2129
2000,Comoros,0.10259
2000,Congo,4.2843
2000,Cook Islands,0.051296
2000,Costa Rica,5.3672
2000,Croatia,19.6527
2000,Cuba,25.2992
2000,Curaçao,4.9644
2000,Cyprus,7.1069
2000,Czech Republic,127.2335
2000,Côte d'Ivoire,6.6301
2000,Democratic Republic of the Congo,1.7047
2000,Denmark,54.3066
2000,Djibouti,0.3664
2000,Dominica,0.10259
2000,Dominican Republic,18.937
2000,Ecuador,20.9492
2000,Egypt,142.8369
2000,El Salvador,5.6477
2000,Equatorial Guinea,2.6993
2000,Eritrea,0.60443
2000,Estonia,15.471
2000,Ethiopia,3.4629
2000,Faeroe Islands,0.68883
2000,Falkland Islands (Malvinas),
2000,Fiji,0.81485
2000,Finland,57.017
2000,France,407.4446
2000,French Guiana,
2000,French Polynesia,0.68517
2000,Gabon,6.1282
2000,Gambia,0.2748
2000,Georgia,4.4974
2000,Germany,898.9758
2000,Ghana,5.3128
2000,Gibraltar,
2000,Greece,102.9728
2000,Greenland,0.6672
2000,Grenada,0.18686
2000,Guadeloupe,
2000,Guatemala,9.742
2000,Guinea,1.4436
2000,Guinea-Bissau,0.051296
2000,Guyana,1.7477
2000,Haiti,1.6341
2000,Honduras,5.0315
2000,Hong Kong,39.7654
2000,Hungary,58.2444
2000,Iceland,2.9327
2000,India,987.0651
2000,Indonesia,281.0544
2000,Iran,367.2133
2000,Iraq,83.7217
2000,Ireland,45.2495
2000,Israel,59.5194
2000,Italy,469.5983
2000,Jamaica,10.314
2000,Japan,1260.203
2000,Jordan,15.4009
2000,Kazakhstan,142.197
2000,Kenya,10.3849
2000,Kiribati,0.03664
2000,Kosovo,4.8072
2000,Kuwait,54.9799
2000,Kyrgyzstan,4.5753
2000,Laos,0.9604
2000,Latvia,7.0816
2000,Lebanon,15.4663
2000,Lesotho,1.8503
2000,Liberia,0.40243
2000,Libya,53.2385
2000,Liechtenstein,0.21686
2000,Lithuania,11.843
2000,Luxembourg,8.7023
2000,Macao,1.5279
2000,Madagascar,1.9552
2000,Malawi,0.85398
2000,Malaysia,122.8814
2000,Maldives,0.45067
2000,Mali,1.0662
2000,Malta,2.4682
2000,Marshall Islands,0.098928
2000,Martinique,
2000,Mauritania,1.1139
2000,Mauritius,2.6894
2000,Mexico,391.4353
2000,Micronesia (Federated States of),0.17954
2000,Moldova,3.573
2000,Mongolia,7.4319
2000,Montenegro,1.5155
2000,Montserrat,0.025648
2000,Morocco,33.199
2000,Mozambique,1.3219
2000,Myanmar,10.2194
2000,Namibia,1.7184
2000,Nauru,0.087936
2000,Nepal,3.0374
2000,Netherlands,172.1539
2000,New Caledonia,2.224
2000,New Zealand,32.2211
2000,Nicaragua,3.7097
2000,Niger,0.6835
2000,Nigeria,96.831
2000,Niue,0.007328
2000,North Korea,69.165
2000,North Macedonia,8.4676
2000,Norway,42.131
2000,Occupied Palestinian Territory,1.6598
2000,Oman,23.9844
2000,Pakistan,103.9397
2000,Palau,0.20885
2000,Panama,5.6358
2000,Papua New Guinea,2.9379
2000,Paraguay,3.5925
2000,Peru,28.6775
2000,Philippines,71.4667
2000,Poland,317.3062
2000,Portugal,65.5036
2000,Qatar,40.4065
2000,Republic of South Sudan,0.44452
2000,Romania,93.2063
2000,Russian Federation,1480.5764
2000,Rwanda,0.51513
2000,Réunion,
2000,Saint Helena,0.010992
2000,Saint Kitts and Nevis,0.17221
2000,Saint Lucia,0.34075
2000,Saint Pierre and Miquelon,0.05496
2000,Saint Vincent and the Grenadines,0.1429
2000,Samoa,0.1429
2000,Sao Tome and Principe,0.051296
2000,Saudi Arabia,309.6391
2000,Senegal,3.9021
2000,Serbia,39.6065
2000,Seychelles,0.31877
2000,Sierra Leone,0.27114
2000,Singapore,37.3687
2000,Slovakia,41.187
2000,Slovenia,15.0598
2000,Solomon Islands,0.22717
2000,Somalia,0.5093
2000,South Africa,378.3325
2000,South Korea,439.9807
2000,Spain,309.2595
2000,Sri Lanka,9.9904
2000,Sudan,5.2916
2000,Suriname,2.1928
2000,Swaziland,1.2055
2000,Sweden,54.8924
2000,Switzerland,43.6205
2000,Syria,54.5268
2000,Taiwan,226.934
2000,Tajikistan,2.2365
2000,Tanzania,2.5718
2000,Thailand,167.3522
2000,Timor-Leste,0.21986
2000,Togo,1.3314
2000,Tonga,0.098928
2000,Trinidad and Tobago,24.35
2000,Tunisia,19.436
2000,Turkey,232.934
2000,Turkmenistan,39.3615
2000,Turks and Caicos Islands,0.10626
2000,Tuvalu,0.007328
2000,Uganda,1.3609
2000,Ukraine,285.6635
2000,United Arab Emirates,112.2768
2000,United Kingdom,569.0337
2000,United States of America,6023.1576
2000,Uruguay,5.277
2000,Uzbekistan,123.4785
2000,Vanuatu,0.084272
2000,Venezuela,142.9023
2000,Vietnam,53.9355
2000,Wallis and Futuna Islands,0.021984
2000,Western Sahara,
2000,Yemen,15.8317
2000,Zambia,1.7841
2000,Zimbabwe,13.8145
2001,Afghanistan,1.0691
2001,Albania,3.2207
2001,Algeria,86.0192
2001,Andorra,0.52395
2001,Angola,15.9085
2001,Anguilla,0.084272
2001,Antigua and Barbuda,0.37373
2001,Argentina,135.004
2001,Armenia,3.5327
2001,Aruba,2.4072
2001,Australia,357.6678
2001,Austria,70.1907
2001,Azerbaijan,28.4155
2001,Bahamas,1.9456
2001,Bahrain,19.6793
2001,Bangladesh,31.0642
2001,Barbados,1.3075
2001,Belarus,54.1047
2001,Belgium,126.085
2001,Belize,0.44701
2001,Benin,1.6891
2001,Bermuda,0.52762
2001,Bhutan,0.46354
2001,Bolivia,8.7523
2001,"Bonaire, Saint Eustatius and Saba",0.09427
2001,Bosnia and Herzegovina,13.2627
2001,Botswana,3.8472
2001,Brazil,346.1657
2001,British Virgin Islands,0.12824
2001,Brunei Darussalam,5.758
2001,Bulgaria,49.0196
2001,Burkina Faso,1.0644
2001,Burundi,0.20518
2001,Cambodia,2.235
2001,Cameroon,5.5624
2001,Canada,558.9806
2001,Cape Verde,0.34808
2001,Cayman Islands,
2001,Central African Republic,0.1429
2001,Chad,0.50559
2001,Chile,52.9184
2001,China,3724.1142
2001,Colombia,56.4651
2001,Comoros,0.10626
2001,Congo,4.1778
2001,Cook Islands,0.05496
2001,Costa Rica,5.6379
2001,Croatia,20.7759
2001,Cuba,24.6809
2001,Curaçao,5.0552
2001,Cyprus,6.9797
2001,Czech Republic,127.1652
2001,Côte d'Ivoire,7.6533
2001,Democratic Republic of the Congo,1.6475
2001,Denmark,55.8967
2001,Djibouti,0.3664
2001,Dominica,0.10992
2001,Dominican Republic,19.0827
2001,Ecuador,23.436
2001,Egypt,126.372
2001,El Salvador,5.8294
2001,Equatorial Guinea,3.091
2001,Eritrea,0.63734
2001,Estonia,15.8699
2001,Ethiopia,4.2646
2001,Faeroe Islands,0.76211
2001,Falkland Islands (Malvinas),
2001,Fiji,1.0039
2001,Finland,62.52
2001,France,411.5916
2001,French Guiana,
2001,French Polynesia,0.76944
2001,Gabon,6.48
2001,Gambia,0.30045
2001,Georgia,3.7229
2001,Germany,915.2548
2001,Ghana,5.9687
2001,Gibraltar,
2001,Greece,105.3615
2001,Greenland,0.6178
2001,Grenada,0.19419
2001,Guadeloupe,
2001,Guatemala,10.1475
2001,Guinea,1.5169
2001,Guinea-Bissau,0.047632
2001,Guyana,1.7404
2001,Haiti,1.4664
2001,Honduras,5.6649
2001,Hong Kong,37.2885
2001,Hungary,59.8278
2001,Iceland,2.865
2001,India,1001.1984
2001,Indonesia,316.7594
2001,Iran,389.9124
2001,Iraq,96.802
2001,Ireland,47.6077
2001,Israel,63.0236
2001,Italy,469.6793
2001,Jamaica,10.5764
2001,Japan,1245.9352
2001,Jordan,15.8579
2001,Kazakhstan,138.0365
2001,Kenya,9.2236
2001,Kiribati,0.032976
2001,Kosovo,6.0932
2001,Kuwait,59.1194
2001,Kyrgyzstan,3.8567
2001,Laos,1.0592
2001,Latvia,7.4965
2001,Lebanon,16.4066
2001,Lesotho,1.8723
2001,Liberia,0.41375
2001,Libya,53.1136
2001,Liechtenstein,0.21467
2001,Lithuania,12.5937
2001,Luxembourg,9.2054
2001,Macao,1.5609
2001,Madagascar,1.7467
2001,Malawi,0.77729
2001,Malaysia,130.89
2001,Maldives,0.46166
2001,Mali,1.1615
2001,Malta,2.7366
2001,Marshall Islands,0.10259
2001,Martinique,
2001,Mauritania,1.1725
2001,Mauritius,2.8616
2001,Mexico,407.4847
2001,Micronesia (Federated States of),0.16488
2001,Moldova,3.7866
2001,Mongolia,7.804
2001,Montenegro,1.627
2001,Montserrat,0.025648
2001,Morocco,36.8089
2001,Mozambique,1.554
2001,Myanmar,8.8557
2001,Namibia,2.2314
2001,Nauru,0.080608
2001,Nepal,3.2361
2001,Netherlands,177.4642
2001,New Caledonia,1.8766
2001,New Zealand,34.3563
2001,Nicaragua,3.9095
2001,Niger,0.64617
2001,Nigeria,100.2182
2001,Niue,0.007328
2001,North Korea,71.668
2001,North Macedonia,8.2915
2001,Norway,43.519
2001,Occupied Palestinian Territory,1.3447
2001,Oman,22.5117
2001,Pakistan,105.4007
2001,Palau,0.21251
2001,Panama,6.9094
2001,Papua New Guinea,3.336
2001,Paraguay,3.6873
2001,Peru,25.2602
2001,Philippines,69.7989
2001,Poland,313.2671
2001,Portugal,65.1873
2001,Qatar,45.9144
2001,Republic of South Sudan,0.51148
2001,Romania,98.9281
2001,Russian Federation,1518.0814
2001,Rwanda,0.519
2001,Réunion,
2001,Saint Helena,0.010992
2001,Saint Kitts and Nevis,0.17587
2001,Saint Lucia,0.35907
2001,Saint Pierre and Miquelon,0.05496
2001,Saint Vincent and the Grenadines,0.17587
2001,Samoa,0.15389
2001,Sao Tome and Principe,0.051296
2001,Saudi Arabia,324.3736
2001,Senegal,4.2581
2001,Serbia,42.541
2001,Seychelles,0.34075
2001,Sierra Leone,0.37373
2001,Singapore,38.5252
2001,Slovakia,43.2727
2001,Slovenia,16.3092
2001,Solomon Islands,0.23816
2001,Somalia,0.54227
2001,South Africa,371.602
2001,South Korea,455.6306
2001,Spain,311.0313
2001,Sri Lanka,10.1577
2001,Sudan,6.0176
2001,Suriname,2.3635
2001,Swaziland,1.0992
2001,Sweden,55.7823
2001,Switzerland,45.0849
2001,Syria,51.3429
2001,Taiwan,231.431
2001,Tajikistan,2.2874
2001,Tanzania,3.0408
2001,Thailand,172.2668
2001,Timor-Leste,0.11884
2001,Togo,1.1589
2001,Tonga,0.0916
2001,Trinidad and Tobago,26.7397
2001,Tunisia,20.2606
2001,Turkey,216.8725
2001,Turkmenistan,34.0342
2001,Turks and Caicos Islands,0.11358
2001,Tuvalu,0.007328
2001,Uganda,1.4171
2001,Ukraine,303.876
2001,United Arab Emirates,101.8955
2001,United Kingdom,577.9706
2001,United States of America,5903.5622
2001,Uruguay,5.0405
2001,Uzbekistan,126.2225
2001,Vanuatu,0.080608
2001,Venezuela,130.6178
2001,Vietnam,60.9834
2001,Wallis and Futuna Islands,0.025648
2001,Western Sahara,
2001,Yemen,17.1942
2001,Zambia,1.8856
2001,Zimbabwe,12.5087
2002,Afghanistan,1.3411
2002,Albania,3.7483
2002,Algeria,89.6584
2002,Andorra,0.53128
2002,Angola,16.08
2002,Anguilla,0.084272
2002,Antigua and Barbuda,0.40304
2002,Argentina,124.9301
2002,Armenia,3.0768
2002,Aruba,2.4366
2002,Australia,362.4249
2002,Austria,71.9884
2002,Azerbaijan,28.5703
2002,Bahamas,2.0335
2002,Bahrain,20.1117
2002,Bangladesh,32.0069
2002,Barbados,1.3168
2002,Belarus,53.9441
2002,Belgium,126.8831
2002,Belize,0.43235
2002,Benin,2.1101
2002,Bermuda,0.55693
2002,Bhutan,0.494
2002,Bolivia,10.415
2002,"Bonaire, Saint Eustatius and Saba",0.090884
2002,Bosnia and Herzegovina,14.1726
2002,Botswana,3.9754
2002,Brazil,347.765
2002,British Virgin Islands,0.13923
2002,Brunei Darussalam,5.2854
2002,Bulgaria,46.141
2002,Burkina Faso,1.0673
2002,Burundi,0.21251
2002,Cambodia,2.1544
2002,Cameroon,5.3506
2002,Canada,564.2562
2002,Cape Verde,0.38472
2002,Cayman Islands,
2002,Central African Republic,0.11725
2002,Chad,0.53121
2002,Chile,54.8356
2002,China,4098.1805
2002,Colombia,55.4167
2002,Comoros,0.10626
2002,Congo,2.7203
2002,Cook Islands,0.043968
2002,Costa Rica,6.2143
2002,Croatia,21.9155
2002,Cuba,25.1792
2002,Curaçao,4.8736
2002,Cyprus,7.1719
2002,Czech Republic,123.9881
2002,Côte d'Ivoire,7.4502
2002,Democratic Republic of the Congo,1.7341
2002,Denmark,55.5544
2002,Djibouti,0.39938
2002,Dominica,0.10259
2002,Dominican Republic,20.8702
2002,Ecuador,24.8614
2002,Egypt,128.3619
2002,El Salvador,6.0356
2002,Equatorial Guinea,2.7651
2002,Eritrea,0.50903
2002,Estonia,15.358
2002,Ethiopia,4.4317
2002,Faeroe Islands,0.72914
2002,Falkland Islands (Malvinas),
2002,Fiji,0.83539
2002,Finland,65.049
2002,France,407.0266
2002,French Guiana,
2002,French Polynesia,0.80608
2002,Gabon,6.2503
2002,Gambia,0.30045
2002,Georgia,3.3465
2002,Germany,898.8343
2002,Ghana,6.4833
2002,Gibraltar,
2002,Greece,105.0003
2002,Greenland,0.5794
2002,Grenada,0.20152
2002,Guadeloupe,
2002,Guatemala,10.6935
2002,Guinea,1.5792
2002,Guinea-Bissau,0.062288
2002,Guyana,1.7111
2002,Haiti,1.7777
2002,Honduras,5.9453
2002,Hong Kong,39.0033
2002,Hungary,58.842
2002,Iceland,2.992
2002,India,1032.7503
2002,Indonesia,308.2013
2002,Iran,397.0314
2002,Iraq,97.0905
2002,Ireland,46.0814
2002,Israel,59.3049
2002,Italy,477.1363
2002,Jamaica,10.2026
2002,Japan,1275.4203
2002,Jordan,16.7071
2002,Kazakhstan,156.7682
2002,Kenya,7.8191
2002,Kiribati,0.040304
2002,Kosovo,6.0603
2002,Kuwait,60.1135
2002,Kyrgyzstan,4.9172
2002,Laos,1.1658
2002,Latvia,7.5204
2002,Lebanon,16.2437
2002,Lesotho,1.9053
2002,Liberia,0.43203
2002,Libya,52.525
2002,Liechtenstein,0.22002
2002,Lithuania,12.666
2002,Luxembourg,9.9785
2002,Macao,1.3887
2002,Madagascar,1.2321
2002,Malawi,0.85624
2002,Malaysia,132.0352
2002,Maldives,0.5899
2002,Mali,1.2091
2002,Malta,2.7473
2002,Marshall Islands,0.10992
2002,Martinique,
2002,Mauritania,1.2494
2002,Mauritius,2.8836
2002,Mexico,410.301
2002,Micronesia (Federated States of),0.15022
2002,Moldova,4.0517
2002,Mongolia,8.1966
2002,Montenegro,1.7405
2002,Montserrat,0.043968
2002,Morocco,37.3095
2002,Mozambique,1.5371
2002,Myanmar,9.3281
2002,Namibia,1.9712
2002,Nauru,0.076944
2002,Nepal,2.5964
2002,Netherlands,176.7382
2002,New Caledonia,2.3922
2002,New Zealand,34.5192
2002,Nicaragua,3.9756
2002,Niger,0.68466
2002,Nigeria,89.9063
2002,Niue,0.007328
2002,North Korea,68.6417
2002,North Macedonia,7.8373
2002,Norway,42.571
2002,Occupied Palestinian Territory,1.1542
2002,Oman,26.979
2002,Pakistan,110.5662
2002,Palau,0.21251
2002,Panama,5.71
2002,Papua New Guinea,3.6661
2002,Paraguay,3.8533
2002,Peru,25.5917
2002,Philippines,69.4917
2002,Poland,305.8524
2002,Portugal,69.5826
2002,Qatar,45.1746
2002,Republic of South Sudan,0.65189
2002,Romania,99.0689
2002,Russian Federation,1508.3298
2002,Rwanda,0.51154
2002,Réunion,
2002,Saint Helena,0.010992
2002,Saint Kitts and Nevis,0.19419
2002,Saint Lucia,0.35541
2002,Saint Pierre and Miquelon,0.058624
2002,Saint Vincent and the Grenadines,0.18686
2002,Samoa,0.16122
2002,Sao Tome and Principe,0.05496
2002,Saudi Arabia,346.9305
2002,Senegal,4.4369
2002,Serbia,45.4864
2002,Seychelles,0.34808
2002,Sierra Leone,0.50197
2002,Singapore,40.2084
2002,Slovakia,42.0337
2002,Slovenia,16.5709
2002,Solomon Islands,0.24549
2002,Somalia,0.57525
2002,South Africa,356.5012
2002,South Korea,476.0649
2002,Spain,331.0282
2002,Sri Lanka,10.7867
2002,Sudan,7.6336
2002,Suriname,1.5608
2002,Swaziland,1.0809
2002,Sweden,56.6338
2002,Switzerland,43.4671
2002,Syria,40.7269
2002,Taiwan,238.567
2002,Tajikistan,1.8724
2002,Tanzania,3.4856
2002,Thailand,184.6655
2002,Timor-Leste,0.26188
2002,Togo,1.3225
2002,Tonga,0.095264
2002,Trinidad and Tobago,28.6825
2002,Tunisia,20.38
2002,Turkey,224.3198
2002,Turkmenistan,30.1308
2002,Turks and Caicos Islands,0.15022
2002,Tuvalu,0.010992
2002,Uganda,1.4426
2002,Ukraine,295.9009
2002,United Arab Emirates,85.213
2002,United Kingdom,560.2732
2002,United States of America,5947.8191
2002,Uruguay,4.5692
2002,Uzbekistan,132.5766
2002,Vanuatu,0.076944
2002,Venezuela,164.2329
2002,Vietnam,69.531
2002,Wallis and Futuna Islands,0.025648
2002,Western Sahara,
2002,Yemen,16.7072
2002,Zambia,1.9609
2002,Zimbabwe,11.8958
2003,Afghanistan,1.5597
2003,Albania,4.3035
2003,Algeria,94.0779
2003,Andorra,0.53494
2003,Angola,17.4844
2003,Anguilla,0.087936
2003,Antigua and Barbuda,0.43235
2003,Argentina,134.421
2003,Armenia,3.4556
2003,Aruba,2.5611
2003,Australia,370.7844
2003,Austria,77.4119
2003,Azerbaijan,30.4876
2003,Bahamas,2.0702
2003,Bahrain,20.9764
2003,Bangladesh,33.4959
2003,Barbados,1.3585
2003,Belarus,55.2363
2003,Belgium,128.292
2003,Belize,0.43235
2003,Benin,2.394
2003,Bermuda,0.56059
2003,Bhutan,0.49401
2003,Bolivia,10.9831
2003,"Bonaire, Saint Eustatius and Saba",0.090944
2003,Bosnia and Herzegovina,14.3581
2003,Botswana,3.8252
2003,Brazil,344.6449
2003,British Virgin Islands,0.14656
2003,Brunei Darussalam,6.1396
2003,Bulgaria,50.4912
2003,Burkina Faso,1.1845
2003,Burundi,0.16854
2003,Cambodia,2.2534
2003,Cameroon,5.7046
2003,Canada,581.1904
2003,Cape Verde,0.41403
2003,Cayman Islands,
2003,Central African Republic,0.11358
2003,Chad,0.88241
2003,Chile,55.1002
2003,China,4835.252
2003,Colombia,57.0335
2003,Comoros,0.13557
2003,Congo,3.2581
2003,Cook Islands,0.047632
2003,Costa Rica,6.551
2003,Croatia,23.2262
2003,Cuba,25.5544
2003,Curaçao,4.8769
2003,Cyprus,7.5608
2003,Czech Republic,127.5917
2003,Côte d'Ivoire,5.3005
2003,Democratic Republic of the Congo,2.0961
2003,Denmark,60.6454
2003,Djibouti,0.42136
2003,Dominica,0.11725
2003,Dominican Republic,21.2605
2003,Ecuador,27.1126
2003,Egypt,149.954
2003,El Salvador,6.396
2003,Equatorial Guinea,3.1298
2003,Eritrea,0.78009
2003,Estonia,17.2507
2003,Ethiopia,4.8702
2003,Faeroe Islands,0.7328
2003,Falkland Islands (Malvinas),
2003,Fiji,0.99294
2003,Finland,72.658
2003,France,412.9891
2003,French Guiana,
2003,French Polynesia,0.83539
2003,Gabon,6.7461
2003,Gambia,0.30045
2003,Georgia,3.7305
2003,Germany,894.5011
2003,Ghana,6.6846
2003,Gibraltar,
2003,Greece,109.0666
2003,Greenland,0.6493
2003,Grenada,0.21251
2003,Guadeloupe,
2003,Guatemala,10.4114
2003,Guinea,1.6525
2003,Guinea-Bissau,0.07328
2003,Guyana,1.8686
2003,Haiti,1.6921
2003,Honduras,6.6868
2003,Hong Kong,42.7332
2003,Hungary,61.6112
2003,Iceland,2.9854
2003,India,1068.398
2003,Indonesia,339.0239
2003,Iran,410.9667
2003,Iraq,101.4243
2003,Ireland,45.684
2003,Israel,62.4147
2003,Italy,495.0938
2003,Jamaica,10.6671
2003,Japan,1283.8449
2003,Jordan,17.2733
2003,Kazakhstan,175.022
2003,Kenya,6.7162
2003,Kiribati,0.040304
2003,Kosovo,6.4376
2003,Kuwait,62.4908
2003,Kyrgyzstan,5.3755
2003,Laos,1.221
2003,Latvia,7.726
2003,Lebanon,18.529
2003,Lesotho,1.9309
2003,Liberia,0.46066
2003,Libya,55.4806
2003,Liechtenstein,0.22935
2003,Lithuania,12.6594
2003,Luxembourg,10.4509
2003,Macao,1.4216
2003,Madagascar,1.6994
2003,Malawi,0.91484
2003,Malaysia,153.3843
2003,Maldives,0.5093
2003,Mali,1.2458
2003,Malta,2.9609
2003,Marshall Islands,0.10992
2003,Martinique,
2003,Mauritania,1.2861
2003,Mauritius,3.0594
2003,Mexico,435.9687
2003,Micronesia (Federated States of),0.16122
2003,Moldova,4.4043
2003,Mongolia,7.9346
2003,Montenegro,1.8633
2003,Montserrat,0.03664
2003,Morocco,36.5701
2003,Mozambique,1.8555
2003,Myanmar,9.9971
2003,Namibia,2.0921
2003,Nauru,0.065952
2003,Nepal,2.8104
2003,Netherlands,180.1687
2003,New Caledonia,2.7256
2003,New Zealand,36.2196
2003,Nicaragua,4.3104
2003,Niger,0.7437
2003,Nigeria,100.0297
2003,Niue,0.003664
2003,North Korea,70.1428
2003,North Macedonia,8.5333
2003,Norway,43.919
2003,Occupied Palestinian Territory,1.2751
2003,Oman,34.5634
2003,Pakistan,113.1418
2003,Palau,0.21251
2003,Panama,5.9287
2003,Papua New Guinea,4.0534
2003,Paraguay,4.0259
2003,Peru,24.9142
2003,Philippines,69.5007
2003,Poland,318.7327
2003,Portugal,64.482
2003,Qatar,46.6309
2003,Republic of South Sudan,0.72829
2003,Romania,103.7074
2003,Russian Federation,1539.0064
2003,Rwanda,0.50544
2003,Réunion,
2003,Saint Helena,0.010992
2003,Saint Kitts and Nevis,0.19419
2003,Saint Lucia,0.37739
2003,Saint Pierre and Miquelon,0.062288
2003,Saint Vincent and the Grenadines,0.20152
2003,Samoa,0.16122
2003,Sao Tome and Principe,0.062288
2003,Saudi Arabia,351.2277
2003,Senegal,4.9275
2003,Serbia,48.6487
2003,Seychelles,0.34075
2003,Sierra Leone,0.53861
2003,Singapore,39.534
2003,Slovakia,42.3592
2003,Slovenia,16.2781
2003,Solomon Islands,0.25648
2003,Somalia,0.60456
2003,South Africa,404.406
2003,South Korea,485.2128
2003,Spain,335.5389
2003,Sri Lanka,10.7614
2003,Sudan,8.5154
2003,Suriname,1.5387
2003,Swaziland,1.0039
2003,Sweden,57.221
2003,Switzerland,44.6506
2003,Syria,55.3773
2003,Taiwan,249.129
2003,Tajikistan,2.0717
2003,Tanzania,3.6872
2003,Thailand,191.0877
2003,Timor-Leste,0.24853
2003,Togo,1.8047
2003,Tonga,0.11725
2003,Trinidad and Tobago,32.3699
2003,Tunisia,21.0415
2003,Turkey,239.8486
2003,Turkmenistan,40.5676
2003,Turks and Caicos Islands,0.15389
2003,Tuvalu,0.010992
2003,Uganda,1.5127
2003,Ukraine,307.2454
2003,United Arab Emirates,107.1058
2003,United Kingdom,571.6188
2003,United States of America,6006.4399
2003,Uruguay,4.5371
2003,Uzbekistan,130.2958
2003,Vanuatu,0.076944
2003,Venezuela,154.3641
2003,Vietnam,77.2611
2003,Wallis and Futuna Islands,0.025648
2003,Western Sahara,
2003,Yemen,18.6092
2003,Zambia,2.0744
2003,Zimbabwe,10.6096
2004,Afghanistan,1.2372
2004,Albania,4.1767
2004,Algeria,90.8525
2004,Andorra,0.56426
2004,Angola,17.0157
2004,Anguilla,0.098928
2004,Antigua and Barbuda,0.45067
2004,Argentina,157.2351
2004,Armenia,3.6912
2004,Aruba,2.6161
2004,Australia,382.0049
2004,Austria,77.7159
2004,Azerbaijan,32.253
2004,Bahamas,2.0482
2004,Bahrain,21.2036
2004,Bangladesh,35.9782
2004,Barbados,1.3868
2004,Belarus,58.3728
2004,Belgium,128.8117
2004,Belize,0.39205
2004,Benin,2.5936
2004,Bermuda,0.58258
2004,Bhutan,0.43615
2004,Bolivia,11.0511
2004,"Bonaire, Saint Eustatius and Saba",0.095419
2004,Bosnia and Herzegovina,15.4625
2004,Botswana,3.8948
2004,Brazil,361.434
2004,British Virgin Islands,0.15389
2004,Brunei Darussalam,5.9667
2004,Bulgaria,49.5373
2004,Burkina Faso,1.1075
2004,Burundi,0.19786
2004,Cambodia,2.2387
2004,Cameroon,5.6985
2004,Canada,576.2864
2004,Cape Verde,0.42869
2004,Cayman Islands,
2004,Central African Republic,0.12458
2004,Chad,0.90619
2004,Chile,59.2211
2004,China,5210.9615
2004,Colombia,54.324
2004,Comoros,0.15022
2004,Congo,3.5486
2004,Cook Islands,0.051296
2004,Costa Rica,6.7968
2004,Croatia,22.8527
2004,Cuba,24.5398
2004,Curaçao,5.1168
2004,Cyprus,7.7871
2004,Czech Republic,128.3137
2004,Côte d'Ivoire,7.3863
2004,Democratic Republic of the Congo,2.0279
2004,Denmark,55.1
2004,Djibouti,0.4067
2004,Dominica,0.1429
2004,Dominican Republic,17.2536
2004,Ecuador,29.3103
2004,Egypt,151.9171
2004,El Salvador,6.216
2004,Equatorial Guinea,6.1374
2004,Eritrea,0.63346
2004,Estonia,17.3221
2004,Ethiopia,5.1586
2004,Faeroe Islands,0.74746
2004,Falkland Islands (Malvinas),
2004,Fiji,1.3006
2004,Finland,68.946
2004,France,414.073
2004,French Guiana,
2004,French Polynesia,0.84272
2004,Gabon,6.3863
2004,Gambia,0.31877
2004,Georgia,4.278
2004,Germany,876.5699
2004,Ghana,6.4506
2004,Gibraltar,
2004,Greece,109.4848
2004,Greenland,0.6226
2004,Grenada,0.20518
2004,Guadeloupe,
2004,Guatemala,11.0559
2004,Guinea,1.7221
2004,Guinea-Bissau,0.043968
2004,Guyana,1.9273
2004,Haiti,1.643
2004,Honduras,7.1942
2004,Hong Kong,41.1578
2004,Hungary,59.9849
2004,Iceland,3.1072
2004,India,1134.611
2004,Indonesia,342.7086
2004,Iran,442.1194
2004,Iraq,113.0158
2004,Ireland,46.1667
2004,Israel,58.6792
2004,Italy,500.6872
2004,Jamaica,10.5742
2004,Japan,1279.1215
2004,Jordan,19.0033
2004,Kazakhstan,185.4758
2004,Kenya,7.6213
2004,Kiribati,0.043968
2004,Kosovo,6.6165
2004,Kuwait,65.8552
2004,Kyrgyzstan,5.8082
2004,Laos,1.2825
2004,Latvia,7.7312
2004,Lebanon,17.2084
2004,Lesotho,1.9786
2004,Liberia,0.54281
2004,Libya,56.8538
2004,Liechtenstein,0.22938
2004,Lithuania,13.2541
2004,Luxembourg,11.816
2004,Macao,1.5828
2004,Madagascar,1.8044
2004,Malawi,0.90168
2004,Malaysia,169.6744
2004,Maldives,0.66318
2004,Mali,1.4143
2004,Malta,2.8491
2004,Marshall Islands,0.11358
2004,Martinique,
2004,Mauritania,1.385
2004,Mauritius,3.0888
2004,Mexico,438.5884
2004,Micronesia (Federated States of),0.1429
2004,Moldova,4.6134
2004,Mongolia,8.5011
2004,Montenegro,2.0341
2004,Montserrat,0.047632
2004,Morocco,42.2256
2004,Mozambique,1.864
2004,Myanmar,12.5655
2004,Namibia,2.2387
2004,Nauru,0.062288
2004,Nepal,2.5824
2004,Netherlands,182.0904
2004,New Caledonia,2.5149
2004,New Zealand,35.8058
2004,Nicaragua,4.3623
2004,Niger,0.79538
2004,Nigeria,94.9618
2004,Niue,0.003664
2004,North Korea,71.722
2004,North Macedonia,8.2293
2004,Norway,44.257
2004,Occupied Palestinian Territory,2.1911
2004,Oman,29.2474
2004,Pakistan,124.6368
2004,Palau,0.21251
2004,Panama,5.5046
2004,Papua New Guinea,4.6871
2004,Paraguay,4.0575
2004,Peru,28.5036
2004,Philippines,71.9987
2004,Poland,323.6208
2004,Portugal,67.3024
2004,Qatar,47.4396
2004,Republic of South Sudan,0.92031
2004,Romania,103.2326
2004,Russian Federation,1545.3533
2004,Rwanda,0.51576
2004,Réunion,
2004,Saint Helena,0.007328
2004,Saint Kitts and Nevis,0.20885
2004,Saint Lucia,0.39938
2004,Saint Pierre and Miquelon,0.058624
2004,Saint Vincent and the Grenadines,0.21984
2004,Samoa,0.16854
2004,Sao Tome and Principe,0.07328
2004,Saudi Arabia,407.7023
2004,Senegal,5.2382
2004,Serbia,52.9421
2004,Seychelles,0.37739
2004,Sierra Leone,0.52029
2004,Singapore,41
2004,Slovakia,42.8566
2004,Slovenia,16.7107
2004,Solomon Islands,0.2748
2004,Somalia,0.62654
2004,South Africa,449.3216
2004,South Korea,491.3894
2004,Spain,352.1393
2004,Sri Lanka,11.9082
2004,Sudan,10.8661
2004,Suriname,1.5532
2004,Swaziland,1.0039
2004,Sweden,56.4275
2004,Switzerland,45.2311
2004,Syria,51.6915
2004,Taiwan,259.367
2004,Tajikistan,2.5615
2004,Tanzania,4.2213
2004,Thailand,207.3307
2004,Timor-Leste,0.497
2004,Togo,1.7439
2004,Tonga,0.11358
2004,Trinidad and Tobago,32.6884
2004,Tunisia,22.1442
2004,Turkey,247.843
2004,Turkmenistan,49.3551
2004,Turks and Caicos Islands,0.16122
2004,Tuvalu,0.010992
2004,Uganda,1.6075
2004,Ukraine,310.6258
2004,United Arab Emirates,112.4686
2004,United Kingdom,573.4298
2004,United States of America,6111.5448
2004,Uruguay,5.5741
2004,Uzbekistan,129.0992
2004,Vanuatu,0.07328
2004,Venezuela,142.8421
2004,Vietnam,88.9392
2004,Wallis and Futuna Islands,0.025648
2004,Western Sahara,
2004,Yemen,20.1088
2004,Zambia,2.1041
2004,Zimbabwe,9.4286
2005,Afghanistan,1.8895
2005,Albania,4.2614
2005,Algeria,109.5644
2005,Andorra,0.57891
2005,Angola,15.3868
2005,Anguilla,0.10992
2005,Antigua and Barbuda,0.47998
2005,Argentina,161.728
2005,Armenia,4.3762
2005,Aruba,2.715
2005,Australia,385.0815
2005,Austria,79.0955
2005,Azerbaijan,34.1936
2005,Bahamas,1.9053
2005,Bahrain,24.4865
2005,Bangladesh,37.7167
2005,Barbados,1.4291
2005,Belarus,59.3962
2005,Belgium,125.6577
2005,Belize,0.4177
2005,Benin,2.4897
2005,Bermuda,0.58258
2005,Bhutan,0.54608
2005,Bolivia,12.3369
2005,"Bonaire, Saint Eustatius and Saba",0.094572
2005,Bosnia and Herzegovina,16.0461
2005,Botswana,4.0964
2005,Brazil,364.3706
2005,British Virgin Islands,0.16488
2005,Brunei Darussalam,5.4285
2005,Bulgaria,50.6004
2005,Burkina Faso,1.1038
2005,Burundi,0.15755
2005,Cambodia,2.2094
2005,Cameroon,5.4239
2005,Canada,570.3961
2005,Cape Verde,0.44701
2005,Cayman Islands,
2005,Central African Republic,0.12824
2005,Chad,0.92937
2005,Chile,61.1165
2005,China,5881.9909
2005,Colombia,60.2565
2005,Comoros,0.1429
2005,Congo,4.3521
2005,Cook Islands,0.058624
2005,Costa Rica,6.6596
2005,Croatia,23.2956
2005,Cuba,25.7062
2005,Curaçao,5.0714
2005,Cyprus,7.9517
2005,Czech Republic,125.7135
2005,Côte d'Ivoire,7.568
2005,Democratic Republic of the Congo,2.2874
2005,Denmark,51.5349
2005,Djibouti,0.41403
2005,Dominica,0.15022
2005,Dominican Republic,17.8519
2005,Ecuador,30.6517
2005,Egypt,166.9339
2005,El Salvador,6.2616
2005,Equatorial Guinea,6.206
2005,Eritrea,0.58575
2005,Estonia,17.0898
2005,Ethiopia,4.9561
2005,Faeroe Islands,0.72181
2005,Falkland Islands (Malvinas),
2005,Fiji,1.0223
2005,Finland,57.064
2005,France,416.3429
2005,French Guiana,
2005,French Polynesia,0.83173
2005,Gabon,6.2231
2005,Gambia,0.31877
2005,Georgia,5.0455
2005,Germany,867.8805
2005,Ghana,6.1131
2005,Gibraltar,
2005,Greece,113.8888
2005,Greenland,0.6267
2005,Grenada,0.21618
2005,Guadeloupe,
2005,Guatemala,12.0384
2005,Guinea,1.7844
2005,Guinea-Bissau,0.0916
2005,Guyana,1.6158
2005,Haiti,1.7148
2005,Honduras,6.8349
2005,Hong Kong,43.3341
2005,Hungary,60.1421
2005,Iceland,2.9764
2005,India,1195.3933
2005,Indonesia,347.3613
2005,Iran,466.7953
2005,Iraq,114.2819
2005,Ireland,48.153
2005,Israel,56.5277
2005,Italy,501.3655
2005,Jamaica,10.4129
2005,Japan,1286.4123
2005,Jordan,20.7904
2005,Kazakhstan,198.4486
2005,Kenya,8.4542
2005,Kiribati,0.047632
2005,Kosovo,6.4353
2005,Kuwait,74.6153
2005,Kyrgyzstan,5.5191
2005,Laos,1.337
2005,Latvia,7.8108
2005,Lebanon,16.6502
2005,Lesotho,2.0115
2005,Liberia,0.65057
2005,Libya,55.9855
2005,Liechtenstein,0.22896
2005,Lithuania,13.8625
2005,Luxembourg,12.0759
2005,Macao,1.6818
2005,Madagascar,1.7412
2005,Malawi,0.84532
2005,Malaysia,169.9783
2005,Maldives,0.6009
2005,Mali,1.4583
2005,Malta,2.6498
2005,Marshall Islands,0.11358
2005,Martinique,
2005,Mauritania,1.4337
2005,Mauritius,3.2939
2005,Mexico,463.4355
2005,Micronesia (Federated States of),0.11358
2005,Moldova,4.9375
2005,Mongolia,8.5151
2005,Montenegro,1.9342
2005,Montserrat,0.040304
2005,Morocco,44.6608
2005,Mozambique,1.7697
2005,Myanmar,11.5478
2005,Namibia,2.5318
2005,Nauru,0.062288
2005,Nepal,2.9868
2005,Netherlands,178.1298
2005,New Caledonia,2.8061
2005,New Zealand,37.4012
2005,Nicaragua,4.2532
2005,Niger,0.69132
2005,Nigeria,101.666
2005,Niue,0.003664
2005,North Korea,75.0101
2005,North Macedonia,8.5957
2005,Norway,43.279
2005,Occupied Palestinian Territory,2.737
2005,Oman,31.8353
2005,Pakistan,129.9474
2005,Palau,0.2235
2005,Panama,6.742
2005,Papua New Guinea,4.9838
2005,Paraguay,3.7725
2005,Peru,30.3211
2005,Philippines,72.3339
2005,Poland,322.5769
2005,Portugal,69.6398
2005,Qatar,47.6818
2005,Republic of South Sudan,0.88167
2005,Romania,101.3366
2005,Russian Federation,1563.9805
2005,Rwanda,0.51391
2005,Réunion,
2005,Saint Helena,0.010992
2005,Saint Kitts and Nevis,0.19419
2005,Saint Lucia,0.39205
2005,Saint Pierre and Miquelon,0.062288
2005,Saint Vincent and the Grenadines,0.21984
2005,Samoa,0.17221
2005,Sao Tome and Principe,0.076944
2005,Saudi Arabia,412.2344
2005,Senegal,5.5389
2005,Serbia,50.0583
2005,Seychelles,0.38106
2005,Sierra Leone,0.43235
2005,Singapore,39.6
2005,Slovakia,42.8573
2005,Slovenia,16.942
2005,Solomon Islands,0.28213
2005,Somalia,0.64853
2005,South Africa,416.2049
2005,South Korea,498.6883
2005,Spain,367.4471
2005,Sri Lanka,11.6697
2005,Sudan,10.5582
2005,Suriname,1.586
2005,Swaziland,1.0149
2005,Sweden,53.7875
2005,Switzerland,45.7761
2005,Syria,51.1618
2005,Taiwan,266.888
2005,Tajikistan,2.4405
2005,Tanzania,5.3558
2005,Thailand,214.3251
2005,Timor-Leste,0.32115
2005,Togo,1.7216
2005,Tonga,0.11358
2005,Trinidad and Tobago,38.2049
2005,Tunisia,22.5159
2005,Turkey,267.7107
2005,Turkmenistan,47.9287
2005,Turks and Caicos Islands,0.18686
2005,Tuvalu,0.010992
2005,Uganda,2.0179
2005,Ukraine,313.5125
2005,United Arab Emirates,115.2733
2005,United Kingdom,570.3384
2005,United States of America,6126.9031
2005,Uruguay,5.7371
2005,Uzbekistan,121.6016
2005,Vanuatu,0.07328
2005,Venezuela,148.4083
2005,Vietnam,95.8421
2005,Wallis and Futuna Islands,0.025648
2005,Western Sahara,
2005,Yemen,21.797
2005,Zambia,2.2425
2005,Zimbabwe,10.6985
2006,Afghanistan,2.1593
2006,Albania,3.9107
2006,Algeria,103.7978
2006,Andorra,0.54594
2006,Angola,17.1448
2006,Anguilla,0.12091
2006,Antigua and Barbuda,0.51662
2006,Argentina,174.3417
2006,Armenia,4.4016
2006,Aruba,2.7114
2006,Australia,391.3725
2006,Austria,76.7962
2006,Azerbaijan,34.5218
2006,Bahamas,1.854
2006,Bahrain,24.0358
2006,Bangladesh,41.7258
2006,Barbados,1.471
2006,Belarus,61.8095
2006,Belgium,123.9005
2006,Belize,0.44334
2006,Benin,3.3511
2006,Bermuda,0.65586
2006,Bhutan,0.41112
2006,Bolivia,12.3687
2006,"Bonaire, Saint Eustatius and Saba",0.098563
2006,Bosnia and Herzegovina,17.3868
2006,Botswana,4.133
2006,Brazil,368.871
2006,British Virgin Islands,0.17954
2006,Brunei Darussalam,7.1437
2006,Bulgaria,51.8375
2006,Burkina Faso,1.2172
2006,Burundi,0.18686
2006,Cambodia,2.8469
2006,Cameroon,5.4859
2006,Canada,566.3154
2006,Cape Verde,0.49464
2006,Cayman Islands,
2006,Central African Republic,0.13923
2006,Chad,0.95729
2006,Chile,64.0483
2006,China,6486.1846
2006,Colombia,62.4657
2006,Comoros,0.16854
2006,Congo,4.7859
2006,Cook Islands,0.065952
2006,Costa Rica,6.9761
2006,Croatia,23.4962
2006,Cuba,26.7814
2006,Curaçao,5.2855
2006,Cyprus,8.1831
2006,Czech Republic,126.5326
2006,Côte d'Ivoire,6.8872
2006,Democratic Republic of the Congo,2.3517
2006,Denmark,59.5002
2006,Djibouti,0.41403
2006,Dominica,0.1429
2006,Dominican Republic,19.03
2006,Ecuador,29.781
2006,Egypt,178.3893
2006,El Salvador,6.6894
2006,Equatorial Guinea,6.1724
2006,Eritrea,0.45368
2006,Estonia,16.4382
2006,Ethiopia,5.3182
2006,Faeroe Islands,0.67784
2006,Falkland Islands (Malvinas),
2006,Fiji,1.1505
2006,Finland,68.374
2006,France,406.669
2006,French Guiana,
2006,French Polynesia,0.83906
2006,Gabon,5.5425
2006,Gambia,0.34808
2006,Georgia,6.2728
2006,Germany,886.4343
2006,Ghana,8.5232
2006,Gibraltar,
2006,Greece,112.4194
2006,Greenland,0.6437
2006,Grenada,0.2235
2006,Guadeloupe,
2006,Guatemala,12.176
2006,Guinea,1.8467
2006,Guinea-Bissau,0.11725
2006,Guyana,1.5096
2006,Haiti,1.7458
2006,Honduras,7.6982
2006,Hong Kong,41.9148
2006,Hungary,59.5286
2006,Iceland,3.1544
2006,India,1293.3215
2006,Indonesia,346.3658
2006,Iran,501.015
2006,Iraq,98.8381
2006,Ireland,47.5974
2006,Israel,62.149
2006,Italy,496.0746
2006,Jamaica,11.5736
2006,Japan,1263.4404
2006,Jordan,20.8295
2006,Kazakhstan,219.6331
2006,Kenya,9.5668
2006,Kiribati,0.051296
2006,Kosovo,6.4885
2006,Kuwait,76.2219
2006,Kyrgyzstan,5.4573
2006,Laos,1.7573
2006,Latvia,8.3101
2006,Lebanon,14.7924
2006,Lesotho,2.0335
2006,Liberia,0.66907
2006,Libya,51.45
2006,Liechtenstein,0.23109
2006,Lithuania,14.1953
2006,Luxembourg,11.9056
2006,Macao,1.4546
2006,Madagascar,1.6747
2006,Malawi,0.85133
2006,Malaysia,170.1664
2006,Maldives,0.74379
2006,Mali,1.5352
2006,Malta,2.6554
2006,Marshall Islands,0.12091
2006,Martinique,
2006,Mauritania,1.5501
2006,Mauritius,3.6274
2006,Mexico,474.5226
2006,Micronesia (Federated States of),0.11358
2006,Moldova,5.0297
2006,Mongolia,9.2812
2006,Montenegro,2.0628
2006,Montserrat,0.040304
2006,Morocco,46.2494
2006,Mozambique,1.9156
2006,Myanmar,12.8171
2006,Namibia,2.5245
2006,Nauru,0.043968
2006,Nepal,2.4565
2006,Netherlands,173.2794
2006,New Caledonia,2.7103
2006,New Zealand,37.3044
2006,Nicaragua,4.4066
2006,Niger,0.67096
2006,Nigeria,90.0972
2006,Niue,0.003664
2006,North Korea,76.1702
2006,North Macedonia,8.6507
2006,Norway,43.859
2006,Occupied Palestinian Territory,2.268
2006,Oman,40.4497
2006,Pakistan,137.9116
2006,Palau,0.22717
2006,Panama,7.282
2006,Papua New Guinea,5.0509
2006,Paraguay,3.9005
2006,Peru,28.2993
2006,Philippines,65.6455
2006,Poland,336.3872
2006,Portugal,64.8561
2006,Qatar,59.7528
2006,Republic of South Sudan,0.96545
2006,Romania,104.29
2006,Russian Federation,1623.4285
2006,Rwanda,0.51411
2006,Réunion,
2006,Saint Helena,0.010992
2006,Saint Kitts and Nevis,0.20152
2006,Saint Lucia,0.41403
2006,Saint Pierre and Miquelon,0.062288
2006,Saint Vincent and the Grenadines,0.21984
2006,Samoa,0.16854
2006,Sao Tome and Principe,0.080608
2006,Saudi Arabia,444.9773
2006,Senegal,4.4297
2006,Serbia,53.721
2006,Seychelles,0.38472
2006,Sierra Leone,0.57525
2006,Singapore,40.6
2006,Slovakia,42.6394
2006,Slovenia,17.1842
2006,Solomon Islands,0.29312
2006,Somalia,0.67051
2006,South Africa,446.7443
2006,South Korea,503.4782
2006,Spain,358.8695
2006,Sri Lanka,11.5029
2006,Sudan,11.5447
2006,Suriname,1.74
2006,Swaziland,1.0149
2006,Sweden,53.6508
2006,Switzerland,45.3649
2006,Syria,54.04
2006,Taiwan,276.552
2006,Tajikistan,2.6562
2006,Tanzania,5.8762
2006,Thailand,215.8247
2006,Timor-Leste,0.31671
2006,Togo,1.5005
2006,Tonga,0.12824
2006,Trinidad and Tobago,42.7079
2006,Tunisia,22.9149
2006,Turkey,285.4294
2006,Turkmenistan,49.4996
2006,Turks and Caicos Islands,0.21618
2006,Tuvalu,0.010992
2006,Uganda,2.3871
2006,Ukraine,333.0542
2006,United Arab Emirates,122.7232
2006,United Kingdom,567.8457
2006,United States of America,6045.3262
2006,Uruguay,6.611
2006,Uzbekistan,124.8988
2006,Vanuatu,0.07328
2006,Venezuela,155.8412
2006,Vietnam,99.6559
2006,Wallis and Futuna Islands,0.025648
2006,Western Sahara,
2006,Yemen,23.9061
2006,Zambia,2.2311
2006,Zimbabwe,10.3655
2007,Afghanistan,2.7999
2007,Albania,4.0036
2007,Algeria,107.5487
2007,Andorra,0.53861
2007,Angola,17.5879
2007,Anguilla,0.12458
2007,Antigua and Barbuda,0.53494
2007,Argentina,173.7636
2007,Armenia,5.1002
2007,Aruba,2.8213
2007,Australia,398.8963
2007,Austria,74.0922
2007,Azerbaijan,30.0368
2007,Bahamas,1.8723
2007,Bahrain,26.6263
2007,Bangladesh,42.6751
2007,Barbados,1.469
2007,Belarus,60.2757
2007,Belgium,120.4934
2007,Belize,0.47266
2007,Benin,3.931
2007,Bermuda,0.72914
2007,Bhutan,0.39719
2007,Bolivia,12.74
2007,"Bonaire, Saint Eustatius and Saba",0.11096
2007,Bosnia and Herzegovina,17.4743
2007,Botswana,4.2283
2007,Brazil,390.5734
2007,British Virgin Islands,0.1832
2007,Brunei Darussalam,8.0767
2007,Bulgaria,55.6692
2007,Burkina Faso,1.6164
2007,Burundi,0.18686
2007,Cambodia,3.4895
2007,Cameroon,7.4094
2007,Canada,589.9563
2007,Cape Verde,0.50563
2007,Cayman Islands,
2007,Central African Republic,0.15389
2007,Chad,1.089
2007,Chile,70.4692
2007,China,6974.6631
2007,Colombia,60.6699
2007,Comoros,0.10626
2007,Congo,4.2593
2007,Cook Islands,0.065952
2007,Costa Rica,7.9067
2007,Croatia,24.8018
2007,Cuba,25.7242
2007,Curaçao,5.9502
2007,Cyprus,8.4751
2007,Czech Republic,128.3636
2007,Côte d'Ivoire,6.6533
2007,Democratic Republic of the Congo,2.623
2007,Denmark,54.7094
2007,Djibouti,0.45434
2007,Dominica,0.17221
2007,Dominican Republic,19.9092
2007,Ecuador,34.3927
2007,Egypt,189.2011
2007,El Salvador,6.8189
2007,Equatorial Guinea,5.7114
2007,Eritrea,0.42413
2007,Estonia,19.9305
2007,Ethiopia,5.8396
2007,Faeroe Islands,0.6925
2007,Falkland Islands (Malvinas),
2007,Fiji,1.0845
2007,Finland,66.764
2007,France,396.4612
2007,French Guiana,
2007,French Polynesia,0.85738
2007,Gabon,5.0376
2007,Gambia,0.34808
2007,Georgia,6.6093
2007,Germany,846.153
2007,Ghana,8.9819
2007,Gibraltar,
2007,Greece,114.5455
2007,Greenland,0.6352
2007,Grenada,0.23816
2007,Guadeloupe,
2007,Guatemala,12.117
2007,Guinea,1.9273
2007,Guinea-Bissau,0.084272
2007,Guyana,1.7807
2007,Haiti,1.7665
2007,Honduras,8.2164
2007,Hong Kong,43.5724
2007,Hungary,58.4486
2007,Iceland,3.4943
2007,India,1393.4853
2007,Indonesia,387.5772
2007,Iran,507.7711
2007,Iraq,61.3614
2007,Ireland,47.6582
2007,Israel,62.7998
2007,Italy,489.7937
2007,Jamaica,10.7492
2007,Japan,1298.9735
2007,Jordan,21.7001
2007,Kazakhstan,225.7124
2007,Kenya,9.734
2007,Kiribati,0.051296
2007,Kosovo,6.8016
2007,Kuwait,77.2949
2007,Kyrgyzstan,6.5223
2007,Laos,1.8357
2007,Latvia,8.6372
2007,Lebanon,13.7461
2007,Lesotho,2.0738
2007,Liberia,0.62879
2007,Libya,44.3919
2007,Liechtenstein,0.20073
2007,Lithuania,15.4735
2007,Luxembourg,11.3022
2007,Macao,1.363
2007,Madagascar,1.7277
2007,Malawi,0.91918
2007,Malaysia,175.4545
2007,Maldives,0.78043
2007,Mali,1.7844
2007,Malta,2.7278
2007,Marshall Islands,0.12824
2007,Martinique,
2007,Mauritania,1.7576
2007,Mauritius,3.686
2007,Mexico,473.5953
2007,Micronesia (Federated States of),0.12824
2007,Moldova,4.9786
2007,Mongolia,11.9578
2007,Montenegro,2.0555
2007,Montserrat,0.040304
2007,Morocco,48.9127
2007,Mozambique,2.1889
2007,Myanmar,12.8447
2007,Namibia,2.3266
2007,Nauru,0.040304
2007,Nepal,2.5703
2007,Netherlands,173.0282
2007,New Caledonia,2.9268
2007,New Zealand,36.3827
2007,Nicaragua,4.5398
2007,Niger,0.70588
2007,Nigeria,82.17
2007,Niue,0.003664
2007,North Korea,63.4781
2007,North Macedonia,9.0133
2007,Norway,45.605
2007,Occupied Palestinian Territory,2.3266
2007,Oman,45.3084
2007,Pakistan,148.349
2007,Palau,0.25282
2007,Panama,7.1335
2007,Papua New Guinea,6.5811
2007,Paraguay,4.0412
2007,Peru,34.5669
2007,Philippines,70.01
2007,Poland,335.7346
2007,Portugal,62.3801
2007,Qatar,59.5298
2007,Republic of South Sudan,1.1342
2007,Romania,108.4966
2007,Russian Federation,1624.3155
2007,Rwanda,0.54218
2007,Réunion,
2007,Saint Helena,0.010992
2007,Saint Kitts and Nevis,0.21618
2007,Saint Lucia,0.42136
2007,Saint Pierre and Miquelon,0.062288
2007,Saint Vincent and the Grenadines,0.23816
2007,Samoa,0.17954
2007,Sao Tome and Principe,0.080608
2007,Saudi Arabia,423.3141
2007,Senegal,5.196
2007,Serbia,52.1599
2007,Seychelles,0.40304
2007,Sierra Leone,0.48731
2007,Singapore,41.1
2007,Slovakia,41.0319
2007,Slovenia,17.3491
2007,Solomon Islands,0.30045
2007,Somalia,0.6925
2007,South Africa,465.0337
2007,South Korea,521.7087
2007,Spain,366.4685
2007,Sri Lanka,11.8436
2007,Sudan,13.5638
2007,Suriname,1.758
2007,Swaziland,1.0442
2007,Sweden,52.8788
2007,Switzerland,43.3594
2007,Syria,66.9725
2007,Taiwan,280.08
2007,Tajikistan,3.2288
2007,Tanzania,5.7061
2007,Thailand,224.0826
2007,Timor-Leste,0.28807
2007,Togo,1.5168
2007,Tonga,0.11358
2007,Trinidad and Tobago,45.5636
2007,Tunisia,24.7252
2007,Turkey,316.4974
2007,Turkmenistan,49.1829
2007,Turks and Caicos Islands,0.25282
2007,Tuvalu,0.010992
2007,Uganda,2.7063
2007,Ukraine,336.8288
2007,United Arab Emirates,134.1031
2007,United Kingdom,559.5665
2007,United States of America,6121.5425
2007,Uruguay,5.9598
2007,Uzbekistan,123.8227
2007,Vanuatu,0.076944
2007,Venezuela,154.1675
2007,Vietnam,101.4326
2007,Wallis and Futuna Islands,0.025648
2007,Western Sahara,
2007,Yemen,23.6763
2007,Zambia,2.2976
2007,Zimbabwe,9.8352
2008,Afghanistan,4.2545
2008,Albania,4.4483
2008,Algeria,108.5961
2008,Andorra,0.53861
2008,Angola,18.7502
2008,Anguilla,0.12458
2008,Antigua and Barbuda,0.53861
2008,Argentina,187.5955
2008,Armenia,5.5748
2008,Aruba,2.6564
2008,Australia,404.2793
2008,Austria,73.4665
2008,Azerbaijan,33.0365
2008,Bahamas,1.9199
2008,Bahrain,29.5245
2008,Bangladesh,45.3415
2008,Barbados,1.7334
2008,Belarus,62.9311
2008,Belgium,120.2044
2008,Belize,0.43235
2008,Benin,3.919
2008,Bermuda,0.64486
2008,Bhutan,0.64635
2008,Bolivia,13.0277
2008,"Bonaire, Saint Eustatius and Saba",0.10673
2008,Bosnia and Herzegovina,19.9551
2008,Botswana,4.5031
2008,Brazil,412.6378
2008,British Virgin Islands,0.19053
2008,Brunei Darussalam,9.1656
2008,Bulgaria,54.0259
2008,Burkina Faso,1.8178
2008,Burundi,0.20152
2008,Cambodia,3.9363
2008,Cameroon,7.3206
2008,Canada,574.2143
2008,Cape Verde,0.47266
2008,Cayman Islands,
2008,Central African Republic,0.15022
2008,Chad,0.87246
2008,Chile,70.549
2008,China,7492.4044
2008,Colombia,66.9822
2008,Comoros,0.10992
2008,Congo,4.2703
2008,Cook Islands,0.065952
2008,Costa Rica,7.9341
2008,Croatia,23.5157
2008,Cuba,27.7382
2008,Curaçao,5.7232
2008,Cyprus,8.6916
2008,Czech Republic,122.9277
2008,Côte d'Ivoire,6.7126
2008,Democratic Republic of the Congo,2.6851
2008,Denmark,51.2563
2008,Djibouti,0.49464
2008,Dominica,0.16854
2008,Dominican Republic,20.2347
2008,Ecuador,30.4877
2008,Egypt,195.8598
2008,El Salvador,6.3747
2008,Equatorial Guinea,5.9255
2008,Eritrea,0.39836
2008,Estonia,17.8148
2008,Ethiopia,6.4176
2008,Faeroe Islands,0.63387
2008,Falkland Islands (Malvinas),
2008,Fiji,0.79142
2008,Finland,58.625
2008,France,389.7943
2008,French Guiana,
2008,French Polynesia,0.86837
2008,Gabon,5.3789
2008,Gambia,0.36274
2008,Georgia,5.7467
2008,Germany,856.6425
2008,Ghana,8.3243
2008,Gibraltar,
2008,Greece,111.08
2008,Greenland,0.6536
2008,Grenada,0.26014
2008,Guadeloupe,
2008,Guatemala,10.7348
2008,Guinea,1.9639
2008,Guinea-Bissau,0.11725
2008,Guyana,1.7038
2008,Haiti,1.7537
2008,Honduras,8.5329
2008,Hong Kong,42.7942
2008,Hungary,57.1844
2008,Iceland,3.8115
2008,India,1490.3665
2008,Indonesia,365.384
2008,Iran,528.5282
2008,Iraq,94.3354
2008,Ireland,47.3611
2008,Israel,67.9803
2008,Italy,478.132
2008,Jamaica,10.776
2008,Japan,1228.6868
2008,Jordan,20.9873
2008,Kazakhstan,226.1024
2008,Kenya,10.0986
2008,Kiribati,0.047632
2008,Kosovo,7.3584
2008,Kuwait,84.4424
2008,Kyrgyzstan,7.4809
2008,Laos,2.1313
2008,Latvia,8.1981
2008,Lebanon,17.4178
2008,Lesotho,2.1215
2008,Liberia,0.5308
2008,Libya,49.6992
2008,Liechtenstein,0.21947
2008,Lithuania,14.9188
2008,Luxembourg,11.1668
2008,Macao,1.1285
2008,Madagascar,1.7873
2008,Malawi,0.99871
2008,Malaysia,192.8471
2008,Maldives,0.83906
2008,Mali,1.9566
2008,Malta,2.7213
2008,Marshall Islands,0.12824
2008,Martinique,
2008,Mauritania,1.8308
2008,Mauritius,3.7666
2008,Mexico,472.9813
2008,Micronesia (Federated States of),0.11358
2008,Moldova,5.1904
2008,Mongolia,11.9178
2008,Montenegro,2.6051
2008,Montserrat,0.043968
2008,Morocco,51.3723
2008,Mozambique,2.1799
2008,Myanmar,9.7721
2008,Namibia,2.8579
2008,Nauru,0.040304
2008,Nepal,3.3553
2008,Netherlands,175.9037
2008,New Caledonia,2.848
2008,New Zealand,37.4855
2008,Nicaragua,4.3533
2008,Niger,0.79205
2008,Nigeria,86.4889
2008,Niue,0.007328
2008,North Korea,70.326
2008,North Macedonia,8.9365
2008,Norway,44.692
2008,Occupied Palestinian Territory,2.0518
2008,Oman,47.4356
2008,Pakistan,147.9014
2008,Palau,0.20518
2008,Panama,6.8091
2008,Papua New Guinea,5.5446
2008,Paraguay,4.2696
2008,Peru,35.5724
2008,Philippines,76.605
2008,Poland,329.4284
2008,Portugal,60.0096
2008,Qatar,61.8709
2008,Republic of South Sudan,1.1979
2008,Romania,106.9973
2008,Russian Federation,1652.7315
2008,Rwanda,0.53148
2008,Réunion,
2008,Saint Helena,0.010992
2008,Saint Kitts and Nevis,0.21618
2008,Saint Lucia,0.42502
2008,Saint Pierre and Miquelon,0.062288
2008,Saint Vincent and the Grenadines,0.21984
2008,Samoa,0.16122
2008,Sao Tome and Principe,0.084272
2008,Saudi Arabia,469.4304
2008,Senegal,4.7403
2008,Serbia,51.7368
2008,Seychelles,0.41403
2008,Sierra Leone,0.50563
2008,Singapore,40.2
2008,Slovakia,41.4253
2008,Slovenia,18.2846
2008,Solomon Islands,0.31144
2008,Somalia,0.72181
2008,South Africa,494.6725
2008,South Korea,532.6508
2008,Spain,335.2844
2008,Sri Lanka,11.6483
2008,Sudan,14.1789
2008,Suriname,1.9409
2008,Swaziland,1.0186
2008,Sweden,50.7654
2008,Switzerland,44.7009
2008,Syria,68.0841
2008,Taiwan,266.975
2008,Tajikistan,2.897
2008,Tanzania,5.9887
2008,Thailand,224.2487
2008,Timor-Leste,0.28513
2008,Togo,1.5228
2008,Tonga,0.10626
2008,Trinidad and Tobago,44.4425
2008,Tunisia,25.4532
2008,Turkey,312.6282
2008,Turkmenistan,59.4384
2008,Turks and Caicos Islands,0.26381
2008,Tuvalu,0.007328
2008,Uganda,2.7796
2008,Ukraine,325.9834
2008,United Arab Emirates,155.0304
2008,United Kingdom,544.9324
2008,United States of America,5919.221
2008,Uruguay,8.2176
2008,Uzbekistan,128.3869
2008,Vanuatu,0.087936
2008,Venezuela,155.7583
2008,Vietnam,114.2996
2008,Wallis and Futuna Islands,0.025648
2008,Western Sahara,
2008,Yemen,24.537
2008,Zambia,2.553
2008,Zimbabwe,7.7201
2009,Afghanistan,6.3882
2009,Albania,4.3699
2009,Algeria,116.328
2009,Andorra,0.51662
2009,Angola,20.6683
2009,Anguilla,0.12458
2009,Antigua and Barbuda,0.55693
2009,Argentina,178.3785
2009,Armenia,4.3635
2009,Aruba,2.6271
2009,Australia,406.9771
2009,Austria,67.3018
2009,Azerbaijan,29.1026
2009,Bahamas,2.1544
2009,Bahrain,28.1377
2009,Bangladesh,49.1884
2009,Barbados,1.6997
2009,Belarus,60.6283
2009,Belgium,107.8068
2009,Belize,0.51296
2009,Benin,4.2245
2009,Bermuda,0.47266
2009,Bhutan,0.683
2009,Bolivia,13.6331
2009,"Bonaire, Saint Eustatius and Saba",0.10921
2009,Bosnia and Herzegovina,20.5371
2009,Botswana,3.8554
2009,Brazil,389.7753
2009,British Virgin Islands,0.19419
2009,Brunei Darussalam,7.7449
2009,Bulgaria,45.7502
2009,Burkina Faso,1.8363
2009,Burundi,0.21618
2009,Cambodia,4.5794
2009,Cameroon,8.555
2009,Canada,541.1299
2009,Cape Verde,0.52395
2009,Cayman Islands,
2009,Central African Republic,0.15389
2009,Chad,1.2197
2009,Chile,65.9598
2009,China,7881.4909
2009,Colombia,71.771
2009,Comoros,0.13557
2009,Congo,4.9437
2009,Cook Islands,0.062288
2009,Costa Rica,7.6931
2009,Croatia,21.7523
2009,Cuba,28.2607
2009,Curaçao,5.8562
2009,Cyprus,8.438
2009,Czech Republic,114.9721
2009,Côte d'Ivoire,5.6599
2009,Democratic Republic of the Congo,2.446
2009,Denmark,48.8514
2009,Djibouti,0.44334
2009,Dominica,0.18686
2009,Dominican Republic,19.6865
2009,Ecuador,33.8147
2009,Egypt,205.2429
2009,El Salvador,6.2828
2009,Equatorial Guinea,4.8832
2009,Eritrea,0.44602
2009,Estonia,14.405
2009,Ethiopia,6.4534
2009,Faeroe Islands,0.57525
2009,Falkland Islands (Malvinas),
2009,Fiji,0.70349
2009,Finland,55.921
2009,France,371.4042
2009,French Guiana,
2009,French Polynesia,0.86104
2009,Gabon,5.3044
2009,Gambia,0.37373
2009,Georgia,6.1706
2009,Germany,789.9839
2009,Ghana,6.8677
2009,Gibraltar,
2009,Greece,104.3195
2009,Greenland,0.5772
2009,Grenada,0.24915
2009,Guadeloupe,
2009,Guatemala,11.7247
2009,Guinea,2.0921
2009,Guinea-Bissau,0.098928
2009,Guyana,1.9053
2009,Haiti,1.881
2009,Honduras,8.0304
2009,Hong Kong,41.5831
2009,Hungary,51.4575
2009,Iceland,3.7304
2009,India,1613.3277
2009,Indonesia,398.6244
2009,Iran,543.4059
2009,Iraq,105.2115
2009,Ireland,42.1771
2009,Israel,63.8609
2009,Italy,424.0321
2009,Jamaica,7.9375
2009,Japan,1160.2528
2009,Jordan,21.545
2009,Kazakhstan,223.1892
2009,Kenya,12.1848
2009,Kiribati,0.047632
2009,Kosovo,8.1092
2009,Kuwait,88.8321
2009,Kyrgyzstan,6.7093
2009,Laos,2.6675
2009,Latvia,7.4562
2009,Lebanon,20.9576
2009,Lesotho,2.2167
2009,Liberia,0.52198
2009,Libya,51.6268
2009,Liechtenstein,0.20534
2009,Lithuania,12.8291
2009,Luxembourg,10.6198
2009,Macao,1.8943
2009,Madagascar,1.6991
2009,Malawi,1.0176
2009,Malaysia,192.1227
2009,Maldives,0.88302
2009,Mali,1.887
2009,Malta,2.5609
2009,Marshall Islands,0.1319
2009,Martinique,
2009,Mauritania,2.0123
2009,Mauritius,3.708
2009,Mexico,460.2901
2009,Micronesia (Federated States of),0.14656
2009,Moldova,4.5395
2009,Mongolia,13.03
2009,Montenegro,1.6818
2009,Montserrat,0.043968
2009,Morocco,50.8597
2009,Mozambique,2.439
2009,Myanmar,10.2109
2009,Namibia,2.6601
2009,Nauru,0.040304
2009,Nepal,4.1261
2009,Netherlands,170.4334
2009,New Caledonia,3.0358
2009,New Zealand,34.5942
2009,Nicaragua,4.4321
2009,Niger,0.95218
2009,Nigeria,77.0314
2009,Niue,0.003664
2009,North Korea,67.6601
2009,North Macedonia,8.2475
2009,Norway,43.098
2009,Occupied Palestinian Territory,2.0885
2009,Oman,44.5039
2009,Pakistan,148.355
2009,Palau,0.19419
2009,Panama,8.0514
2009,Papua New Guinea,5.2646
2009,Paraguay,4.525
2009,Peru,39.4238
2009,Philippines,75.5807
2009,Poland,315.8863
2009,Portugal,57.147
2009,Qatar,65.3054
2009,Republic of South Sudan,1.2477
2009,Romania,87.8058
2009,Russian Federation,1545.2364
2009,Rwanda,0.55484
2009,Réunion,
2009,Saint Helena,0.010992
2009,Saint Kitts and Nevis,0.21984
2009,Saint Lucia,0.42502
2009,Saint Pierre and Miquelon,0.062288
2009,Saint Vincent and the Grenadines,0.27846
2009,Samoa,0.16854
2009,Sao Tome and Principe,0.0916
2009,Saudi Arabia,503.9697
2009,Senegal,5.2577
2009,Serbia,45.9198
2009,Seychelles,0.44334
2009,Sierra Leone,0.50197
2009,Singapore,40.8
2009,Slovakia,37.6811
2009,Slovenia,16.2094
2009,Solomon Islands,0.32243
2009,Somalia,0.74379
2009,South Africa,474.5123
2009,South Korea,537.8198
2009,Spain,296.1593
2009,Sri Lanka,12.5725
2009,Sudan,14.8053
2009,Suriname,1.9891
2009,Swaziland,1.0552
2009,Sweden,47.1433
2009,Switzerland,43.5258
2009,Syria,63.2612
2009,Taiwan,253.028
2009,Tajikistan,2.445
2009,Tanzania,5.8075
2009,Thailand,228.8362
2009,Timor-Leste,0.32178
2009,Togo,2.5357
2009,Tonga,0.12091
2009,Trinidad and Tobago,44.4175
2009,Tunisia,25.3534
2009,Turkey,318.5679
2009,Turkmenistan,52.4624
2009,Turks and Caicos Islands,0.2748
2009,Tuvalu,0.010992
2009,Uganda,2.9961
2009,Ukraine,277.5934
2009,United Arab Emirates,169.0881
2009,United Kingdom,494.1077
2009,United States of America,5486.1042
2009,Uruguay,7.9903
2009,Uzbekistan,109.2298
2009,Vanuatu,0.12091
2009,Venezuela,152.1757
2009,Vietnam,124.4934
2009,Wallis and Futuna Islands,0.025648
2009,Western Sahara,
2009,Yemen,26.8965
2009,Zambia,2.9399
2009,Zimbabwe,8.2498
2010,Afghanistan,8.3648
2010,Albania,4.8168
2010,Algeria,117.8474
2010,Andorra,0.51662
2010,Angola,22.9833
2010,Anguilla,0.12824
2010,Antigua and Barbuda,0.5496
2010,Argentina,186.1213
2010,Armenia,4.2564
2010,Aruba,2.5062
2010,Australia,405.0259
2010,Austria,72.0003
2010,Azerbaijan,27.5491
2010,Bahamas,2.2314
2010,Bahrain,29.1425
2010,Bangladesh,54.0355
2010,Barbados,1.5666
2010,Belarus,62.5154
2010,Belgium,114.5627
2010,Belize,0.53861
2010,Benin,4.6794
2010,Bermuda,0.60456
2010,Bhutan,0.90546
2010,Bolivia,14.8086
2010,"Bonaire, Saint Eustatius and Saba",0.075223
2010,Bosnia and Herzegovina,21.1457
2010,Botswana,4.5373
2010,Brazil,440.269
2010,British Virgin Islands,0.21251
2010,Brunei Darussalam,8.0174
2010,Bulgaria,47.8157
2010,Burkina Faso,1.9851
2010,Burundi,0.33342
2010,Cambodia,5.0674
2010,Cameroon,8.3833
2010,Canada,554.3074
2010,Cape Verde,0.55693
2010,Cayman Islands,
2010,Central African Republic,0.16854
2010,Chad,1.236
2010,Chile,71.3475
2010,China,8610.048
2010,Colombia,75.4312
2010,Comoros,0.16122
2010,Congo,5.4999
2010,Cook Islands,0.069616
2010,Costa Rica,7.4612
2010,Croatia,20.9781
2010,Cuba,33.042
2010,Curaçao,4.0338
2010,Cyprus,8.0718
2010,Czech Republic,117.4641
2010,Côte d'Ivoire,6.2247
2010,Democratic Republic of the Congo,2.7354
2010,Denmark,49.1897
2010,Djibouti,0.51662
2010,Dominica,0.16854
2010,Dominican Republic,20.4452
2010,Ecuador,36.4695
2010,Egypt,202.7042
2010,El Salvador,6.2868
2010,Equatorial Guinea,6.3766
2010,Eritrea,0.46802
2010,Estonia,18.9647
2010,Ethiopia,6.3442
2010,Faeroe Islands,0.62654
2010,Falkland Islands (Malvinas),
2010,Fiji,1.0296
2010,Finland,64.092
2010,France,377.0794
2010,French Guiana,
2010,French Polynesia,0.92333
2010,Gabon,5.5283
2010,Gambia,0.43235
2010,Georgia,6.2899
2010,Germany,826.7047
2010,Ghana,8.9425
2010,Gibraltar,
2010,Greece,97.3541
2010,Greenland,0.6607
2010,Grenada,0.25648
2010,Guadeloupe,
2010,Guatemala,10.8171
2010,Guinea,2.4585
2010,Guinea-Bissau,0.10259
2010,Guyana,1.8833
2010,Haiti,2.1294
2010,Honduras,8.1065
2010,Hong Kong,40.0629
2010,Hungary,51.9927
2010,Iceland,3.6266
2010,India,1678.5296
2010,Indonesia,445.3701
2010,Iran,561.4961
2010,Iraq,113.9834
2010,Ireland,41.7909
2010,Israel,68.2869
2010,Italy,435.672
2010,Jamaica,7.6773
2010,Japan,1211.0903
2010,Jordan,20.8383
2010,Kazakhstan,248.0928
2010,Kenya,11.8568
2010,Kiribati,0.058624
2010,Kosovo,8.3546
2010,Kuwait,89.721
2010,Kyrgyzstan,6.3557
2010,Laos,3.0008
2010,Latvia,8.5545
2010,Lebanon,19.9966
2010,Lesotho,2.2753
2010,Liberia,0.70927
2010,Libya,59.1479
2010,Liechtenstein,0.19078
2010,Lithuania,13.8019
2010,Luxembourg,11.1905
2010,Macao,1.2348
2010,Madagascar,1.8717
2010,Malawi,0.97216
2010,Malaysia,199.3464
2010,Maldives,0.93066
2010,Mali,2.0885
2010,Malta,2.6193
2010,Marshall Islands,0.13557
2010,Martinique,
2010,Mauritania,2.0935
2010,Mauritius,3.9132
2010,Mexico,456.409
2010,Micronesia (Federated States of),0.10259
2010,Moldova,4.8309
2010,Mongolia,13.7724
2010,Montenegro,2.4219
2010,Montserrat,0.058624
2010,Morocco,54.3652
2010,Mozambique,2.6376
2010,Myanmar,13.1252
2010,Namibia,2.7883
2010,Nauru,0.043968
2010,Nepal,4.828
2010,Netherlands,182.4788
2010,New Caledonia,3.6576
2010,New Zealand,34.7869
2010,Nicaragua,4.4531
2010,Niger,1.16
2010,Nigeria,112.0498
2010,Niue,0.003664
2010,North Korea,65.3552
2010,North Macedonia,8.1818
2010,Norway,45.659
2010,Occupied Palestinian Territory,2.0335
2010,Oman,51.4292
2010,Pakistan,147.504
2010,Palau,0.20885
2010,Panama,9.0597
2010,Papua New Guinea,4.7147
2010,Paraguay,5.0108
2010,Peru,42.5051
2010,Philippines,82.2459
2010,Poland,334.0275
2010,Portugal,52.8899
2010,Qatar,73.6512
2010,Republic of South Sudan,1.2696
2010,Romania,84.4879
2010,Russian Federation,1633.1474
2010,Rwanda,0.58098
2010,Réunion,
2010,Saint Helena,0.010992
2010,Saint Kitts and Nevis,0.21984
2010,Saint Lucia,0.48365
2010,Saint Pierre and Miquelon,0.062288
2010,Saint Vincent and the Grenadines,0.2235
2010,Samoa,0.18686
2010,Sao Tome and Principe,0.10626
2010,Saudi Arabia,555.6397
2010,Senegal,6.8624
2010,Serbia,45.6944
2010,Seychelles,0.43968
2010,Sierra Leone,0.54594
2010,Singapore,44.4
2010,Slovakia,38.4644
2010,Slovenia,16.4655
2010,Solomon Islands,0.33342
2010,Somalia,0.77677
2010,South Africa,467.3525
2010,South Korea,594.3391
2010,Spain,282.5851
2010,Sri Lanka,12.6968
2010,Sudan,15.07
2010,Suriname,2.3754
2010,Swaziland,0.99661
2010,Sweden,53.0286
2010,Switzerland,45.0337
2010,Syria,62.0573
2010,Taiwan,270.718
2010,Tajikistan,2.5348
2010,Tanzania,7.1941
2010,Thailand,241.019
2010,Timor-Leste,0.31313
2010,Togo,2.5957
2010,Tonga,0.11725
2010,Trinidad and Tobago,47.0923
2010,Tunisia,27.8997
2010,Turkey,318.7103
2010,Turkmenistan,59.1841
2010,Turks and Caicos Islands,0.28213
2010,Tuvalu,0.010992
2010,Uganda,3.5696
2010,Ukraine,294.3658
2010,United Arab Emirates,185.8484
2010,United Kingdom,511.9046
2010,United States of America,5669.25
2010,Uruguay,6.3218
2010,Uzbekistan,107.6682
2010,Vanuatu,0.12458
2010,Venezuela,189.5817
2010,Vietnam,139.5638
2010,Wallis and Futuna Islands,0.025648
2010,Western Sahara,
2010,Yemen,25.8176
2010,Zambia,3.1208
2010,Zimbabwe,8.754
2011,Afghanistan,11.4096
2011,Albania,5.1754
2011,Algeria,124.7152
2011,Andorra,0.49098
2011,Angola,23.397
2011,Anguilla,0.12458
2011,Antigua and Barbuda,0.54594
2011,Argentina,189.8838
2011,Armenia,4.9689
2011,Aruba,2.4952
2011,Australia,403.8744
2011,Austria,69.8917
2011,Azerbaijan,30.2102
2011,Bahamas,2.1105
2011,Bahrain,28.5441
2011,Bangladesh,55.5927
2011,Barbados,1.6262
2011,Belarus,61.3532
2011,Belgium,105.159
2011,Belize,0.57158
2011,Benin,4.4797
2011,Bermuda,0.44334
2011,Bhutan,1.0068
2011,Bolivia,16.0512
2011,"Bonaire, Saint Eustatius and Saba",0.095963
2011,Bosnia and Herzegovina,23.7649
2011,Botswana,4.0288
2011,Brazil,461.9113
2011,British Virgin Islands,0.20885
2011,Brunei Darussalam,9.5554
2011,Bulgaria,53.1205
2011,Burkina Faso,2.1493
2011,Burundi,0.41403
2011,Cambodia,5.271
2011,Cameroon,8.1053
2011,Canada,562.8324
2011,Cape Verde,0.61555
2011,Cayman Islands,
2011,Central African Republic,0.15389
2011,Chad,1.2766
2011,Chile,78.0714
2011,China,9520.1531
2011,Colombia,75.1914
2011,Comoros,0.1429
2011,Congo,5.0464
2011,Cook Islands,0.076944
2011,Costa Rica,7.2764
2011,Croatia,20.6147
2011,Cuba,29.0758
2011,Curaçao,5.146
2011,Cyprus,7.7924
2011,Czech Republic,115.1781
2011,Côte d'Ivoire,6.5232
2011,Democratic Republic of the Congo,3.041
2011,Denmark,44.2369
2011,Djibouti,0.3151
2011,Dominica,0.15022
2011,Dominican Republic,20.9223
2011,Ecuador,38.4804
2011,Egypt,221.675
2011,El Salvador,6.4667
2011,Equatorial Guinea,6.0669
2011,Eritrea,0.57782
2011,Estonia,18.948
2011,Ethiopia,7.3548
2011,Faeroe Islands,0.56426
2011,Falkland Islands (Malvinas),
2011,Fiji,0.93066
2011,Finland,56.646
2011,France,355.1268
2011,French Guiana,
2011,French Polynesia,0.88302
2011,Gabon,5.4469
2011,Gambia,0.44334
2011,Georgia,7.8142
2011,Germany,804.5416
2011,Ghana,10.3286
2011,Gibraltar,
2011,Greece,94.5052
2011,Greenland,0.7051
2011,Grenada,0.24915
2011,Guadeloupe,
2011,Guatemala,10.9793
2011,Guinea,2.5575
2011,Guinea-Bissau,0.10992
2011,Guyana,1.9566
2011,Haiti,2.2717
2011,Honduras,8.8567
2011,Hong Kong,43.1497
2011,Hungary,50.156
2011,Iceland,3.5035
2011,India,1765.6949
2011,Indonesia,500.4577
2011,Iran,576.3657
2011,Iraq,123.5256
2011,Ireland,38.0544
2011,Israel,68.5947
2011,Italy,423.8971
2011,Jamaica,8.2263
2011,Japan,1261.1806
2011,Jordan,21.4094
2011,Kazakhstan,238.157
2011,Kenya,12.2176
2011,Kiribati,0.05496
2011,Kosovo,8.2944
2011,Kuwait,87.1509
2011,Kyrgyzstan,7.6202
2011,Laos,3.0968
2011,Latvia,7.8084
2011,Lebanon,20.2641
2011,Lesotho,2.759
2011,Liberia,0.8224
2011,Libya,53.5422
2011,Liechtenstein,0.17673
2011,Lithuania,13.9596
2011,Luxembourg,11.0895
2011,Macao,1.2934
2011,Madagascar,2.3299
2011,Malawi,1.0338
2011,Malaysia,203.4528
2011,Maldives,0.98562
2011,Mali,2.279
2011,Malta,2.6082
2011,Marshall Islands,0.13557
2011,Martinique,
2011,Mauritania,2.2266
2011,Mauritius,3.9168
2011,Mexico,483.3016
2011,Micronesia (Federated States of),0.11725
2011,Moldova,4.945
2011,Mongolia,21.3678
2011,Montenegro,2.4072
2011,Montserrat,0.03664
2011,Morocco,54.8676
2011,Mozambique,3.1066
2011,Myanmar,15.122
2011,Namibia,2.7855
2011,Nauru,0.040304
2011,Nepal,5.2168
2011,Netherlands,169.3461
2011,New Caledonia,3.6944
2011,New Zealand,34.2411
2011,Nicaragua,4.7886
2011,Niger,1.313
2011,Nigeria,126.1155
2011,Niue,0.003664
2011,North Korea,47.8667
2011,North Macedonia,8.8229
2011,Norway,44.775
2011,Occupied Palestinian Territory,2.246
2011,Oman,57.3051
2011,Pakistan,149.4883
2011,Palau,0.21251
2011,Panama,9.8994
2011,Papua New Guinea,5.2984
2011,Paraguay,5.1915
2011,Peru,42.3268
2011,Philippines,82.9803
2011,Poland,333.4061
2011,Portugal,51.7837
2011,Qatar,81.8094
2011,Republic of South Sudan,1.2386
2011,Romania,92.3907
2011,Russian Federation,1684.989
2011,Rwanda,0.64336
2011,Réunion,
2011,Saint Helena,0.010992
2011,Saint Kitts and Nevis,0.22717
2011,Saint Lucia,0.48365
2011,Saint Pierre and Miquelon,0.065952
2011,Saint Vincent and the Grenadines,0.21618
2011,Samoa,0.19053
2011,Sao Tome and Principe,0.098928
2011,Saudi Arabia,540.2358
2011,Senegal,7.8188
2011,Serbia,48.9562
2011,Seychelles,0.40304
2011,Sierra Leone,0.71448
2011,Singapore,47
2011,Slovakia,38.0451
2011,Slovenia,16.3642
2011,Solomon Islands,0.34808
2011,Somalia,0.80974
2011,South Africa,474.2728
2011,South Korea,623.4428
2011,Spain,283.2751
2011,Sri Lanka,14.4762
2011,Sudan,14.7115
2011,Suriname,2.7579
2011,Swaziland,0.95997
2011,Sweden,49.1138
2011,Switzerland,40.9732
2011,Syria,59.0782
2011,Taiwan,276.771
2011,Tajikistan,2.3424
2011,Tanzania,8.4403
2011,Thailand,244.8782
2011,Timor-Leste,0.43389
2011,Togo,2.5039
2011,Tonga,0.10626
2011,Trinidad and Tobago,47.0434
2011,Tunisia,26.4292
2011,Turkey,344.2148
2011,Turkmenistan,65.1551
2011,Turks and Caicos Islands,0.28213
2011,Tuvalu,0.010992
2011,Uganda,3.8277
2011,Ukraine,308.3764
2011,United Arab Emirates,198.5182
2011,United Kingdom,469.7133
2011,United States of America,5538.9731
2011,Uruguay,7.6865
2011,Uzbekistan,116.7546
2011,Vanuatu,0.1319
2011,Venezuela,168.7125
2011,Vietnam,152.5639
2011,Wallis and Futuna Islands,0.025648
2011,Western Sahara,
2011,Yemen,22.6251
2011,Zambia,3.3792
2011,Zimbabwe,10.3632
2012,Afghanistan,9.7312
2012,Albania,4.93
2012,Algeria,135.5935
2012,Andorra,0.48731
2012,Angola,25.941
2012,Anguilla,0.12091
2012,Antigua and Barbuda,0.55693
2012,Argentina,191.7146
2012,Armenia,5.7483
2012,Aruba,1.3447
2012,Australia,405.0051
2012,Austria,67.2603
2012,Azerbaijan,32.7701
2012,Bahamas,2.0482
2012,Bahrain,27.2025
2012,Bangladesh,59.7039
2012,Barbados,1.5542
2012,Belarus,62.5917
2012,Belgium,102.4862
2012,Belize,0.47266
2012,Benin,4.4025
2012,Bermuda,0.3664
2012,Bhutan,1.15
2012,Bolivia,17.5747
2012,"Bonaire, Saint Eustatius and Saba",0.11725
2012,Bosnia and Herzegovina,22.1378
2012,Botswana,5.0767
2012,Brazil,497.4682
2012,British Virgin Islands,0.20885
2012,Brunei Darussalam,9.4998
2012,Bulgaria,48.2766
2012,Burkina Faso,2.6116
2012,Burundi,0.39205
2012,Cambodia,5.5724
2012,Cameroon,7.607
2012,Canada,561.7695
2012,Cape Verde,0.50197
2012,Cayman Islands,
2012,Central African Republic,0.1832
2012,Chad,1.7466
2012,Chile,79.6209
2012,China,9767.3109
2012,Colombia,78.6748
2012,Comoros,0.15389
2012,Congo,5.018
2012,Cook Islands,0.080608
2012,Costa Rica,7.2168
2012,Croatia,19.05
2012,Cuba,29.4758
2012,Curaçao,6.2874
2012,Cyprus,7.2617
2012,Czech Republic,111.2755
2012,Côte d'Ivoire,8.54
2012,Democratic Republic of the Congo,2.7973
2012,Denmark,39.8613
2012,Djibouti,0.29312
2012,Dominica,0.16488
2012,Dominican Republic,20.9029
2012,Ecuador,37.4928
2012,Egypt,212.5245
2012,El Salvador,6.4364
2012,Equatorial Guinea,6.875
2012,Eritrea,0.60823
2012,Estonia,17.7614
2012,Ethiopia,7.9884
2012,Faeroe Islands,0.59357
2012,Falkland Islands (Malvinas),
2012,Fiji,0.90867
2012,Finland,51.154
2012,France,358.1003
2012,French Guiana,
2012,French Polynesia,0.8757
2012,Gabon,5.0162
2012,Gambia,0.45067
2012,Georgia,8.2936
2012,Germany,814.093
2012,Ghana,12.6406
2012,Gibraltar,
2012,Greece,91.3926
2012,Greenland,0.54702
2012,Grenada,0.26747
2012,Guadeloupe,
2012,Guatemala,11.3468
2012,Guinea,2.3926
2012,Guinea-Bissau,0.11358
2012,Guyana,1.9566
2012,Haiti,2.2623
2012,Honduras,9.1084
2012,Hong Kong,42.7384
2012,Hungary,46.7202
2012,Iceland,3.4992
2012,India,1926.9863
2012,Indonesia,515.7696
2012,Iran,599.2783
2012,Iraq,134.0395
2012,Ireland,38.2239
2012,Israel,74.7812
2012,Italy,403.4435
2012,Jamaica,7.8872
2012,Japan,1302.1125
2012,Jordan,24.0691
2012,Kazakhstan,245.2629
2012,Kenya,11.2458
2012,Kiribati,0.05496
2012,Kosovo,7.8477
2012,Kuwait,101.2006
2012,Kyrgyzstan,10.0867
2012,Laos,3.3284
2012,Latvia,7.5197
2012,Lebanon,22.332
2012,Lesotho,2.792
2012,Liberia,0.91501
2012,Libya,61.6065
2012,Liechtenstein,0.18526
2012,Lithuania,14.0541
2012,Luxembourg,10.858
2012,Macao,1.1322
2012,Madagascar,2.6602
2012,Malawi,1.0408
2012,Malaysia,212.9936
2012,Maldives,1.1102
2012,Mali,2.4366
2012,Malta,2.7491
2012,Marshall Islands,0.13557
2012,Martinique,
2012,Mauritania,2.4476
2012,Mauritius,3.9644
2012,Mexico,501.4923
2012,Micronesia (Federated States of),0.12824
2012,Moldova,4.7657
2012,Mongolia,34.9962
2012,Montenegro,2.2131
2012,Montserrat,0.040304
2012,Morocco,56.9535
2012,Mozambique,3.0517
2012,Myanmar,11.8257
2012,Namibia,3.1941
2012,Nauru,0.040304
2012,Nepal,5.4703
2012,Netherlands,165.7519
2012,New Caledonia,3.7056
2012,New Zealand,35.9182
2012,Nicaragua,4.5338
2012,Niger,1.8518
2012,Nigeria,110.1245
2012,Niue,0.003664
2012,North Korea,46.7547
2012,North Macedonia,8.4565
2012,Norway,44.258
2012,Occupied Palestinian Territory,2.1947
2012,Oman,63.1049
2012,Pakistan,150.5551
2012,Palau,0.2235
2012,Panama,9.5403
2012,Papua New Guinea,4.3724
2012,Paraguay,5.1591
2012,Peru,45.5087
2012,Philippines,87.4763
2012,Poland,325.7777
2012,Portugal,49.932
2012,Qatar,93.738
2012,Republic of South Sudan,1.33
2012,Romania,89.8477
2012,Russian Federation,1700.104
2012,Rwanda,0.71847
2012,Réunion,
2012,Saint Helena,0.010992
2012,Saint Kitts and Nevis,0.2235
2012,Saint Lucia,0.48731
2012,Saint Pierre and Miquelon,0.065952
2012,Saint Vincent and the Grenadines,0.23083
2012,Samoa,0.19053
2012,Sao Tome and Principe,0.10992
2012,Saudi Arabia,605.7123
2012,Senegal,7.3621
2012,Serbia,43.7635
2012,Seychelles,0.4177
2012,Sierra Leone,0.83173
2012,Singapore,46.1
2012,Slovakia,35.9614
2012,Slovenia,15.7651
2012,Solomon Islands,0.34442
2012,Somalia,0.83173
2012,South Africa,461.4384
2012,South Korea,627.943
2012,Spain,277.4322
2012,Sri Lanka,15.3894
2012,Sudan,15.763
2012,Suriname,2.4938
2012,Swaziland,1.1102
2012,Sweden,46.6069
2012,Switzerland,42.2422
2012,Syria,46.3385
2012,Taiwan,273.282
2012,Tajikistan,2.9345
2012,Tanzania,10.3675
2012,Thailand,262.3477
2012,Timor-Leste,0.5913
2012,Togo,2.2156
2012,Tonga,0.10626
2012,Trinidad and Tobago,46.1591
2012,Tunisia,28.1943
2012,Turkey,358.6446
2012,Turkmenistan,66.9386
2012,Turks and Caicos Islands,0.28213
2012,Tuvalu,0.010992
2012,Uganda,3.627
2012,Ukraine,304.4299
2012,United Arab Emirates,208.3236
2012,United Kingdom,487.4768
2012,United States of America,5331.4674
2012,Uruguay,8.6046
2012,Uzbekistan,118.8604
2012,Vanuatu,0.11725
2012,Venezuela,175.8451
2012,Vietnam,144.2875
2012,Wallis and Futuna Islands,0.025648
2012,Western Sahara,
2012,Yemen,20.4675
2012,Zambia,4.1768
2012,Zimbabwe,11.2574
2013,Afghanistan,8.8914
2013,Albania,5.3461
2013,Algeria,141.5343
2013,Andorra,0.47632
2013,Angola,25.7097
2013,Anguilla,0.11358
2013,Antigua and Barbuda,0.55693
2013,Argentina,189.5248
2013,Armenia,5.5351
2013,Aruba,0.86104
2013,Australia,397.8499
2013,Austria,67.7589
2013,Azerbaijan,33.5589
2013,Bahamas,1.9932
2013,Bahrain,31.2283
2013,Bangladesh,64.7628
2013,Barbados,1.5398
2013,Belarus,64.1519
2013,Belgium,102.816
2013,Belize,0.47266
2013,Benin,4.566
2013,Bermuda,0.53494
2013,Bhutan,1.269
2013,Bolivia,17.7777
2013,"Bonaire, Saint Eustatius and Saba",0.11358
2013,Bosnia and Herzegovina,21.8011
2013,Botswana,5.6631
2013,Brazil,531.5688
2013,British Virgin Islands,0.21251
2013,Brunei Darussalam,7.6261
2013,Bulgaria,42.583
2013,Burkina Faso,2.8089
2013,Burundi,0.43602
2013,Cambodia,5.6257
2013,Cameroon,7.8532
2013,Canada,568.5897
2013,Cape Verde,0.49464
2013,Cayman Islands,
2013,Central African Republic,0.10259
2013,Chad,2.0822
2013,Chile,81.7333
2013,China,9942.371
2013,Colombia,86.4451
2013,Comoros,0.1832
2013,Congo,5.8904
2013,Cook Islands,0.080608
2013,Costa Rica,7.5835
2013,Croatia,18.4013
2013,Cuba,27.894
2013,Curaçao,5.932
2013,Cyprus,6.5782
2013,Czech Republic,106.7101
2013,Côte d'Ivoire,9.6798
2013,Democratic Republic of the Congo,3.9211
2013,Denmark,41.763
2013,Djibouti,0.38082
2013,Dominica,0.15755
2013,Dominican Republic,20.8416
2013,Ecuador,39.6849
2013,Egypt,219.0866
2013,El Salvador,6.0581
2013,Equatorial Guinea,8.1684
2013,Eritrea,0.56951
2013,Estonia,19.6338
2013,Ethiopia,9.7437
2013,Faeroe Islands,0.64853
2013,Falkland Islands (Malvinas),
2013,Fiji,1.0369
2013,Finland,51.719
2013,France,360.0133
2013,French Guiana,
2013,French Polynesia,0.88302
2013,Gabon,5.1903
2013,Gambia,0.42869
2013,Georgia,8.028
2013,Germany,831.7456
2013,Ghana,12.61
2013,Gibraltar,
2013,Greece,81.7133
2013,Greenland,0.5622
2013,Grenada,0.30045
2013,Guadeloupe,
2013,Guatemala,12.4935
2013,Guinea,2.0775
2013,Guinea-Bissau,0.1429
2013,Guyana,1.9016
2013,Haiti,2.7032
2013,Honduras,9.3283
2013,Hong Kong,44.3105
2013,Hungary,43.4865
2013,Iceland,3.4888
2013,India,1995.3372
2013,Indonesia,493.4352
2013,Iran,609.9965
2013,Iraq,141.7044
2013,Ireland,37.2787
2013,Israel,63.0953
2013,Italy,369.4605
2013,Jamaica,8.4667
2013,Japan,1311.8756
2013,Jordan,24.061
2013,Kazakhstan,253.5327
2013,Kenya,12.1629
2013,Kiribati,0.05496
2013,Kosovo,7.9657
2013,Kuwait,83.0467
2013,Kyrgyzstan,9.7338
2013,Laos,4.1983
2013,Latvia,7.3687
2013,Lebanon,22.1637
2013,Lesotho,2.1251
2013,Liberia,0.87426
2013,Libya,51.3439
2013,Liechtenstein,0.19249
2013,Lithuania,13.1482
2013,Luxembourg,10.3234
2013,Macao,0.98928
2013,Madagascar,3.0609
2013,Malawi,1.1202
2013,Malaysia,241.6711
2013,Maldives,1.0955
2013,Mali,2.7434
2013,Malta,2.4296
2013,Marshall Islands,0.13923
2013,Martinique,
2013,Mauritania,2.1689
2013,Mauritius,4.067
2013,Mexico,495.4116
2013,Micronesia (Federated States of),0.13557
2013,Moldova,4.8994
2013,Mongolia,43.478
2013,Montenegro,2.1508
2013,Montserrat,0.051296
2013,Morocco,56.6064
2013,Mozambique,3.5787
2013,Myanmar,12.7148
2013,Namibia,3.0037
2013,Nauru,0.047632
2013,Nepal,6.2178
2013,Netherlands,164.9254
2013,New Caledonia,3.9701
2013,New Zealand,35.2192
2013,Nicaragua,4.5857
2013,Niger,2.0784
2013,Nigeria,117.4008
2013,Niue,0.007328
2013,North Korea,36.1443
2013,North Macedonia,7.4524
2013,Norway,44.539
2013,Occupied Palestinian Territory,2.4366
2013,Oman,65.587
2013,Pakistan,148.183
2013,Palau,0.22717
2013,Panama,10.2736
2013,Papua New Guinea,4.532
2013,Paraguay,5.1691
2013,Peru,42.7177
2013,Philippines,94.8254
2013,Poland,321.7572
2013,Portugal,48.1462
2013,Qatar,91.4335
2013,Republic of South Sudan,1.4436
2013,Romania,78.7955
2013,Russian Federation,1637.547
2013,Rwanda,0.77885
2013,Réunion,
2013,Saint Helena,0.010992
2013,Saint Kitts and Nevis,0.2235
2013,Saint Lucia,0.48731
2013,Saint Pierre and Miquelon,0.065952
2013,Saint Vincent and the Grenadines,0.21618
2013,Samoa,0.19053
2013,Sao Tome and Principe,0.10992
2013,Saudi Arabia,583.1779
2013,Senegal,7.8527
2013,Serbia,44.5761
2013,Seychelles,0.41403
2013,Sierra Leone,1.0516
2013,Singapore,47
2013,Slovakia,35.6217
2013,Slovenia,15.1368
2013,Solomon Islands,0.37739
2013,Somalia,0.85738
2013,South Africa,456.188
2013,South Korea,634.5807
2013,Spain,252.1092
2013,Sri Lanka,14.1431
2013,Sudan,17.3743
2013,Suriname,3.1514
2013,Swaziland,1.3154
2013,Sweden,45.1059
2013,Switzerland,43.1829
2013,Syria,34.2565
2013,Taiwan,274.576
2013,Tajikistan,2.9083
2013,Tanzania,11.2515
2013,Thailand,263.7535
2013,Timor-Leste,0.61997
2013,Togo,1.6352
2013,Tonga,0.10992
2013,Trinidad and Tobago,45.7993
2013,Tunisia,28.7733
2013,Turkey,350.6336
2013,Turkmenistan,64.3396
2013,Turks and Caicos Islands,0.28579
2013,Tuvalu,0.007328
2013,Uganda,3.7545
2013,Ukraine,297.5402
2013,United Arab Emirates,214.1881
2013,United Kingdom,477.6113
2013,United States of America,5473.4362
2013,Uruguay,7.491
2013,Uzbekistan,112.3947
2013,Vanuatu,0.10992
2013,Venezuela,198.4522
2013,Vietnam,151.4594
2013,Wallis and Futuna Islands,0.025648
2013,Western Sahara,
2013,Yemen,27.281
2013,Zambia,4.4265
2013,Zimbabwe,11.6714
2014,Afghanistan,8.6977
2014,Albania,6.0725
2014,Algeria,152.4347
2014,Andorra,0.46166
2014,Angola,26.0921
2014,Anguilla,0.12091
2014,Antigua and Barbuda,0.56792
2014,Argentina,188.5392
2014,Armenia,5.6041
2014,Aruba,0.87203
2014,Australia,392.6096
2014,Austria,64.1587
2014,Azerbaijan,34.3448
2014,Bahamas,2.0628
2014,Bahrain,30.9707
2014,Bangladesh,67.5519
2014,Barbados,1.3676
2014,Belarus,63.6992
2014,Belgium,97.081
2014,Belize,0.50197
2014,Benin,4.774
2014,Bermuda,0.66685
2014,Bhutan,1.3323
2014,Bolivia,19.9003
2014,"Bonaire, Saint Eustatius and Saba",0.11725
2014,Bosnia and Herzegovina,19.3118
2014,Botswana,6.8502
2014,Brazil,556.5255
2014,British Virgin Islands,0.21618
2014,Brunei Darussalam,8.831
2014,Bulgaria,45.1691
2014,Burkina Faso,2.8675
2014,Burundi,0.35513
2014,Cambodia,6.7023
2014,Cameroon,8.7752
2014,Canada,564.9382
2014,Cape Verde,0.49098
2014,Cayman Islands,
2014,Central African Republic,0.1319
2014,Chad,2.1828
2014,Chile,77.5862
2014,China,9976.0278
2014,Colombia,92.0417
2014,Comoros,0.16488
2014,Congo,5.4711
2014,Cook Islands,0.080608
2014,Costa Rica,7.7019
2014,Croatia,17.6499
2014,Cuba,27.3664
2014,Curaçao,6.7967
2014,Cyprus,6.9298
2014,Czech Republic,104.2326
2014,Côte d'Ivoire,9.9032
2014,Democratic Republic of the Congo,5.066
2014,Denmark,37.5714
2014,Djibouti,0.41762
2014,Dominica,0.16854
2014,Dominican Republic,21.2642
2014,Ecuador,43.7598
2014,Egypt,227.2541
2014,El Salvador,6.1202
2014,Equatorial Guinea,7.6413
2014,Eritrea,0.56911
2014,Estonia,18.784
2014,Ethiopia,11.5432
2014,Faeroe Islands,0.59723
2014,Falkland Islands (Malvinas),
2014,Fiji,1.1798
2014,Finland,47.622
2014,France,327.8088
2014,French Guiana,
2014,French Polynesia,0.85005
2014,Gabon,5.6635
2014,Gambia,0.50563
2014,Georgia,9.0581
2014,Germany,792.5836
2014,Ghana,13.2566
2014,Gibraltar,
2014,Greece,78.6357
2014,Greenland,0.50251
2014,Grenada,0.24182
2014,Guadeloupe,
2014,Guatemala,13.4248
2014,Guinea,2.3706
2014,Guinea-Bissau,0.1429
2014,Guyana,1.9749
2014,Haiti,2.6984
2014,Honduras,9.5032
2014,Hong Kong,45.4918
2014,Hungary,43.6389
2014,Iceland,3.4453
2014,India,2148.0521
2014,Indonesia,498.0288
2014,Iran,644.2276
2014,Iraq,137.5127
2014,Ireland,36.8499
2014,Israel,60.2788
2014,Italy,349.3889
2014,Jamaica,7.6755
2014,Japan,1260.2724
2014,Jordan,26.1648
2014,Kazakhstan,299.1373
2014,Kenya,13.2144
2014,Kiribati,0.05496
2014,Kosovo,7.1291
2014,Kuwait,74.9937
2014,Kyrgyzstan,10.2364
2014,Laos,4.383
2014,Latvia,7.1722
2014,Lebanon,23.992
2014,Lesotho,2.2424
2014,Liberia,0.73353
2014,Libya,68.3484
2014,Liechtenstein,0.16119
2014,Lithuania,12.8458
2014,Luxembourg,9.8069
2014,Macao,1.2934
2014,Madagascar,2.971
2014,Malawi,1.0151
2014,Malaysia,245.0534
2014,Maldives,1.319
2014,Mali,3.1393
2014,Malta,2.4173
2014,Marshall Islands,0.13923
2014,Martinique,
2014,Mauritania,2.5627
2014,Mauritius,4.2063
2014,Mexico,484.0445
2014,Micronesia (Federated States of),0.13923
2014,Moldova,4.7552
2014,Mongolia,29.6298
2014,Montenegro,2.1068
2014,Montserrat,0.043968
2014,Morocco,57.1749
2014,Mozambique,8.1184
2014,Myanmar,15.8493
2014,Namibia,3.0991
2014,Nauru,0.051296
2014,Nepal,7.5877
2014,Netherlands,157.5028
2014,New Caledonia,5.0091
2014,New Zealand,35.3993
2014,Nicaragua,4.7198
2014,Niger,2.2563
2014,Nigeria,123.9712
2014,Niue,0.007328
2014,North Korea,39.8246
2014,North Macedonia,7.1668
2014,Norway,44.975
2014,Occupied Palestinian Territory,2.8359
2014,Oman,66.19
2014,Pakistan,150.8095
2014,Palau,0.21984
2014,Panama,10.6886
2014,Papua New Guinea,6.1249
2014,Paraguay,5.4512
2014,Peru,49.388
2014,Philippines,100.0738
2014,Poland,309.4154
2014,Portugal,47.9423
2014,Qatar,91.6416
2014,Republic of South Sudan,1.4986
2014,Romania,79.3354
2014,Russian Federation,1637.3113
2014,Rwanda,0.8298
2014,Réunion,
2014,Saint Helena,0.010992
2014,Saint Kitts and Nevis,0.22717
2014,Saint Lucia,0.48731
2014,Saint Pierre and Miquelon,0.065952
2014,Saint Vincent and the Grenadines,0.25648
2014,Samoa,0.20152
2014,Sao Tome and Principe,0.12824
2014,Saudi Arabia,585.1091
2014,Senegal,8.7244
2014,Serbia,37.331
2014,Seychelles,0.458
2014,Sierra Leone,1.1285
2014,Singapore,47.6
2014,Slovakia,33.7082
2014,Slovenia,13.5683
2014,Solomon Islands,0.32976
2014,Somalia,0.88669
2014,South Africa,481.6378
2014,South Korea,629.3665
2014,Spain,253.6578
2014,Sri Lanka,17.076
2014,Sudan,13.0949
2014,Suriname,3.2009
2014,Swaziland,0.76211
2014,Sweden,43.3847
2014,Switzerland,39.2442
2014,Syria,34.8693
2014,Taiwan,276.959
2014,Tajikistan,4.6062
2014,Tanzania,10.9974
2014,Thailand,272.4877
2014,Timor-Leste,0.62708
2014,Togo,1.4906
2014,Tonga,0.10626
2014,Trinidad and Tobago,46.8658
2014,Tunisia,29.8746
2014,Turkey,367.2716
2014,Turkmenistan,62.7993
2014,Turks and Caicos Islands,0.30778
2014,Tuvalu,0.007328
2014,Uganda,4.0897
2014,Ukraine,257.7031
2014,United Arab Emirates,214.5303
2014,United Kingdom,438.8071
2014,United States of America,5531.3851
2014,Uruguay,6.6838
2014,Uzbekistan,107.4956
2014,Vanuatu,0.15755
2014,Venezuela,175.9916
2014,Vietnam,180.0475
2014,Wallis and Futuna Islands,0.025648
2014,Western Sahara,
2014,Yemen,26.5922
2014,Zambia,5.2833
2014,Zimbabwe,11.9461
2015,Afghanistan,9.3844
2015,Albania,4.7121
2015,Algeria,160.3216
2015,Andorra,0.46533
2015,Angola,27.5052
2015,Anguilla,0.13557
2015,Antigua and Barbuda,0.57891
2015,Argentina,191.8088
2015,Armenia,5.4692
2015,Aruba,0.89768
2015,Australia,400.5892
2015,Austria,66.3578
2015,Azerbaijan,34.6833
2015,Bahamas,2.2314
2015,Bahrain,32.5206
2015,Bangladesh,76.9461
2015,Barbados,1.3346
2015,Belarus,58.8278
2015,Belgium,101.3275
2015,Belize,0.68517
2015,Benin,5.3182
2015,Bermuda,0.54227
2015,Bhutan,1.4339
2015,Bolivia,19.8997
2015,"Bonaire, Saint Eustatius and Saba",0.12824
2015,Bosnia and Herzegovina,18.4605
2015,Botswana,5.4175
2015,Brazil,528.1735
2015,British Virgin Islands,0.2235
2015,Brunei Darussalam,6.9333
2015,Bulgaria,48.1271
2015,Burkina Faso,3.7438
2015,Burundi,0.35541
2015,Cambodia,8.1861
2015,Cameroon,9.85
2015,Canada,563.0026
2015,Cape Verde,0.49464
2015,Cayman Islands,
2015,Central African Republic,0.19419
2015,Chad,2.3519
2015,Chile,81.7785
2015,China,9858.0404
2015,Colombia,91.0266
2015,Comoros,0.17954
2015,Congo,5.6367
2015,Cook Islands,0.076944
2015,Costa Rica,7.3528
2015,Croatia,17.7939
2015,Cuba,29.0912
2015,Curaçao,7.3317
2015,Cyprus,6.9525
2015,Czech Republic,104.9897
2015,Côte d'Ivoire,9.5547
2015,Democratic Republic of the Congo,3.2744
2015,Denmark,35.1106
2015,Djibouti,0.50492
2015,Dominica,0.17587
2015,Dominican Republic,22.9861
2015,Ecuador,41.2977
2015,Egypt,226.654
2015,El Salvador,6.6371
2015,Equatorial Guinea,7.0099
2015,Eritrea,0.55748
2015,Estonia,15.7796
2015,Ethiopia,12.5636
2015,Faeroe Islands,0.60822
2015,Falkland Islands (Malvinas),
2015,Fiji,1.4619
2015,Finland,44.192
2015,France,332.131
2015,French Guiana,
2015,French Polynesia,0.84638
2015,Gabon,5.7721
2015,Gambia,0.58258
2015,Georgia,9.7906
2015,Germany,800.8225
2015,Ghana,14.5681
2015,Gibraltar,
2015,Greece,74.9267
2015,Greenland,0.5476
2015,Grenada,0.26014
2015,Guadeloupe,
2015,Guatemala,15.4492
2015,Guinea,2.4544
2015,Guinea-Bissau,0.15389
2015,Guyana,1.9639
2015,Haiti,2.6545
2015,Honduras,10.8978
2015,Hong Kong,42.4035
2015,Hungary,46.5669
2015,Iceland,3.541
2015,India,2231.8175
2015,Indonesia,551.16
2015,Iran,641.9587
2015,Iraq,142.53
2015,Ireland,38.7154
2015,Israel,62.9356
2015,Italy,361.2437
2015,Jamaica,7.9662
2015,Japan,1219.9825
2015,Jordan,25.7994
2015,Kazakhstan,303.0523
2015,Kenya,15.2122
2015,Kiribati,0.058624
2015,Kosovo,8.2906
2015,Kuwait,93.3175
2015,Kyrgyzstan,10.2648
2015,Laos,9.1848
2015,Latvia,7.2624
2015,Lebanon,25.7312
2015,Lesotho,2.0445
2015,Liberia,0.69869
2015,Libya,60.8662
2015,Liechtenstein,0.15967
2015,Lithuania,13.0452
2015,Luxembourg,9.334
2015,Macao,1.7734
2015,Madagascar,3.1212
2015,Malawi,1.0499
2015,Malaysia,235.9418
2015,Maldives,1.2824
2015,Mali,3.3991
2015,Malta,1.6975
2015,Marshall Islands,0.1429
2015,Martinique,
2015,Mauritania,3.0025
2015,Mauritius,4.2099
2015,Mexico,479.4337
2015,Micronesia (Federated States of),0.1429
2015,Moldova,4.7851
2015,Mongolia,23.2786
2015,Montenegro,2.2387
2015,Montserrat,0.051296
2015,Morocco,58.4988
2015,Mozambique,6.7305
2015,Myanmar,21.8798
2015,Namibia,3.3937
2015,Nauru,0.05496
2015,Nepal,6.9047
2015,Netherlands,163.9581
2015,New Caledonia,4.8769
2015,New Zealand,35.8051
2015,Nicaragua,5.4082
2015,Niger,2.1988
2015,Nigeria,110.5246
2015,Niue,0.007328
2015,North Korea,31.2778
2015,North Macedonia,6.7198
2015,Norway,45.523
2015,Occupied Palestinian Territory,3.0008
2015,Oman,67.8832
2015,Pakistan,144.8956
2015,Palau,0.20152
2015,Panama,10.6521
2015,Papua New Guinea,6.3163
2015,Paraguay,6.0455
2015,Peru,49.2041
2015,Philippines,111.0463
2015,Poland,312.5488
2015,Portugal,52.233
2015,Qatar,93.3104
2015,Republic of South Sudan,1.9126
2015,Romania,78.046
2015,Russian Federation,1635.2436
2015,Rwanda,0.96678
2015,Réunion,
2015,Saint Helena,0.010992
2015,Saint Kitts and Nevis,0.23083
2015,Saint Lucia,0.47998
2015,Saint Pierre and Miquelon,0.065952
2015,Saint Vincent and the Grenadines,0.2345
2015,Samoa,0.22717
2015,Sao Tome and Principe,0.13557
2015,Saudi Arabia,624.547
2015,Senegal,9.8454
2015,Serbia,43.897
2015,Seychelles,0.4983
2015,Sierra Leone,1.0841
2015,Singapore,49.4
2015,Slovakia,34.5279
2015,Slovenia,13.6587
2015,Solomon Islands,0.29678
2015,Somalia,0.92333
2015,South Africa,457.4732
2015,South Korea,634.1773
2015,Spain,270.2481
2015,Sri Lanka,19.179
2015,Sudan,14.2465
2015,Suriname,2.7136
2015,Swaziland,0.85005
2015,Sweden,43.3101
2015,Switzerland,38.7561
2015,Syria,31.1154
2015,Taiwan,276.264
2015,Tajikistan,5.3066
2015,Tanzania,12.7827
2015,Thailand,277.0987
2015,Timor-Leste,0.59043
2015,Togo,1.7984
2015,Tonga,0.10626
2015,Trinidad and Tobago,45.5337
2015,Tunisia,31.3805
2015,Turkey,387.7039
2015,Turkmenistan,63.0917
2015,Turks and Caicos Islands,0.3151
2015,Tuvalu,0.007328
2015,Uganda,4.5285
2015,Ukraine,223.8498
2015,United Arab Emirates,225.0448
2015,United Kingdom,422.4608
2015,United States of America,5368.4968
2015,Uruguay,6.7381
2015,Uzbekistan,103.3736
2015,Vanuatu,0.1319
2015,Venezuela,166.3284
2015,Vietnam,213.3913
2015,Wallis and Futuna Islands,0.025648
2015,Western Sahara,
2015,Yemen,14.1228
2015,Zambia,5.5225
2015,Zimbabwe,12.0168
2016,Afghanistan,8.6059
2016,Albania,4.555
2016,Algeria,158.3083
2016,Andorra,0.47266
2016,Angola,25.4656
2016,Anguilla,0.13923
2016,Antigua and Barbuda,0.59357
2016,Argentina,190.0205
2016,Armenia,5.2067
2016,Aruba,0.88302
2016,Australia,409.6664
2016,Austria,67.2187
2016,Azerbaijan,34.727
2016,Bahamas,2.246
2016,Bahrain,31.6354
2016,Bangladesh,81.7612
2016,Barbados,1.3715
2016,Belarus,58.1881
2016,Belgium,99.8163
2016,Belize,0.67418
2016,Benin,5.3105
2016,Bermuda,0.61555
2016,Bhutan,1.5603
2016,Bolivia,21.2496
2016,"Bonaire, Saint Eustatius and Saba",0.1319
2016,Bosnia and Herzegovina,21.7341
2016,Botswana,6.3409
2016,Brazil,491.7448
2016,British Virgin Islands,0.22717
2016,Brunei Darussalam,7.6329
2016,Bulgaria,45.3437
2016,Burkina Faso,3.9876
2016,Burundi,0.42869
2016,Cambodia,10.6435
2016,Cameroon,9.9649
2016,Canada,553.707
2016,Cape Verde,0.53128
2016,Cayman Islands,
2016,Central African Republic,0.23816
2016,Chad,2.3816
2016,Chile,84.2505
2016,China,9748.1748
2016,Colombia,91.5829
2016,Comoros,0.20518
2016,Congo,5.7272
2016,Cook Islands,0.076944
2016,Costa Rica,7.8289
2016,Croatia,18.0793
2016,Cuba,27.7722
2016,Curaçao,6.2032
2016,Cyprus,7.3499
2016,Czech Republic,106.6364
2016,Côte d'Ivoire,11.9795
2016,Democratic Republic of the Congo,2.6594
2016,Denmark,36.9166
2016,Djibouti,0.42777
2016,Dominica,0.17221
2016,Dominican Republic,24.1404
2016,Ecuador,39.3745
2016,Egypt,245.1636
2016,El Salvador,6.572
2016,Equatorial Guinea,7.5377
2016,Eritrea,0.55437
2016,Estonia,17.4329
2016,Ethiopia,14.3232
2016,Faeroe Islands,0.62654
2016,Falkland Islands (Malvinas),
2016,Fiji,1.3447
2016,Finland,47.252
2016,France,335.4964
2016,French Guiana,
2016,French Polynesia,0.86837
2016,Gabon,5.613
2016,Gambia,0.5899
2016,Georgia,10.0429
2016,Germany,797.9883
2016,Ghana,13.9136
2016,Gibraltar,
2016,Greece,71.3596
2016,Greenland,0.5092
2016,Grenada,0.2748
2016,Guadeloupe,
2016,Guatemala,16.5237
2016,Guinea,2.6998
2016,Guinea-Bissau,0.16854
2016,Guyana,2.2092
2016,Haiti,2.9769
2016,Honduras,9.9387
2016,Hong Kong,43.3658
2016,Hungary,47.0391
2016,Iceland,3.4937
2016,India,2352.5401
2016,Indonesia,547.9689
2016,Iran,644.6806
2016,Iraq,153.1321
2016,Ireland,40.369
2016,Israel,61.1644
2016,Italy,358.1331
2016,Jamaica,8.1341
2016,Japan,1199.933
2016,Jordan,24.9495
2016,Kazakhstan,301.7388
2016,Kenya,16.2887
2016,Kiribati,0.05496
2016,Kosovo,8.7935
2016,Kuwait,104.0188
2016,Kyrgyzstan,9.6217
2016,Laos,16.4065
2016,Latvia,7.2107
2016,Lebanon,26.4379
2016,Lesotho,2.0262
2016,Liberia,0.64665
2016,Libya,57.3789
2016,Liechtenstein,0.14965
2016,Lithuania,13.1015
2016,Luxembourg,9.0772
2016,Macao,1.7807
2016,Madagascar,3.2568
2016,Malawi,1.1724
2016,Malaysia,237.2939
2016,Maldives,1.4326
2016,Mali,4.2862
2016,Malta,1.3759
2016,Marshall Islands,0.1429
2016,Martinique,
2016,Mauritania,2.6239
2016,Mauritius,4.3418
2016,Mexico,478.8277
2016,Micronesia (Federated States of),0.1429
2016,Moldova,4.9073
2016,Mongolia,25.6291
2016,Montenegro,2.0152
2016,Montserrat,0.029312
2016,Morocco,58.4575
2016,Mozambique,8.5477
2016,Myanmar,21.1441
2016,Namibia,3.5822
2016,Nauru,0.051296
2016,Nepal,10.088
2016,Netherlands,164.8118
2016,New Caledonia,5.4817
2016,New Zealand,34.135
2016,Nicaragua,5.3785
2016,Niger,2.1415
2016,Nigeria,116.396
2016,Niue,0.007328
2016,North Korea,34.2364
2016,North Macedonia,6.6062
2016,Norway,44.708
2016,Occupied Palestinian Territory,3.2353
2016,Oman,66.2398
2016,Pakistan,176.741
2016,Palau,0.20885
2016,Panama,10.3338
2016,Papua New Guinea,7.0241
2016,Paraguay,7.1865
2016,Peru,52.6977
2016,Philippines,120.2156
2016,Poland,323.3005
2016,Portugal,50.3109
2016,Qatar,91.3783
2016,Republic of South Sudan,1.7038
2016,Romania,76.5869
2016,Russian Federation,1629.3283
2016,Rwanda,1.052
2016,Réunion,
2016,Saint Helena,0.014656
2016,Saint Kitts and Nevis,0.23816
2016,Saint Lucia,0.47266
2016,Saint Pierre and Miquelon,0.065952
2016,Saint Vincent and the Grenadines,0.24182
2016,Samoa,0.23816
2016,Sao Tome and Principe,0.14656
2016,Saudi Arabia,641.1742
2016,Senegal,10.0128
2016,Serbia,45.1926
2016,Seychelles,0.55326
2016,Sierra Leone,1.1395
2016,Singapore,49.1
2016,Slovakia,34.9776
2016,Slovenia,14.468
2016,Solomon Islands,0.29312
2016,Somalia,0.9563
2016,South Africa,457.0498
2016,South Korea,637.9141
2016,Spain,259.5547
2016,Sri Lanka,22.3392
2016,Sudan,19.7373
2016,Suriname,2.9135
2016,Swaziland,1.0223
2016,Sweden,43.3084
2016,Switzerland,39.2248
2016,Syria,29.162
2016,Taiwan,280.197
2016,Tajikistan,6.0159
2016,Tanzania,13.5295
2016,Thailand,284.0455
2016,Timor-Leste,0.64297
2016,Togo,2.2926
2016,Tonga,0.13923
2016,Trinidad and Tobago,39.8674
2016,Tunisia,30.9715
2016,Turkey,405.5522
2016,Turkmenistan,62.0909
2016,Turks and Caicos Islands,0.3261
2016,Tuvalu,0.007328
2016,Uganda,4.8174
2016,Ukraine,234.1056
2016,United Arab Emirates,227.8977
2016,United Kingdom,399.4301
2016,United States of America,5245.3618
2016,Uruguay,6.5204
2016,Uzbekistan,109.8373
2016,Vanuatu,0.15022
2016,Venezuela,152.7334
2016,Vietnam,221.027
2016,Wallis and Futuna Islands,0.025648
2016,Western Sahara,
2016,Yemen,10.0437
2016,Zambia,5.9779
2016,Zimbabwe,10.5882
2017,Afghanistan,9.3111
2017,Albania,5.3438
2017,Algeria,165.2516
2017,Andorra,0.47266
2017,Angola,23.601
2017,Anguilla,0.12824
2017,Antigua and Barbuda,0.6009
2017,Argentina,187.068
2017,Armenia,5.5366
2017,Aruba,0.89035
2017,Australia,413.4078
2017,Austria,69.6015
2017,Azerbaijan,34.6983
2017,Bahamas,2.5208
2017,Bahrain,32.9166
2017,Bangladesh,86.5309
2017,Barbados,1.3992
2017,Belarus,59.4444
2017,Belgium,99.2822
2017,Belize,0.66685
2017,Benin,5.555
2017,Bermuda,0.6412
2017,Bhutan,1.6493
2017,Bolivia,22.1816
2017,"Bonaire, Saint Eustatius and Saba",0.13923
2017,Bosnia and Herzegovina,22.1525
2017,Botswana,7.0663
2017,Brazil,497.2545
2017,British Virgin Islands,0.17954
2017,Brunei Darussalam,9.3094
2017,Bulgaria,47.4458
2017,Burkina Faso,4.6216
2017,Burundi,0.5165
2017,Cambodia,12.0871
2017,Cameroon,9.5817
2017,Canada,566.6603
2017,Cape Verde,0.57158
2017,Cayman Islands,
2017,Central African Republic,0.28579
2017,Chad,2.3408
2017,Chile,84.1346
2017,China,10000.0136
2017,Colombia,83.4588
2017,Comoros,0.26381
2017,Congo,5.6509
2017,Cook Islands,0.076944
2017,Costa Rica,7.9868
2017,Croatia,18.7131
2017,Cuba,24.5592
2017,Curaçao,4.9684
2017,Cyprus,7.4693
2017,Czech Republic,107.7355
2017,Côte d'Ivoire,12.0019
2017,Democratic Republic of the Congo,2.9202
2017,Denmark,34.6646
2017,Djibouti,0.41374
2017,Dominica,0.15389
2017,Dominican Republic,23.4552
2017,Ecuador,39.1959
2017,Egypt,253.3639
2017,El Salvador,5.9416
2017,Equatorial Guinea,6.8156
2017,Eritrea,0.5534
2017,Estonia,18.616
2017,Ethiopia,14.6027
2017,Faeroe Islands,0.70349
2017,Falkland Islands (Malvinas),
2017,Fiji,1.4546
2017,Finland,44.657
2017,France,338.3681
2017,French Guiana,
2017,French Polynesia,0.8757
2017,Gabon,5.5005
2017,Gambia,0.59723
2017,Georgia,10.0598
2017,Germany,784.5952
2017,Ghana,12.4373
2017,Gibraltar,
2017,Greece,74.8418
2017,Greenland,0.5359
2017,Grenada,0.29312
2017,Guadeloupe,
2017,Guatemala,16.9927
2017,Guinea,4.8475
2017,Guinea-Bissau,0.1832
2017,Guyana,2.1581
2017,Haiti,3.1335
2017,Honduras,10.1979
2017,Hong Kong,42.4312
2017,Hungary,49.4235
2017,Iceland,3.6109
2017,India,2425.7219
2017,Indonesia,570.9282
2017,Iran,696.4075
2017,Iraq,167.4723
2017,Ireland,39.0404
2017,Israel,58.8491
2017,Italy,352.6662
2017,Jamaica,7.7682
2017,Japan,1184.3917
2017,Jordan,26.0799
2017,Kazakhstan,317.7204
2017,Kenya,16.1811
2017,Kiribati,0.069616
2017,Kosovo,8.0227
2017,Kuwait,100.0104
2017,Kyrgyzstan,9.3641
2017,Laos,19.6249
2017,Latvia,7.2153
2017,Lebanon,27.8207
2017,Lesotho,2.2863
2017,Liberia,0.66736
2017,Libya,67.0922
2017,Liechtenstein,0.15548
2017,Lithuania,13.2774
2017,Luxembourg,9.251
2017,Macao,1.9273
2017,Madagascar,3.8038
2017,Malawi,1.193
2017,Malaysia,244.4571
2017,Maldives,1.5132
2017,Mali,4.7666
2017,Malta,1.5372
2017,Marshall Islands,0.14656
2017,Martinique,
2017,Mauritania,3.5811
2017,Mauritius,4.5397
2017,Mexico,464.4066
2017,Micronesia (Federated States of),0.1429
2017,Moldova,5.0904
2017,Mongolia,34.139
2017,Montenegro,2.1031
2017,Montserrat,0.025648
2017,Morocco,61.1038
2017,Mozambique,6.9054
2017,Myanmar,23.6334
2017,Namibia,3.5896
2017,Nauru,0.05496
2017,Nepal,12.4216
2017,Netherlands,162.2957
2017,New Caledonia,5.5838
2017,New Zealand,35.6613
2017,Nicaragua,5.4408
2017,Niger,2.2425
2017,Nigeria,112.5404
2017,Niue,0.007328
2017,North Korea,69.7079
2017,North Macedonia,7.09
2017,Norway,44.197
2017,Occupied Palestinian Territory,3.2646
2017,Oman,66.3437
2017,Pakistan,211.9807
2017,Palau,0.21618
2017,Panama,9.5679
2017,Papua New Guinea,6.5501
2017,Paraguay,7.9395
2017,Peru,54.7264
2017,Philippines,133.5756
2017,Poland,336.5051
2017,Portugal,55.1652
2017,Qatar,105.6566
2017,Republic of South Sudan,1.4546
2017,Romania,79.4323
2017,Russian Federation,1661.0122
2017,Rwanda,1.1697
2017,Réunion,
2017,Saint Helena,0.010992
2017,Saint Kitts and Nevis,0.24182
2017,Saint Lucia,0.49464
2017,Saint Pierre and Miquelon,0.065952
2017,Saint Vincent and the Grenadines,0.21251
2017,Samoa,0.2345
2017,Sao Tome and Principe,0.13923
2017,Saudi Arabia,644.4865
2017,Senegal,10.7572
2017,Serbia,45.6725
2017,Seychelles,0.57525
2017,Sierra Leone,1.0955
2017,Singapore,50.1
2017,Slovakia,36.1839
2017,Slovenia,14.6372
2017,Solomon Islands,0.28946
2017,Somalia,0.99294
2017,South Africa,440.0103
2017,South Korea,654.5373
2017,Spain,273.4839
2017,Sri Lanka,22.168
2017,Sudan,20.3062
2017,Suriname,2.4302
2017,Swaziland,0.97096
2017,Sweden,42.3554
2017,Switzerland,38.234
2017,Syria,34.4735
2017,Taiwan,285.736
2017,Tajikistan,6.8795
2017,Tanzania,13.5135
2017,Thailand,283.3476
2017,Timor-Leste,0.69285
2017,Togo,1.912
2017,Tonga,0.1429
2017,Trinidad and Tobago,40.2969
2017,Tunisia,31.6769
2017,Turkey,430.6217
2017,Turkmenistan,62.9566
2017,Turks and Caicos Islands,0.35174
2017,Tuvalu,0.007328
2017,Uganda,5.4062
2017,Ukraine,223.2878
2017,United Arab Emirates,196.4928
2017,United Kingdom,387.3671
2017,United States of America,5195.4177
2017,Uruguay,6.151
2017,Uzbekistan,108.8829
2017,Vanuatu,0.13923
2017,Venezuela,139.0933
2017,Vietnam,227.6944
2017,Wallis and Futuna Islands,0.025648
2017,Western Sahara,
2017,Yemen,9.2139
2017,Zambia,7.4589
2017,Zimbabwe,9.8306
2018,Afghanistan,10.1915
2018,Albania,5.1949
2018,Algeria,174.4612
2018,Andorra,0.4983
2018,Angola,23.278
2018,Anguilla,0.1319
2018,Antigua and Barbuda,0.61555
2018,Argentina,182.4835
2018,Armenia,5.8221
2018,Aruba,0.86837
2018,Australia,414.7806
2018,Austria,66.5665
2018,Azerbaijan,34.5762
2018,Bahamas,2.4549
2018,Bahrain,32.6985
2018,Bangladesh,86.6081
2018,Barbados,1.4469
2018,Belarus,62.1707
2018,Belgium,100.2564
2018,Belize,0.65954
2018,Benin,5.6684
2018,Bermuda,0.69616
2018,Bhutan,1.6819
2018,Bolivia,22.5089
2018,"Bonaire, Saint Eustatius and Saba",0.1319
2018,Bosnia and Herzegovina,22.0787
2018,Botswana,7.6435
2018,Brazil,476.6005
2018,British Virgin Islands,0.15755
2018,Brunei Darussalam,9.3411
2018,Bulgaria,43.5033
2018,Burkina Faso,5.2262
2018,Burundi,0.6451
2018,Cambodia,13.9375
2018,Cameroon,9.8439
2018,Canada,575.0908
2018,Cape Verde,0.57158
2018,Cayman Islands,
2018,Central African Republic,0.27114
2018,Chad,2.3835
2018,Chile,84.4426
2018,China,10346.7902
2018,Colombia,90.8107
2018,Comoros,0.28579
2018,Congo,6.5447
2018,Cook Islands,0.076944
2018,Costa Rica,7.967
2018,Croatia,17.6945
2018,Cuba,23.0195
2018,Curaçao,4.3235
2018,Cyprus,7.3242
2018,Czech Republic,106.3221
2018,Côte d'Ivoire,10.4152
2018,Democratic Republic of the Congo,3.7742
2018,Denmark,34.609
2018,Djibouti,0.47152
2018,Dominica,0.16488
2018,Dominican Republic,25.2031
2018,Ecuador,38.4512
2018,Egypt,241.9032
2018,El Salvador,6.4522
2018,Equatorial Guinea,7.0344
2018,Eritrea,0.61613
2018,Estonia,17.8007
2018,Ethiopia,16.1172
2018,Faeroe Islands,0.72547
2018,Falkland Islands (Malvinas),
2018,Fiji,1.4803
2018,Finland,45.736
2018,France,323.1017
2018,French Guiana,
2018,French Polynesia,0.87936
2018,Gabon,5.5634
2018,Gambia,0.64853
2018,Georgia,9.8883
2018,Germany,758.7714
2018,Ghana,15.1897
2018,Gibraltar,
2018,Greece,71.7781
2018,Greenland,0.52374
2018,Grenada,0.30778
2018,Guadeloupe,
2018,Guatemala,18.3384
2018,Guinea,3.7703
2018,Guinea-Bissau,0.19786
2018,Guyana,2.3193
2018,Haiti,3.401
2018,Honduras,9.8762
2018,Hong Kong,42.597
2018,Hungary,49.3662
2018,Iceland,3.6654
2018,India,2595.2269
2018,Indonesia,607.3784
2018,Iran,664.5232
2018,Iraq,186.1564
2018,Ireland,38.9224
2018,Israel,59.9859
2018,Italy,349.0483
2018,Jamaica,8.0607
2018,Japan,1138.5498
2018,Jordan,25.4192
2018,Kazakhstan,329.5721
2018,Kenya,17.0029
2018,Kiribati,0.069616
2018,Kosovo,8.0447
2018,Kuwait,102.453
2018,Kyrgyzstan,11.1749
2018,Laos,20.4815
2018,Latvia,7.8432
2018,Lebanon,25.8121
2018,Lesotho,2.1654
2018,Liberia,0.60863
2018,Libya,62.6445
2018,Liechtenstein,0.14257
2018,Lithuania,13.4144
2018,Luxembourg,9.5562
2018,Macao,1.2421
2018,Madagascar,3.6045
2018,Malawi,1.69
2018,Malaysia,262.6471
2018,Maldives,1.7367
2018,Mali,5.1983
2018,Malta,1.5477
2018,Marshall Islands,0.14656
2018,Martinique,
2018,Mauritania,4.4444
2018,Mauritius,4.4554
2018,Mexico,468.4206
2018,Micronesia (Federated States of),0.1429
2018,Moldova,5.3512
2018,Mongolia,45.3193
2018,Montenegro,2.4036
2018,Montserrat,0.029312
2018,Morocco,62.3149
2018,Mozambique,7.0101
2018,Myanmar,34.0168
2018,Namibia,3.635
2018,Nauru,0.05496
2018,Nepal,14.039
2018,Netherlands,158.2643
2018,New Caledonia,5.913
2018,New Zealand,35.6868
2018,Nicaragua,5.178
2018,Niger,1.8034
2018,Nigeria,106.7857
2018,Niue,0.007328
2018,North Korea,62.6083
2018,North Macedonia,6.6538
2018,Norway,44.472
2018,Occupied Palestinian Territory,2.9568
2018,Oman,70.6779
2018,Pakistan,203.4997
2018,Palau,0.21251
2018,Panama,9.121
2018,Papua New Guinea,7.5959
2018,Paraguay,8.5036
2018,Peru,56.0136
2018,Philippines,139.8568
2018,Poland,335.7186
2018,Portugal,51.3403
2018,Qatar,102.6214
2018,Republic of South Sudan,1.7367
2018,Romania,79.8744
2018,Russian Federation,1709.9097
2018,Rwanda,1.3131
2018,Réunion,
2018,Saint Helena,0.010992
2018,Saint Kitts and Nevis,0.24915
2018,Saint Lucia,0.5093
2018,Saint Pierre and Miquelon,0.058624
2018,Saint Vincent and the Grenadines,0.24182
2018,Samoa,0.2345
2018,Sao Tome and Principe,0.13923
2018,Saudi Arabia,652.2042
2018,Senegal,11.3304
2018,Serbia,44.4781
2018,Seychelles,0.59723
2018,Sierra Leone,1.0369
2018,Singapore,50.3
2018,Slovakia,36.1841
2018,Slovenia,14.5634
2018,Solomon Islands,0.29312
2018,Somalia,1.0332
2018,South Africa,453.766
2018,South Korea,670.1687
2018,Spain,268.5206
2018,Sri Lanka,20.1368
2018,Sudan,20.516
2018,Suriname,2.0931
2018,Swaziland,1.0149
2018,Sweden,41.856
2018,Switzerland,36.9451
2018,Syria,31.7713
2018,Taiwan,284.151
2018,Tajikistan,8.0809
2018,Tanzania,14.2331
2018,Thailand,288.3049
2018,Timor-Leste,0.61702
2018,Togo,2.0338
2018,Tonga,0.1319
2018,Trinidad and Tobago,40.3074
2018,Tunisia,31.1217
2018,Turkey,423.8183
2018,Turkmenistan,61.3017
2018,Turks and Caicos Islands,0.35907
2018,Tuvalu,0.010992
2018,Uganda,5.5486
2018,Ukraine,231.9
2018,United Arab Emirates,204.1048
2018,United Kingdom,379.7298
2018,United States of America,5361.2361
2018,Uruguay,6.5704
2018,Uzbekistan,102.3303
2018,Vanuatu,0.17587
2018,Venezuela,111.2396
2018,Vietnam,255.4684
2018,Wallis and Futuna Islands,0.025648
2018,Western Sahara,
2018,Yemen,11.5039
2018,Zambia,8.6578
2018,Zimbabwe,11.2092
2019,Afghanistan,10.4001
2019,Albania,4.9405
2019,Algeria,182.425
2019,Andorra,0.49098
2019,Angola,22.2101
2019,Anguilla,0.1429
2019,Antigua and Barbuda,0.63754
2019,Argentina,180.4277
2019,Armenia,6.2841
2019,Aruba,0.83173
2019,Australia,414.9253
2019,Austria,67.9512
2019,Azerbaijan,37.7526
2019,Bahamas,2.5208
2019,Bahrain,37.6161
2019,Bangladesh,94.8077
2019,Barbados,1.3919
2019,Belarus,62.1706
2019,Belgium,99.7987
2019,Belize,0.76944
2019,Benin,5.2726
2019,Bermuda,0.59357
2019,Bhutan,1.5649
2019,Bolivia,22.6093
2019,"Bonaire, Saint Eustatius and Saba",0.13923
2019,Bosnia and Herzegovina,20.8104
2019,Botswana,7.4856
2019,Brazil,476.7237
2019,British Virgin Islands,0.1832
2019,Brunei Darussalam,9.5642
2019,Bulgaria,42.195
2019,Burkina Faso,5.618
2019,Burundi,0.68517
2019,Cambodia,18.6263
2019,Cameroon,9.6053
2019,Canada,579.007
2019,Cape Verde,0.63021
2019,Cayman Islands,
2019,Central African Republic,0.31144
2019,Chad,2.2998
2019,Chile,91.9771
2019,China,10713.5145
2019,Colombia,98.9619
2019,Comoros,0.31144
2019,Congo,7.2936
2019,Cook Islands,0.080608
2019,Costa Rica,7.6604
2019,Croatia,17.8204
2019,Cuba,22.4869
2019,Curaçao,2.3963
2019,Cyprus,7.3245
2019,Czech Republic,100.9975
2019,Côte d'Ivoire,10.5387
2019,Democratic Republic of the Congo,4.1181
2019,Denmark,30.9503
2019,Djibouti,0.54022
2019,Dominica,0.17221
2019,Dominican Republic,28.4711
2019,Ecuador,40.0826
2019,Egypt,234.0602
2019,El Salvador,7.6342
2019,Equatorial Guinea,5.5137
2019,Eritrea,0.64458
2019,Estonia,12.2881
2019,Ethiopia,17.1771
2019,Faeroe Islands,0.74013
2019,Falkland Islands (Malvinas),
2019,Fiji,1.5095
2019,Finland,42.444
2019,France,316.3208
2019,French Guiana,
2019,French Polynesia,0.89035
2019,Gabon,5.6073
2019,Gambia,0.71082
2019,Georgia,10.5171
2019,Germany,708.649
2019,Ghana,16.4152
2019,Gibraltar,
2019,Greece,65.7363
2019,Greenland,0.52613
2019,Grenada,0.33342
2019,Guadeloupe,
2019,Guatemala,19.2589
2019,Guinea,4.1042
2019,Guinea-Bissau,0.25648
2019,Guyana,2.6452
2019,Haiti,3.1188
2019,Honduras,10.9625
2019,Hong Kong,41.8966
2019,Hungary,49.159
2019,Iceland,3.5526
2019,India,2611.1746
2019,Indonesia,665.0493
2019,Iran,727.2686
2019,Iraq,191.7776
2019,Ireland,37.1998
2019,Israel,58.9502
2019,Italy,339.6379
2019,Jamaica,9.4395
2019,Japan,1102.063
2019,Jordan,24.5698
2019,Kazakhstan,296.0396
2019,Kenya,18.1589
2019,Kiribati,0.069616
2019,Kosovo,8.3859
2019,Kuwait,104.6542
2019,Kyrgyzstan,9.0467
2019,Laos,18.3399
2019,Latvia,7.6335
2019,Lebanon,25.1411
2019,Lesotho,2.1874
2019,Liberia,0.93166
2019,Libya,73.7783
2019,Liechtenstein,0.14866
2019,Lithuania,13.6473
2019,Luxembourg,9.75
2019,Macao,1.2128
2019,Madagascar,4.1465
2019,Malawi,1.6954
2019,Malaysia,277.6729
2019,Maldives,1.9932
2019,Mali,5.594
2019,Malta,1.6492
2019,Marshall Islands,0.14656
2019,Martinique,
2019,Mauritania,4.6133
2019,Mauritius,4.525
2019,Mexico,468.2359
2019,Micronesia (Federated States of),0.1429
2019,Moldova,5.3784
2019,Mongolia,47.119
2019,Montenegro,2.4769
2019,Montserrat,0.025648
2019,Morocco,68.7435
2019,Mozambique,7.0974
2019,Myanmar,33.6169
2019,Namibia,3.7301
2019,Nauru,0.051296
2019,Nepal,12.7505
2019,Netherlands,152.7271
2019,New Caledonia,5.6729
2019,New Zealand,36.7106
2019,Nicaragua,5.2081
2019,Niger,2.5134
2019,Nigeria,127.8593
2019,Niue,0.007328
2019,North Korea,69.5122
2019,North Macedonia,7.6246
2019,Norway,42.866
2019,Occupied Palestinian Territory,3.2646
2019,Oman,72.0349
2019,Pakistan,190.8259
2019,Palau,0.21618
2019,Panama,12.4488
2019,Papua New Guinea,7.5827
2019,Paraguay,8.2684
2019,Peru,58.6683
2019,Philippines,142.6012
2019,Poland,317.4441
2019,Portugal,47.583
2019,Qatar,101.4296
2019,Republic of South Sudan,1.7697
2019,Romania,76.6904
2019,Russian Federation,1704.4586
2019,Rwanda,1.4135
2019,Réunion,
2019,Saint Helena,0.014656
2019,Saint Kitts and Nevis,0.26014
2019,Saint Lucia,0.50197
2019,Saint Pierre and Miquelon,0.065952
2019,Saint Vincent and the Grenadines,0.21984
2019,Samoa,0.26014
2019,Sao Tome and Principe,0.14656
2019,Saudi Arabia,708.3347
2019,Senegal,12.7115
2019,Serbia,44.4445
2019,Seychelles,0.5899
2019,Sierra Leone,1.1175
2019,Singapore,49
2019,Slovakia,33.8532
2019,Slovenia,14.053
2019,Solomon Islands,0.29678
2019,Somalia,1.0699
2019,South Africa,470.7274
2019,South Korea,646.1023
2019,Spain,250.6736
2019,Sri Lanka,21.1056
2019,Sudan,22.007
2019,Suriname,2.6323
2019,Swaziland,1.0992
2019,Sweden,40.7725
2019,Switzerland,36.8222
2019,Syria,33.4916
2019,Taiwan,274.704
2019,Tajikistan,8.7142
2019,Tanzania,16.1908
2019,Thailand,281.8774
2019,Timor-Leste,0.67543
2019,Togo,2.3637
2019,Tonga,0.16122
2019,Trinidad and Tobago,40.7545
2019,Tunisia,30.5786
2019,Turkey,406.5678
2019,Turkmenistan,62.2542
2019,Turks and Caicos Islands,0.36274
2019,Tuvalu,0.010992
2019,Uganda,5.7612
2019,Ukraine,222.1879
2019,United Arab Emirates,204.0581
2019,United Kingdom,364.7533
2019,United States of America,5235.9121
2019,Uruguay,6.4085
2019,Uzbekistan,107.9472
2019,Vanuatu,0.16488
2019,Venezuela,105.4305
2019,Vietnam,339.3123
2019,Wallis and Futuna Islands,0.025648
2019,Western Sahara,
2019,Yemen,11.7878
2019,Zambia,8.8463
2019,Zimbabwe,10.2668
2020,Afghanistan,11.1186
2020,Albania,4.865
2020,Algeria,171.1385
2020,Andorra,0.37739
2020,Angola,16.5493
2020,Anguilla,0.13557
2020,Antigua and Barbuda,0.61555
2020,Argentina,164.6127
2020,Armenia,6.7952
2020,Aruba,0.82074
2020,Australia,398.5469
2020,Austria,62.1798
2020,Azerbaijan,36.2372
2020,Bahamas,2.0518
2020,Bahrain,37.4293
2020,Bangladesh,95.7291
2020,Barbados,1.2555
2020,Belarus,59.1229
2020,Belgium,91.2546
2020,Belize,0.65364
2020,Benin,5.5409
2020,Bermuda,0.43602
2020,Bhutan,1.2137
2020,Bolivia,18.3202
2020,"Bonaire, Saint Eustatius and Saba",0.1319
2020,Bosnia and Herzegovina,20.8318
2020,Botswana,6.1922
2020,Brazil,447.9994
2020,British Virgin Islands,0.17954
2020,Brunei Darussalam,11.1571
2020,Bulgaria,36.571
2020,Burkina Faso,5.6181
2020,Burundi,0.73943
2020,Cambodia,20.9908
2020,Cameroon,9.7163
2020,Canada,524.2079
2020,Cape Verde,0.52029
2020,Cayman Islands,
2020,Central African Republic,0.33342
2020,Chad,2.3564
2020,Chile,80.1782
2020,China,10896.5204
2020,Colombia,92.3052
2020,Comoros,0.37006
2020,Congo,7.6773
2020,Cook Islands,0.065952
2020,Costa Rica,6.7541
2020,Croatia,16.8701
2020,Cuba,21.2808
2020,Curaçao,2.0079
2020,Cyprus,6.9032
2020,Czech Republic,91.6615
2020,Côte d'Ivoire,11.0186
2020,Democratic Republic of the Congo,4.3048
2020,Denmark,28.2997
2020,Djibouti,0.46306
2020,Dominica,0.15755
2020,Dominican Republic,26.2276
2020,Ecuador,32.4733
2020,Egypt,246.3233
2020,El Salvador,6.1349
2020,Equatorial Guinea,6.3895
2020,Eritrea,0.64091
2020,Estonia,9.1982
2020,Ethiopia,16.735
2020,Faeroe Islands,0.75845
2020,Falkland Islands (Malvinas),
2020,Fiji,1.3702
2020,Finland,37.72
2020,France,281.5155
2020,French Guiana,
2020,French Polynesia,0.83173
2020,Gabon,5.6361
2020,Gambia,0.69982
2020,Georgia,10.378
2020,Germany,647.1768
2020,Ghana,19.1641
2020,Gibraltar,
2020,Greece,55.5769
2020,Greenland,0.54951
2020,Grenada,0.28946
2020,Guadeloupe,
2020,Guatemala,17.1569
2020,Guinea,4.4302
2020,Guinea-Bissau,0.31144
2020,Guyana,3.1003
2020,Haiti,3.2654
2020,Honduras,9.9768
2020,Hong Kong,33.513
2020,Hungary,47.1053
2020,Iceland,3.3389
2020,India,2422.732
2020,Indonesia,623.304
2020,Iran,745.5958
2020,Iraq,172.098
2020,Ireland,35.0526
2020,Israel,59.2854
2020,Italy,302.6001
2020,Jamaica,6.8658
2020,Japan,1037.2846
2020,Jordan,20.6216
2020,Kazakhstan,281.7892
2020,Kenya,19.9896
2020,Kiribati,0.069616
2020,Kosovo,8.4515
2020,Kuwait,90.1026
2020,Kyrgyzstan,8.3485
2020,Laos,18.2936
2020,Latvia,6.9993
2020,Lebanon,23.694
2020,Lesotho,1.9859
2020,Liberia,0.77675
2020,Libya,36.1106
2020,Liechtenstein,0.1416
2020,Lithuania,13.4996
2020,Luxembourg,8.0691
2020,Macao,1.0332
2020,Madagascar,3.7881
2020,Malawi,1.868
2020,Malaysia,262.1588
2020,Maldives,1.6781
2020,Mali,6.3301
2020,Malta,1.6009
2020,Marshall Islands,0.14656
2020,Martinique,
2020,Mauritania,4.7815
2020,Mauritius,3.7996
2020,Mexico,428.9368
2020,Micronesia (Federated States of),0.1429
2020,Moldova,5.1131
2020,Mongolia,42.4775
2020,Montenegro,2.4036
2020,Montserrat,0.021984
2020,Morocco,64.5418
2020,Mozambique,6.3404
2020,Myanmar,34.5878
2020,Namibia,3.4404
2020,Nauru,0.05496
2020,Nepal,15.6308
2020,Netherlands,136.9742
2020,New Caledonia,5.1092
2020,New Zealand,34.109
2020,Nicaragua,4.641
2020,Niger,3.04
2020,Nigeria,124.8993
2020,Niue,0.007328
2020,North Korea,65.5767
2020,North Macedonia,6.9799
2020,Norway,41.275
2020,Occupied Palestinian Territory,3.3269
2020,Oman,71.8452
2020,Pakistan,215.5096
2020,Palau,0.20885
2020,Panama,6.5573
2020,Papua New Guinea,7.9108
2020,Paraguay,7.4438
2020,Peru,47.2367
2020,Philippines,131.4574
2020,Poland,302.1024
2020,Portugal,41.7381
2020,Qatar,101.3292
2020,Republic of South Sudan,1.7074
2020,Romania,73.9464
2020,Russian Federation,1631.9017
2020,Rwanda,1.3943
2020,Réunion,
2020,Saint Helena,0.010992
2020,Saint Kitts and Nevis,0.24182
2020,Saint Lucia,0.48731
2020,Saint Pierre and Miquelon,0.062288
2020,Saint Vincent and the Grenadines,0.23816
2020,Samoa,0.2345
2020,Sao Tome and Principe,0.1429
2020,Saudi Arabia,653.5647
2020,Senegal,10.82
2020,Serbia,45.3562
2020,Seychelles,0.59723
2020,Sierra Leone,1.1871
2020,Singapore,46.7
2020,Slovakia,31.1762
2020,Slovenia,12.873
2020,Solomon Islands,0.29312
2020,Somalia,1.1395
2020,South Africa,435.2977
2020,South Korea,597.6343
2020,Spain,211.7647
2020,Sri Lanka,20.4124
2020,Sudan,19.7999
2020,Suriname,2.9218
2020,Swaziland,0.98928
2020,Sweden,36.6222
2020,Switzerland,34.3433
2020,Syria,32.3444
2020,Taiwan,272.4642
2020,Tajikistan,9.4233
2020,Tanzania,15.9524
2020,Thailand,271.9233
2020,Timor-Leste,0.64611
2020,Togo,2.7513
2020,Tonga,0.13923
2020,Trinidad and Tobago,35.0431
2020,Tunisia,28.8448
2020,Turkey,416.328
2020,Turkmenistan,62.905
2020,Turks and Caicos Islands,0.35907
2020,Tuvalu,0.010992
2020,Uganda,5.5714
2020,Ukraine,207.1007
2020,United Arab Emirates,215.2662
2020,United Kingdom,326.2632
2020,United States of America,4689.9536
2020,Uruguay,6.4768
2020,Uzbekistan,108.1388
2020,Vanuatu,0.20518
2020,Venezuela,80.9012
2020,Vietnam,362.5989
2020,Wallis and Futuna Islands,0.029312
2020,Western Sahara,
2020,Yemen,10.757
2020,Zambia,9.9906
2020,Zimbabwe,8.4908
2021,Afghanistan,9.8688
2021,Albania,5.137
2021,Algeria,182.0358
2021,Andorra,0.41403
2021,Angola,19.2186
2021,Anguilla,0.13923
2021,Antigua and Barbuda,0.63387
2021,Argentina,190.1969
2021,Armenia,7.3507
2021,Aruba,0.86104
2021,Australia,388.4723
2021,Austria,65.7513
2021,Azerbaijan,38.2996
2021,Bahamas,2.726
2021,Bahrain,36.2651
2021,Bangladesh,98.5303
2021,Barbados,1.1901
2021,Belarus,60.8611
2021,Belgium,94.9281
2021,Belize,0.69363
2021,Benin,5.8058
2021,Bermuda,0.51662
2021,Bhutan,1.4547
2021,Bolivia,21.7666
2021,"Bonaire, Saint Eustatius and Saba",0.13923
2021,Bosnia and Herzegovina,21.2677
2021,Botswana,6.6831
2021,Brazil,496.562
2021,British Virgin Islands,0.1832
2021,Brunei Darussalam,11.7088
2021,Bulgaria,42.365
2021,Burkina Faso,6.3287
2021,Burundi,0.77168
2021,Cambodia,20.7754
2021,Cameroon,9.7335
2021,Canada,537.4787
2021,Cape Verde,0.5899
2021,Cayman Islands,
2021,Central African Republic,0.3664
2021,Chad,2.6701
2021,Chile,83.6303
2021,China,11284.4011
2021,Colombia,103.7335
2021,Comoros,0.4983
2021,Congo,7.3929
2021,Cook Islands,0.07328
2021,Costa Rica,7.6654
2021,Croatia,17.403
2021,Cuba,22.5489
2021,Curaçao,2.1398
2021,Cyprus,6.9508
2021,Czech Republic,96.6294
2021,Côte d'Ivoire,13.6658
2021,Democratic Republic of the Congo,4.2922
2021,Denmark,29.6035
2021,Djibouti,0.55762
2021,Dominica,0.16122
2021,Dominican Republic,29.3627
2021,Ecuador,38.185
2021,Egypt,266.839
2021,El Salvador,6.9767
2021,Equatorial Guinea,7.0876
2021,Eritrea,0.68164
2021,Estonia,10.3909
2021,Ethiopia,17.9056
2021,Faeroe Islands,0.7841
2021,Falkland Islands (Malvinas),
2021,Fiji,1.0883
2021,Finland,37.82
2021,France,307.2719
2021,French Guiana,
2021,French Polynesia,0.86837
2021,Gabon,5.5451
2021,Gambia,0.72547
2021,Georgia,10.7498
2021,Germany,677.9977
2021,Ghana,20.5561
2021,Gibraltar,
2021,Greece,57.5279
2021,Greenland,0.54635
2021,Grenada,0.31144
2021,Guadeloupe,
2021,Guatemala,19.9841
2021,Guinea,4.0675
2021,Guinea-Bissau,0.34075
2021,Guyana,2.9328
2021,Haiti,3.5072
2021,Honduras,11.0597
2021,Hong Kong,33.637
2021,Hungary,48.3263
2021,Iceland,3.4906
2021,India,2675.778
2021,Indonesia,632.946
2021,Iran,779.5253
2021,Iraq,193.1152
2021,Ireland,37.4737
2021,Israel,58.9501
2021,Italy,335.9304
2021,Jamaica,7.3125
2021,Japan,1058.5019
2021,Jordan,21.1901
2021,Kazakhstan,244.9037
2021,Kenya,20.5898
2021,Kiribati,0.069616
2021,Kosovo,8.8158
2021,Kuwait,87.8689
2021,Kyrgyzstan,10.3383
2021,Laos,21.8366
2021,Latvia,7.2183
2021,Lebanon,19.4744
2021,Lesotho,3.0961
2021,Liberia,0.78256
2021,Libya,56.3125
2021,Liechtenstein,0.14559
2021,Lithuania,13.7781
2021,Luxembourg,8.4095
2021,Macao,1.0296
2021,Madagascar,4.2461
2021,Malawi,1.6825
2021,Malaysia,273.3322
2021,Maldives,1.9969
2021,Mali,7.3932
2021,Malta,1.6114
2021,Marshall Islands,0.14656
2021,Martinique,
2021,Mauritania,4.4997
2021,Mauritius,3.9681
2021,Mexico,446.8376
2021,Micronesia (Federated States of),0.1429
2021,Moldova,5.76
2021,Mongolia,35.9717
2021,Montenegro,2.4109
2021,Montserrat,0.021984
2021,Morocco,70.2753
2021,Mozambique,7.722
2021,Myanmar,29.2848
2021,Namibia,3.6078
2021,Nauru,0.05496
2021,Nepal,15.4862
2021,Netherlands,139.8857
2021,New Caledonia,4.5368
2021,New Zealand,34.5965
2021,Nicaragua,5.1326
2021,Niger,2.5882
2021,Nigeria,147.7766
2021,Niue,0.007328
2021,North Korea,53.9698
2021,North Macedonia,6.5183
2021,Norway,41.058
2021,Occupied Palestinian Territory,3.6347
2021,Oman,75.0414
2021,Pakistan,243.5524
2021,Palau,0.21251
2021,Panama,10.1446
2021,Papua New Guinea,7.8731
2021,Paraguay,8.187
2021,Peru,59.9619
2021,Philippines,140.2695
2021,Poland,330.6937
2021,Portugal,40.2998
2021,Qatar,104.3857
2021,Republic of South Sudan,1.7404
2021,Romania,77.5013
2021,Russian Federation,1674.5243
2021,Rwanda,1.699
2021,Réunion,
2021,Saint Helena,0.007328
2021,Saint Kitts and Nevis,0.2345
2021,Saint Lucia,0.50563
2021,Saint Pierre and Miquelon,0.05496
2021,Saint Vincent and the Grenadines,0.2345
2021,Samoa,0.26747
2021,Sao Tome and Principe,0.1429
2021,Saudi Arabia,695.3944
2021,Senegal,12.319
2021,Serbia,43.8861
2021,Seychelles,0.61189
2021,Sierra Leone,1.4836
2021,Singapore,50.1
2021,Slovakia,35.2513
2021,Slovenia,13.0762
2021,Solomon Islands,0.28946
2021,Somalia,1.1542
2021,South Africa,439.4644
2021,South Korea,616.075
2021,Spain,228.8057
2021,Sri Lanka,20.8231
2021,Sudan,19.2082
2021,Suriname,2.647
2021,Swaziland,0.98928
2021,Sweden,38.568
2021,Switzerland,35.9024
2021,Syria,32.5085
2021,Taiwan,283.8209
2021,Tajikistan,9.3843
2021,Tanzania,17.6777
2021,Thailand,267.1418
2021,Timor-Leste,0.62017
2021,Togo,2.6202
2021,Tonga,0.13923
2021,Trinidad and Tobago,36.3888
2021,Tunisia,31.5267
2021,Turkey,457.3773
2021,Turkmenistan,91.6936
2021,Turks and Caicos Islands,0.3664
2021,Tuvalu,0.010992
2021,Uganda,6.2323
2021,Ukraine,210.6361
2021,United Arab Emirates,212.173
2021,United Kingdom,342.3656
2021,United States of America,5020.111
2021,Uruguay,7.8292
2021,Uzbekistan,123.1616
2021,Vanuatu,0.21618
2021,Venezuela,94.9025
2021,Vietnam,314.1966
2021,Wallis and Futuna Islands,0.029312
2021,Western Sahara,
2021,Yemen,10.608
2021,Zambia,9.3498
2021,Zimbabwe,10.2228
2022,Afghanistan,10.1699
2022,Albania,4.4983
2022,Algeria,192.7786
2022,Andorra,0.42341
2022,Angola,21.089
2022,Anguilla,0.1429
2022,Antigua and Barbuda,0.64183
2022,Argentina,183.7681
2022,Armenia,7.6988
2022,Aruba,0.88838
2022,Australia,384.0784
2022,Austria,61.4541
2022,Azerbaijan,41.1746
2022,Bahamas,2.962
2022,Bahrain,37.8268
2022,Bangladesh,102.1474
2022,Barbados,1.315
2022,Belarus,57.1205
2022,Belgium,88.915
2022,Belize,0.72376
2022,Benin,6.0923
2022,Bermuda,0.53073
2022,Bhutan,1.5496
2022,Bolivia,23.4882
2022,"Bonaire, Saint Eustatius and Saba",0.14656
2022,Bosnia and Herzegovina,20.7428
2022,Botswana,7.3958
2022,Brazil,480.0583
2022,British Virgin Islands,0.18576
2022,Brunei Darussalam,12.237
2022,Bulgaria,46.9318
2022,Burkina Faso,6.5422
2022,Burundi,0.87752
2022,Cambodia,20.8651
2022,Cameroon,9.7924
2022,Canada,547.6577
2022,Cape Verde,0.59765
2022,Cayman Islands,
2022,Central African Republic,0.37739
2022,Chad,2.8004
2022,Chile,85.7438
2022,China,11711.8074
2022,Colombia,89.4369
2022,Comoros,0.53167
2022,Congo,8.7275
2022,Cook Islands,0.076944
2022,Costa Rica,8.0101
2022,Croatia,17.5852
2022,Cuba,23.2585
2022,Curaçao,2.2094
2022,Cyprus,7.0708
2022,Czech Republic,95.0397
2022,Côte d'Ivoire,14.5043
2022,Democratic Republic of the Congo,5.8924
2022,Denmark,29.0943
2022,Djibouti,0.55039
2022,Dominica,0.16487
2022,Dominican Republic,31.2248
2022,Ecuador,42.0657
2022,Egypt,249.8987
2022,El Salvador,7.9127
2022,Equatorial Guinea,7.4968
2022,Eritrea,0.71828
2022,Estonia,11.9662
2022,Ethiopia,16.9597
2022,Faeroe Islands,0.72292
2022,Falkland Islands (Malvinas),
2022,Fiji,1.3887
2022,Finland,36.337
2022,France,295.3038
2022,French Guiana,
2022,French Polynesia,0.88669
2022,Gabon,5.7833
2022,Gambia,0.808
2022,Georgia,11.9999
2022,Germany,667.843
2022,Ghana,20.7452
2022,Gibraltar,
2022,Greece,57.609
2022,Greenland,0.5872
2022,Grenada,0.34239
2022,Guadeloupe,
2022,Guatemala,18.9134
2022,Guinea,4.0524
2022,Guinea-Bissau,0.34442
2022,Guyana,4.3966
2022,Haiti,2.8703
2022,Honduras,11.742
2022,Hong Kong,30.7638
2022,Hungary,45.2673
2022,Iceland,3.5977
2022,India,2831.1317
2022,Indonesia,758.0205
2022,Iran,767.1785
2022,Iraq,217.6439
2022,Ireland,36.6757
2022,Israel,62.2673
2022,Italy,340.1147
2022,Jamaica,7.9076
2022,Japan,1029.6449
2022,Jordan,22.4277
2022,Kazakhstan,274.3456
2022,Kenya,20.5444
2022,Kiribati,0.069616
2022,Kosovo,8.5694
2022,Kuwait,115.8489
2022,Kyrgyzstan,11.5129
2022,Laos,22.5488
2022,Latvia,6.608
2022,Lebanon,15.3607
2022,Lesotho,2.5513
2022,Liberia,0.86377
2022,Libya,58.974
2022,Liechtenstein,0.12834
2022,Lithuania,12.8951
2022,Luxembourg,7.2744
2022,Macao,1.0488
2022,Madagascar,4.2096
2022,Malawi,1.8014
2022,Malaysia,281.8838
2022,Maldives,2.2158
2022,Mali,7.0197
2022,Malta,1.7742
2022,Marshall Islands,0.14842
2022,Martinique,
2022,Mauritania,5.2674
2022,Mauritius,4.3167
2022,Mexico,453.7991
2022,Micronesia (Federated States of),0.14472
2022,Moldova,5.1735
2022,Mongolia,40.4432
2022,Montenegro,2.4952
2022,Montserrat,0.025648
2022,Morocco,69.7795
2022,Mozambique,9.2957
2022,Myanmar,31.6387
2022,Namibia,3.4138
2022,Nauru,0.058984
2022,Nepal,17.609
2022,Netherlands,127.5031
2022,New Caledonia,5.1156
2022,New Zealand,31.9659
2022,Nicaragua,5.1312
2022,Niger,3.2007
2022,Nigeria,131.4409
2022,Niue,0.007328
2022,North Korea,56.2895
2022,North Macedonia,7.3522
2022,Norway,40.833
2022,Occupied Palestinian Territory,4.702
2022,Oman,77.9938
2022,Pakistan,211.9697
2022,Palau,0.21724
2022,Panama,11.7073
2022,Papua New Guinea,8.436
2022,Paraguay,7.5334
2022,Peru,64.7848
2022,Philippines,150.963
2022,Poland,314.892
2022,Portugal,40.7225
2022,Qatar,109.5944
2022,Republic of South Sudan,1.6341
2022,Romania,73.186
2022,Russian Federation,1675.4608
2022,Rwanda,1.9572
2022,Réunion,
2022,Saint Helena,0.010992
2022,Saint Kitts and Nevis,0.25065
2022,Saint Lucia,0.51809
2022,Saint Pierre and Miquelon,0.053383
2022,Saint Vincent and the Grenadines,0.2467
2022,Samoa,0.23596
2022,Sao Tome and Principe,0.13557
2022,Saudi Arabia,666.9935
2022,Senegal,14.1327
2022,Serbia,44.4624
2022,Seychelles,0.62894
2022,Sierra Leone,1.4436
2022,Singapore,48.9339
2022,Slovakia,31.5895
2022,Slovenia,12.7278
2022,Solomon Islands,0.2831
2022,Somalia,1.2714
2022,South Africa,428.7822
2022,South Korea,606.8773
2022,Spain,234.2235
2022,Sri Lanka,18.377
2022,Sudan,17.5286
2022,Suriname,2.8276
2022,Swaziland,1.0282
2022,Sweden,36.3422
2022,Switzerland,32.9506
2022,Syria,31.4233
2022,Taiwan,273.9888
2022,Tajikistan,10.5209
2022,Tanzania,19.7024
2022,Thailand,272.5734
2022,Timor-Leste,0.66959
2022,Togo,2.7387
2022,Tonga,0.14656
2022,Trinidad and Tobago,37.4929
2022,Tunisia,30.7849
2022,Turkey,443.6027
2022,Turkmenistan,102.0628
2022,Turks and Caicos Islands,0.36557
2022,Tuvalu,0.010992
2022,Uganda,6.1283
2022,Ukraine,143.0399
2022,United Arab Emirates,207.1034
2022,United Kingdom,311.118
2022,United States of America,5055.4031
2022,Uruguay,7.5009
2022,Uzbekistan,119.1055
2022,Vanuatu,0.18935
2022,Venezuela,108.4235
2022,Vietnam,322.6531
2022,Wallis and Futuna Islands,0.029312
2022,Western Sahara,
2022,Yemen,10.4038
2022,Zambia,10.9389
2022,Zimbabwe,12.2318
2023,Afghanistan,10.5163
2023,Albania,4.4173
2023,Algeria,202.8466
2023,Andorra,0.4181
2023,Angola,21.6748
2023,Anguilla,0.14261
2023,Antigua and Barbuda,0.64053
2023,Argentina,178.407
2023,Armenia,7.4302
2023,Aruba,0.88658
2023,Australia,384.3161
2023,Austria,56.909
2023,Azerbaijan,42.7482
2023,Bahamas,2.9561
2023,Bahrain,38.7867
2023,Bangladesh,104.5267
2023,Barbados,1.3167
2023,Belarus,55.7361
2023,Belgium,84.7034
2023,Belize,0.76645
2023,Benin,5.9278
2023,Bermuda,0.52965
2023,Bhutan,1.6296
2023,Bolivia,24.6205
2023,"Bonaire, Saint Eustatius and Saba",0.14626
2023,Bosnia and Herzegovina,19.8813
2023,Botswana,7.2487
2023,Brazil,483.9919
2023,British Virgin Islands,0.18539
2023,Brunei Darussalam,12.5027
2023,Bulgaria,34.5009
2023,Burkina Faso,6.3084
2023,Burundi,0.90072
2023,Cambodia,21.4115
2023,Cameroon,9.6949
2023,Canada,545.4785
2023,Cape Verde,0.57149
2023,Cayman Islands,
2023,Central African Republic,0.38928
2023,Chad,2.8484
2023,Chile,77.6042
2023,China,12172.009
2023,Colombia,89.9923
2023,Comoros,0.54213
2023,Congo,8.2743
2023,Cook Islands,0.076581
2023,Costa Rica,8.4725
2023,Croatia,18.4676
2023,Cuba,23.4703
2023,Curaçao,2.2049
2023,Cyprus,7.1881
2023,Czech Republic,83.2322
2023,Côte d'Ivoire,14.0524
2023,Democratic Republic of the Congo,5.8811
2023,Denmark,28.8312
2023,Djibouti,0.55756
2023,Dominica,0.16454
2023,Dominican Republic,31.8286
2023,Ecuador,44.5996
2023,Egypt,250.2302
2023,El Salvador,8.6699
2023,Equatorial Guinea,6.9134
2023,Eritrea,0.73103
2023,Estonia,8.7443
2023,Ethiopia,17.5707
2023,Faeroe Islands,0.71366
2023,Falkland Islands (Malvinas),
2023,Fiji,1.3821
2023,Finland,31.799
2023,France,270.2627
2023,French Guiana,
2023,French Polynesia,0.8825
2023,Gabon,5.3209
2023,Gambia,0.77264
2023,Georgia,11.9222
2023,Germany,593.766
2023,Ghana,20.1356
2023,Gibraltar,
2023,Greece,51.9882
2023,Greenland,0.60895
2023,Grenada,0.36297
2023,Guadeloupe,
2023,Guatemala,19.7361
2023,Guinea,3.875
2023,Guinea-Bissau,0.32934
2023,Guyana,4.3789
2023,Haiti,2.8648
2023,Honduras,12.4044
2023,Hong Kong,32.9571
2023,Hungary,40.3439
2023,Iceland,3.5082
2023,India,3062.7564
2023,Indonesia,762.3575
2023,Iran,789.6758
2023,Iraq,227.9097
2023,Ireland,33.5679
2023,Israel,55.382
2023,Italy,312.2907
2023,Jamaica,8.0689
2023,Japan,986.9101
2023,Jordan,23.1193
2023,Kazakhstan,286.1749
2023,Kenya,21.1857
2023,Kiribati,0.069287
2023,Kosovo,8.2202
2023,Kuwait,123.1687
2023,Kyrgyzstan,11.1444
2023,Laos,24.1571
2023,Latvia,6.5899
2023,Lebanon,15.5588
2023,Lesotho,2.4936
2023,Liberia,0.834
2023,Libya,64.2191
2023,Liechtenstein,0.13122
2023,Lithuania,12.5074
2023,Luxembourg,6.8407
2023,Macao,1.0429
2023,Madagascar,4.4468
2023,Malawi,1.8526
2023,Malaysia,276.2967
2023,Maldives,2.2053
2023,Mali,6.743
2023,Malta,1.768
2023,Marshall Islands,0.14772
2023,Martinique,
2023,Mauritania,5.0369
2023,Mauritius,4.5876
2023,Mexico,458.2539
2023,Micronesia (Federated States of),0.14404
2023,Moldova,5.3293
2023,Mongolia,44.1837
2023,Montenegro,2.4068
2023,Montserrat,0.025596
2023,Morocco,68.9612
2023,Mozambique,9.0935
2023,Myanmar,31.793
2023,Namibia,3.4427
2023,Nauru,0.058705
2023,Nepal,18.3478
2023,Netherlands,117.0164
2023,New Caledonia,5.068
2023,New Zealand,31.5598
2023,Nicaragua,5.4283
2023,Niger,3.1334
2023,Nigeria,129.3761
2023,Niue,0.0072934
2023,North Korea,62.025
2023,North Macedonia,7.3384
2023,Norway,38.869
2023,Occupied Palestinian Territory,4.7554
2023,Oman,79.8106
2023,Pakistan,186.8609
2023,Palau,0.21621
2023,Panama,13.0021
2023,Papua New Guinea,8.3578
2023,Paraguay,7.6457
2023,Peru,66.0648
2023,Philippines,160.9805
2023,Poland,283.2435
2023,Portugal,37.622
2023,Qatar,119.5444
2023,Republic of South Sudan,1.6663
2023,Romania,67.866
2023,Russian Federation,1733.1346
2023,Rwanda,2.016
2023,Réunion,
2023,Saint Helena,0.01097
2023,Saint Kitts and Nevis,0.25015
2023,Saint Lucia,0.51705
2023,Saint Pierre and Miquelon,0.053275
2023,Saint Vincent and the Grenadines,0.2462
2023,Samoa,0.23484
2023,Sao Tome and Principe,0.13984
2023,Saudi Arabia,677.4419
2023,Senegal,14.0819
2023,Serbia,42.9073
2023,Seychelles,0.64131
2023,Sierra Leone,1.3804
2023,Singapore,51.0676
2023,Slovakia,30.7662
2023,Slovenia,12.0122
2023,Solomon Islands,0.28176
2023,Somalia,1.2964
2023,South Africa,436.6042
2023,South Korea,589.1785
2023,Spain,215.4608
2023,Sri Lanka,19.166
2023,Sudan,17.7155
2023,Suriname,2.8686
2023,Swaziland,1.0296
2023,Sweden,36.7086
2023,Switzerland,31.9775
2023,Syria,31.6736
2023,Taiwan,267.1268
2023,Tajikistan,10.2643
2023,Tanzania,20.3096
2023,Thailand,264.7337
2023,Timor-Leste,0.63672
2023,Togo,2.671
2023,Tonga,0.14587
2023,Trinidad and Tobago,35.5359
2023,Tunisia,31.7378
2023,Turkey,486.9446
2023,Turkmenistan,95.4208
2023,Turks and Caicos Islands,0.36483
2023,Tuvalu,0.01094
2023,Uganda,6.2359
2023,Ukraine,139.3254
2023,United Arab Emirates,210.4251
2023,United Kingdom,307.8262
2023,United States of America,4918.4067
2023,Uruguay,7.6269
2023,Uzbekistan,122.872
2023,Vanuatu,0.18846
2023,Venezuela,119.5878
2023,Vietnam,347.3988
2023,Wallis and Futuna Islands,0.029174
2023,Western Sahara,
2023,Yemen,10.1412
2023,Zambia,11.8307
2023,Zimbabwe,13.4433
2024,Afghanistan,10.826
2024,Albania,4.4444
2024,Algeria,198.2032
2024,Andorra,0.42466
2024,Angola,22.3336
2024,Anguilla,0.14809
2024,Antigua and Barbuda,0.66514
2024,Argentina,171.0593
2024,Armenia,7.4307
2024,Aruba,0.92064
2024,Australia,386.7324
2024,Austria,56.3677
2024,Azerbaijan,39.8301
2024,Bahamas,3.0697
2024,Bahrain,39.0035
2024,Bangladesh,108.3179
2024,Barbados,1.3652
2024,Belarus,55.8184
2024,Belgium,85.4562
2024,Belize,0.79603
2024,Benin,6.0663
2024,Bermuda,0.55
2024,Bhutan,1.6574
2024,Bolivia,28.7087
2024,"Bonaire, Saint Eustatius and Saba",0.15188
2024,Bosnia and Herzegovina,19.4259
2024,Botswana,7.4616
2024,Brazil,483.0116
2024,British Virgin Islands,0.19251
2024,Brunei Darussalam,12.0525
2024,Bulgaria,31.6218
2024,Burkina Faso,6.5077
2024,Burundi,0.91666
2024,Cambodia,21.8827
2024,Cameroon,9.6316
2024,Canada,533.3401
2024,Cape Verde,0.59379
2024,Cayman Islands,
2024,Central African Republic,0.39468
2024,Chad,2.8314
2024,Chile,78.7255
2024,China,12289.0368
2024,Colombia,92.6594
2024,Comoros,0.55165
2024,Congo,8.8398
2024,Cook Islands,0.080083
2024,Costa Rica,8.7605
2024,Croatia,18.4648
2024,Cuba,24.4402
2024,Curaçao,2.2896
2024,Cyprus,7.2993
2024,Czech Republic,75.623
2024,Côte d'Ivoire,14.8286
2024,Democratic Republic of the Congo,5.9045
2024,Denmark,28.3692
2024,Djibouti,0.56408
2024,Dominica,0.17086
2024,Dominican Republic,33.1308
2024,Ecuador,45.9795
2024,Egypt,258.3679
2024,El Salvador,8.9723
2024,Equatorial Guinea,7.0104
2024,Eritrea,0.74265
2024,Estonia,8.3068
2024,Ethiopia,17.8373
2024,Faeroe Islands,0.72539
2024,Falkland Islands (Malvinas),
2024,Fiji,1.4453
2024,Finland,29.775
2024,France,264.1556
2024,French Guiana,
2024,French Polynesia,0.92287
2024,Gabon,5.3988
2024,Gambia,0.80277
2024,Georgia,11.7843
2024,Germany,572.3192
2024,Ghana,21.0219
2024,Gibraltar,
2024,Greece,53.3608
2024,Greenland,0.61896
2024,Grenada,0.37697
2024,Guadeloupe,
2024,Guatemala,19.8804
2024,Guinea,4.0262
2024,Guinea-Bissau,0.34219
2024,Guyana,4.5103
2024,Haiti,2.9707
2024,Honduras,12.8548
2024,Hong Kong,33.3239
2024,Hungary,40.0173
2024,Iceland,3.803
2024,India,3193.478
2024,Indonesia,812.2202
2024,Iran,792.6312
2024,Iraq,233.6355
2024,Ireland,33.3106
2024,Israel,52.6371
2024,Italy,301.9297
2024,Jamaica,8.4018
2024,Japan,961.8673
2024,Jordan,23.2191
2024,Kazakhstan,287.006
2024,Kenya,21.2254
2024,Kiribati,0.072456
2024,Kosovo,8.0499
2024,Kuwait,129.5187
2024,Kyrgyzstan,11.7702
2024,Laos,24.3999
2024,Latvia,6.4619
2024,Lebanon,15.65
2024,Lesotho,2.5718
2024,Liberia,0.85937
2024,Libya,65.2601
2024,Liechtenstein,0.13162
2024,Lithuania,12.5415
2024,Luxembourg,7.0398
2024,Macao,1.0563
2024,Madagascar,4.5284
2024,Malawi,1.8815
2024,Malaysia,290.2239
2024,Maldives,2.3062
2024,Mali,6.9788
2024,Malta,1.7288
2024,Marshall Islands,0.15448
2024,Martinique,
2024,Mauritania,5.2387
2024,Mauritius,4.6736
2024,Mexico,460.9876
2024,Micronesia (Federated States of),0.15063
2024,Moldova,5.3268
2024,Mongolia,44.6939
2024,Montenegro,2.3763
2024,Montserrat,0.026579
2024,Morocco,69.0623
2024,Mozambique,8.6126
2024,Myanmar,31.6034
2024,Namibia,3.4691
2024,Nauru,0.06139
2024,Nepal,18.7761
2024,Netherlands,114.7847
2024,New Caledonia,5.2866
2024,New Zealand,32.4794
2024,Nicaragua,5.6303
2024,Niger,3.17
2024,Nigeria,135.824
2024,Niue,0.007627
2024,North Korea,62.5503
2024,North Macedonia,6.6196
2024,Norway,37.183
2024,Occupied Palestinian Territory,4.78
2024,Oman,82.662
2024,Pakistan,179.8004
2024,Palau,0.2261
2024,Panama,12.6644
2024,Papua New Guinea,8.3454
2024,Paraguay,7.9367
2024,Peru,70.2467
2024,Philippines,174.878
2024,Poland,272.8618
2024,Portugal,35.5389
2024,Qatar,125.8123
2024,Republic of South Sudan,1.6956
2024,Romania,68.5514
2024,Russian Federation,1780.5244
2024,Rwanda,2.0335
2024,Réunion,
2024,Saint Helena,0.011391
2024,Saint Kitts and Nevis,0.25976
2024,Saint Lucia,0.53691
2024,Saint Pierre and Miquelon,0.055322
2024,Saint Vincent and the Grenadines,0.25566
2024,Samoa,0.24559
2024,Sao Tome and Principe,0.14178
2024,Saudi Arabia,692.1335
2024,Senegal,14.0918
2024,Serbia,42.0194
2024,Seychelles,0.65257
2024,Sierra Leone,1.4343
2024,Singapore,53.9195
2024,Slovakia,29.091
2024,Slovenia,12.7512
2024,Solomon Islands,0.29465
2024,Somalia,1.3192
2024,South Africa,439.8305
2024,South Korea,583.6792
2024,Spain,220.3413
2024,Sri Lanka,20.8255
2024,Sudan,17.7948
2024,Suriname,2.9878
2024,Swaziland,1.0446
2024,Sweden,38.0967
2024,Switzerland,32.0717
2024,Syria,31.7784
2024,Taiwan,262.3448
2024,Tajikistan,10.7398
2024,Tanzania,20.0184
2024,Thailand,267.7602
2024,Timor-Leste,0.66811
2024,Togo,2.7536
2024,Tonga,0.15254
2024,Trinidad and Tobago,34.5763
2024,Tunisia,32.6637
2024,Turkey,513.0346
2024,Turkmenistan,81.0056
2024,Turks and Caicos Islands,0.37884
2024,Tuvalu,0.01144
2024,Uganda,6.3338
2024,Ukraine,142.4979
2024,United Arab Emirates,221.9881
2024,United Kingdom,312.9056
2024,United States of America,4904.1197
2024,Uruguay,7.9733
2024,Uzbekistan,139.2342
2024,Vanuatu,0.19708
2024,Venezuela,116.0424
2024,Vietnam,370.9314
2024,Wallis and Futuna Islands,0.030508
2024,Western Sahara,
2024,Yemen,10.1231
2024,Zambia,12.0433
2024,Zimbabwe,13.7012
